IQ-TREE multicore version 2.0.7 for Linux 64-bit built Nov 30 2024
Developed by Bui Quang Minh, Nguyen Lam Tung, Olga Chernomor,
Heiko Schmidt, Dominik Schrempf, Michael Woodhams.

Host:    IngridLohana (AVX512, FMA3, 3 GB RAM)
Command: iqtree2 -s /home/ingridlohana/bioinformatica/resultados_pipeline/alinhamento_mafft.fasta -m JTT -bb 1000 -mem 2G -pre /home/ingridlohana/bioinformatica/resultados_pipeline/arvore_iqtree
Seed:    660915 (Using SPRNG - Scalable Parallel Random Number Generator)
Time:    Wed Aug 26 16:26:34 2026
Kernel:  AVX+FMA - 1 threads (4 CPU cores detected)

HINT: Use -nt option to specify number of threads because your CPU has 4 cores!
HINT: -nt AUTO will automatically determine the best number of threads to use.

Reading alignment file /home/ingridlohana/bioinformatica/resultados_pipeline/alinhamento_mafft.fasta ... Fasta format detected
Alignment most likely contains protein sequences
Alignment has 5897 sequences with 12457 columns, 11863 distinct patterns
8761 parsimony-informative, 2164 singleton sites, 1532 constant sites
                Gap/Ambiguity  Composition  p-value
   1  NP_414542.1      99.83%    failed      0.00%
   2  NP_414543.1      93.42%    failed      0.00%
   3  NP_414544.1      97.51%    failed      0.00%
   4  NP_414545.1      96.56%    failed      0.00%
   5  NP_414546.1      99.21%    failed      0.02%
   6  NP_414547.1      97.93%    failed      0.00%
   7  NP_414548.1      96.18%    failed      0.00%
   8  NP_414549.1      97.46%    failed      0.00%
   9  NP_414550.1      98.43%    failed      0.01%
  10  NP_414551.1      98.49%    failed      0.00%
  11  NP_414552.1      98.10%    failed      0.00%
  12  NP_414554.1      98.92%    failed      0.09%
  13  NP_414555.1      94.88%    failed      0.00%
  14  NP_414556.1      96.98%    failed      0.00%
  15  NP_414557.1      97.03%    failed      0.00%
  16  NP_414559.1      99.45%    failed      0.80%
  17  NP_414560.1      96.89%    failed      0.00%
  18  NP_414561.1      97.58%    failed      0.17%
  19  NP_414562.1      98.66%    failed      3.04%
  20  NP_414563.1      99.27%    passed      6.49%
  21  NP_414564.1      99.30%    failed      0.00%
  22  NP_414565.1      99.42%    failed      3.29%
  23  NP_414566.1      97.49%    failed      0.00%
  24  NP_414567.1      92.47%    failed      0.00%
  25  NP_414568.1      98.68%    failed      0.00%
  26  NP_414569.1      98.80%    failed      0.10%
  27  NP_414570.1      97.46%    failed      0.00%
  28  NP_414571.1      97.56%    failed      0.00%
  29  NP_414572.1      97.81%    failed      0.00%
  30  NP_414573.1      96.93%    failed      0.00%
  31  NP_414574.1      91.39%    failed      0.00%
  32  NP_414576.4      98.95%    failed      1.77%
  33  NP_414577.2      98.43%    failed      0.03%
  34  NP_414578.2      97.90%    failed      0.00%
  35  NP_414579.4      95.85%    failed      0.07%
  36  NP_414580.1      96.75%    failed      0.00%
  37  NP_414581.1      96.95%    failed      0.00%
  38  NP_414582.1      95.95%    failed      0.00%
  39  NP_414583.2      97.94%    failed      0.00%
  40  NP_414584.1      97.49%    failed      0.00%
  41  NP_414585.1      96.56%    failed      0.00%
  42  NP_414586.1      99.24%    passed     14.57%
  43  NP_414587.1      96.44%    failed      0.00%
  44  NP_414588.1      98.59%    failed      0.81%
  45  NP_414589.1      95.02%    failed      0.00%
  46  NP_414590.1      98.72%    passed     36.34%
  47  NP_414591.1      97.75%    failed      0.00%
  48  NP_414592.1      99.00%    failed      0.35%
  49  NP_414593.1      97.81%    failed      0.02%
  50  NP_414594.1      97.36%    failed      0.00%
  51  NP_414595.1      96.56%    failed      0.00%
  52  NP_414596.1      93.71%    failed      0.00%
  53  NP_414597.1      97.82%    failed      0.00%
  54  NP_414600.1      98.24%    failed      0.28%
  55  NP_414601.1      92.23%    failed      0.00%
  56  NP_414602.1      93.71%    failed      0.00%
  57  NP_414603.1      98.15%    failed      1.31%
  58  NP_414604.1      95.99%    failed      0.00%
  59  NP_414605.1      95.46%    failed      0.00%
  60  NP_414606.1      97.66%    failed      0.19%
  61  NP_414607.1      97.96%    failed      0.00%
  62  NP_414608.1      98.14%    failed      0.00%
  63  NP_414609.1      95.70%    failed      0.00%
  64  NP_414610.1      97.37%    failed      0.00%
  65  NP_414611.1      95.58%    failed      0.00%
  66  NP_414613.1      98.39%    failed      0.26%
  67  NP_414614.1      96.26%    failed      0.00%
  68  NP_414615.4      97.09%    failed      0.00%
  69  NP_414616.1      95.80%    failed      0.00%
  70  NP_414617.1      99.78%    passed     11.39%
  71  NP_414618.4      97.48%    failed      0.00%
  72  NP_414620.1      98.69%    failed      0.00%
  73  NP_414622.1      97.32%    failed      0.00%
  74  NP_414623.1      98.78%    failed      0.03%
  75  NP_414624.1      97.49%    failed      0.00%
  76  NP_414625.1      99.03%    failed      0.41%
  77  NP_414626.1      95.28%    failed      0.00%
  78  NP_414627.1      96.03%    failed      0.00%
  79  NP_414628.1      96.37%    failed      0.00%
  80  NP_414629.1      97.11%    failed      0.00%
  81  NP_414630.1      96.48%    failed      0.00%
  82  NP_414631.1      96.68%    failed      0.00%
  83  NP_414632.1      97.15%    failed      0.00%
  84  NP_414633.1      96.06%    failed      0.00%
  85  NP_414634.1      97.54%    failed      0.00%
  86  NP_414635.1      97.78%    failed      0.00%
  87  NP_414636.1      96.63%    failed      0.00%
  88  NP_414637.1      96.93%    failed      0.00%
  89  NP_414638.1      97.55%    failed      0.00%
  90  NP_414639.2      98.64%    failed      0.00%
  91  NP_414640.1      92.77%    failed      0.00%
  92  NP_414641.1      98.96%    failed      0.19%
  93  NP_414643.1      99.48%    passed     13.53%
  94  NP_414644.1      98.02%    failed      0.00%
  95  NP_414645.1      98.35%    failed      0.00%
  96  NP_414646.1      97.21%    failed      0.00%
  97  NP_414648.1      96.79%    failed      0.00%
  98  NP_414649.1      96.30%    failed      0.00%
  99  NP_414650.1      98.83%    failed      3.53%
 100  NP_414651.1      97.62%    failed      0.00%
 101  NP_414652.1      98.53%    failed      2.18%
 102  NP_414653.1      97.72%    failed      0.00%
 103  NP_414654.1      96.33%    failed      0.00%
 104  NP_414655.1      97.96%    failed      0.00%
 105  NP_414656.1      92.88%    failed      0.00%
 106  NP_414657.1      94.94%    failed      0.00%
 107  NP_414658.1      96.19%    failed      0.00%
 108  NP_414659.1      95.05%    failed      0.00%
 109  NP_414660.1      93.06%    failed      0.00%
 110  NP_414661.2      99.04%    failed      0.01%
 111  NP_414662.1      97.88%    failed      0.41%
 112  NP_414663.1      97.69%    failed      2.33%
 113  NP_414664.4      99.08%    failed      2.47%
 114  NP_414665.1      95.86%    failed      0.00%
 115  NP_414666.1      93.61%    failed      0.00%
 116  NP_414667.4      98.57%    failed      0.00%
 117  NP_414668.1      98.23%    failed      0.73%
 118  NP_414669.1      97.53%    failed      0.00%
 119  NP_414670.1      97.94%    failed      0.00%
 120  NP_414671.1      98.83%    passed     23.02%
 121  NP_414672.1      96.72%    failed      0.00%
 122  NP_414673.1      98.99%    failed      1.32%
 123  NP_414674.1      97.59%    failed      0.00%
 124  NP_414675.1      97.73%    failed      0.00%
 125  NP_414676.1      97.88%    failed      0.00%
 126  NP_414677.1      96.69%    failed      0.00%
 127  NP_414678.1      98.41%    failed      0.00%
 128  NP_414679.1      98.39%    failed      0.00%
 129  NP_414680.4      98.48%    failed      0.00%
 130  NP_414681.1      93.06%    failed      0.00%
 131  NP_414682.1      98.03%    failed      0.01%
 132  NP_414683.1      98.44%    failed      0.00%
 133  NP_414684.1      98.72%    failed      0.74%
 134  NP_414685.4      96.27%    failed      0.00%
 135  NP_414686.3      97.53%    failed      0.00%
 136  NP_414687.1      98.79%    failed      0.00%
 137  NP_414688.1      98.12%    failed      0.14%
 138  NP_414689.4      98.59%    failed      0.00%
 139  NP_414690.4      93.51%    failed      0.00%
 140  NP_414691.1      93.22%    failed      0.00%
 141  NP_414692.1      94.00%    failed      0.00%
 142  NP_414693.1      97.87%    failed      0.00%
 143  NP_414694.1      97.62%    failed      0.00%
 144  NP_414695.1      94.70%    failed      0.00%
 145  NP_414696.1      96.58%    failed      0.00%
 146  NP_414697.1      96.20%    failed      0.00%
 147  NP_414698.1      99.08%    failed      1.29%
 148  NP_414699.1      98.34%    failed      0.00%
 149  NP_414700.1      97.86%    failed      0.00%
 150  NP_414701.1      98.14%    failed      0.00%
 151  NP_414702.1      95.95%    failed      0.00%
 152  NP_414703.1      96.19%    failed      0.00%
 153  NP_414704.4      96.91%    failed      0.00%
 154  NP_414705.1      98.97%    failed      0.02%
 155  NP_414706.2      97.83%    failed      0.00%
 156  NP_414708.1      97.80%    failed      0.00%
 157  NP_414709.1      92.86%    failed      0.00%
 158  NP_414710.1      97.88%    failed      0.00%
 159  NP_414711.1      98.07%    failed      0.01%
 160  NP_414712.1      97.73%    failed      0.00%
 161  NP_414713.1      98.07%    failed      0.00%
 162  NP_414714.1      98.51%    failed      0.00%
 163  NP_414715.1      96.81%    failed      0.00%
 164  NP_414716.1      97.97%    failed      0.02%
 165  NP_414717.2      97.71%    failed      0.00%
 166  NP_414718.1      96.39%    failed      0.00%
 167  NP_414719.1      93.50%    failed      0.00%
 168  NP_414720.1      98.71%    failed      0.00%
 169  NP_414721.1      97.26%    failed      0.00%
 170  NP_414722.1      98.79%    failed      0.06%
 171  NP_414723.1      97.90%    failed      0.00%
 172  NP_414724.1      96.93%    failed      0.00%
 173  NP_414725.1      98.41%    failed      0.00%
 174  NP_414726.1      90.69%    failed      0.00%
 175  NP_414727.1      97.44%    failed      0.00%
 176  NP_414728.1      94.28%    failed      0.00%
 177  NP_414729.4      98.96%    passed     29.48%
 178  NP_414730.1      96.53%    failed      0.00%
 179  NP_414731.2      99.33%    passed     11.22%
 180  NP_414732.1      98.55%    failed      0.00%
 181  NP_414733.1      98.88%    failed      0.00%
 182  NP_414734.1      98.11%    failed      0.01%
 183  NP_414735.4      97.80%    failed      0.00%
 184  NP_414736.1      95.41%    failed      0.00%
 185  NP_414737.1      98.11%    failed      0.01%
 186  NP_414738.1      98.92%    failed      0.04%
 187  NP_414739.1      97.82%    failed      0.00%
 188  NP_414740.1      98.26%    failed      0.00%
 189  NP_414741.1      97.25%    failed      0.00%
 190  NP_414742.1      98.47%    failed      3.67%
 191  NP_414743.1      97.86%    failed      0.00%
 192  NP_414744.1      97.56%    failed      0.00%
 193  NP_414745.1      97.86%    failed      0.00%
 194  NP_414746.1      98.34%    failed      0.03%
 195  NP_414747.1      96.37%    failed      0.00%
 196  NP_414748.1      97.99%    failed      4.38%
 197  NP_414749.2      98.07%    failed      0.01%
 198  NP_414750.1      98.76%    passed     20.39%
 199  NP_414751.1      98.05%    failed      0.02%
 200  NP_414752.1      97.90%    failed      0.00%
 201  NP_414754.1      97.94%    failed      0.02%
 202  NP_414755.1      98.74%    failed      0.14%
 203  NP_414756.2      93.47%    failed      0.00%
 204  NP_414757.1      98.46%    failed      0.00%
 205  NP_414758.1      97.95%    passed     10.24%
 206  NP_414759.1      98.03%    failed      0.13%
 207  NP_414760.1      99.26%    passed      8.96%
 208  NP_414761.1      99.31%    failed      0.17%
 209  NP_414762.1      98.00%    failed      0.05%
 210  NP_414763.1      98.68%    passed     36.93%
 211  NP_414766.1      97.18%    failed      0.00%
 212  NP_414767.1      99.22%    failed      1.22%
 213  NP_414768.1      98.94%    failed      4.91%
 214  NP_414769.1      98.80%    passed     19.06%
 215  NP_414772.1      96.11%    failed      0.00%
 216  NP_414773.1      98.78%    failed      0.95%
 217  NP_414774.1      96.68%    failed      0.02%
 218  NP_414776.1      97.18%    failed      0.00%
 219  NP_414777.1      97.05%    failed      0.00%
 220  NP_414778.1      96.65%    failed      0.00%
 221  NP_414779.1      99.09%    passed     10.54%
 222  NP_414780.1      99.16%    passed     17.79%
 223  NP_414781.1      98.73%    failed      0.00%
 224  NP_414782.1      98.78%    passed     21.91%
 225  NP_414783.1      99.37%    failed      1.64%
 226  NP_414784.1      98.76%    failed      0.69%
 227  NP_414785.4      98.82%    failed      0.38%
 228  NP_414786.4      97.81%    failed      0.00%
 229  NP_414787.4      97.70%    failed      0.00%
 230  NP_414788.1      97.62%    failed      0.00%
 231  NP_414790.1      96.93%    failed      0.00%
 232  NP_414793.2      97.38%    failed      0.03%
 233  NP_414794.4      96.25%    failed      0.00%
 234  NP_414795.1      97.51%    failed      0.00%
 235  NP_414796.2      97.21%    failed      0.00%
 236  NP_414798.1      98.66%    passed      6.04%
 237  NP_414799.1      99.27%    passed      8.13%
 238  NP_414801.1      96.92%    failed      0.00%
 239  NP_414802.2      97.58%    failed      0.00%
 240  NP_414803.1      94.74%    failed      0.00%
 241  NP_414804.1      96.31%    failed      0.00%
 242  NP_414805.1      95.70%    failed      0.00%
 243  NP_414806.1      97.98%    failed      0.00%
 244  NP_414807.1      97.32%    failed      0.00%
 245  NP_414808.1      98.66%    passed      6.04%
 246  NP_414809.1      99.27%    passed      8.13%
 247  NP_414811.1      98.33%    failed      1.99%
 248  NP_414812.1      98.14%    failed      0.00%
 249  NP_414813.1      97.72%    failed      0.00%
 250  NP_414814.1      98.83%    failed      0.00%
 251  NP_414815.1      96.26%    failed      0.00%
 252  NP_414817.1      97.45%    failed      0.00%
 253  NP_414818.1      94.12%    failed      0.00%
 254  NP_414819.1      97.45%    failed      0.00%
 255  NP_414820.1      98.16%    failed      0.01%
 256  NP_414821.1      98.36%    failed      0.02%
 257  NP_414822.1      99.12%    failed      1.70%
 258  NP_414823.2      98.11%    failed      0.04%
 259  NP_414824.1      95.61%    failed      0.00%
 260  NP_414825.1      93.25%    failed      0.00%
 261  NP_414826.1      98.22%    failed      0.00%
 262  NP_414827.1      98.43%    failed      0.00%
 263  NP_414828.1      98.43%    failed      0.01%
 264  NP_414829.1      99.40%    failed      3.86%
 265  NP_414830.1      99.30%    failed      2.51%
 266  NP_414832.2      99.21%    failed      0.00%
 267  NP_414833.1      97.69%    failed      0.12%
 268  NP_414835.2      98.42%    failed      0.01%
 269  NP_414837.2      99.37%    failed      0.03%
 270  NP_414838.2      96.46%    failed      0.00%
 271  NP_414839.1      97.72%    failed      0.00%
 272  NP_414840.1      98.08%    failed      0.03%
 273  NP_414841.1      96.19%    failed      0.00%
 274  NP_414842.4      98.15%    failed      0.00%
 275  NP_414844.1      98.22%    failed      0.09%
 276  NP_414845.1      95.54%    failed      0.00%
 277  NP_414846.1      96.07%    failed      0.00%
 278  NP_414847.3      98.43%    failed      0.00%
 279  NP_414848.1      94.57%    failed      0.00%
 280  NP_414849.1      97.09%    failed      0.04%
 281  NP_414850.1      97.51%    failed      0.00%
 282  NP_414851.1      98.68%    failed      0.00%
 283  NP_414852.1      98.39%    failed      0.00%
 284  NP_414853.1      97.70%    failed      0.01%
 285  NP_414854.1      95.87%    failed      0.00%
 286  NP_414855.1      96.21%    failed      0.00%
 287  NP_414857.1      97.46%    failed      0.00%
 288  NP_414858.1      96.31%    failed      0.00%
 289  NP_414859.1      97.20%    failed      0.00%
 290  NP_414860.1      97.82%    failed      0.00%
 291  NP_414861.2      99.35%    failed      0.85%
 292  NP_414862.1      98.21%    failed      0.00%
 293  NP_414863.1      99.27%    failed      0.01%
 294  NP_414864.1      95.76%    failed      0.00%
 295  NP_414865.1      97.62%    failed      0.00%
 296  NP_414867.1      96.88%    failed      0.00%
 297  NP_414868.1      96.12%    failed      0.00%
 298  NP_414869.1      94.96%    failed      0.00%
 299  NP_414870.1      96.64%    failed      0.00%
 300  NP_414871.1      96.57%    failed      0.00%
 301  NP_414872.3      97.60%    failed      0.00%
 302  NP_414873.1      98.24%    failed      0.00%
 303  NP_414874.1      98.75%    failed      0.00%
 304  NP_414875.1      96.92%    failed      0.00%
 305  NP_414876.1      98.37%    failed      0.03%
 306  NP_414877.1      96.65%    failed      0.00%
 307  NP_414878.1      91.78%    failed      0.00%
 308  NP_414879.3      97.11%    failed      0.00%
 309  NP_414880.2      97.78%    failed      0.00%
 310  NP_414881.1      95.55%    failed      0.00%
 311  NP_414882.1      97.48%    failed      0.00%
 312  NP_414883.5      97.69%    failed      0.00%
 313  NP_414884.2      97.84%    failed      0.00%
 314  NP_414885.1      97.46%    failed      0.00%
 315  NP_414886.1      97.29%    failed      0.00%
 316  NP_414887.2      96.76%    failed      0.00%
 317  NP_414888.4      98.56%    failed      0.00%
 318  NP_414889.1      97.78%    failed      3.45%
 319  NP_414890.1      97.04%    failed      0.00%
 320  NP_414891.4      99.27%    failed      1.09%
 321  NP_414892.1      97.94%    failed      0.00%
 322  NP_414894.2      99.03%    failed      0.02%
 323  NP_414895.1      97.58%    failed      0.00%
 324  NP_414897.1      96.81%    failed      0.00%
 325  NP_414898.4      98.51%    failed      1.48%
 326  NP_414899.2      97.43%    failed      0.00%
 327  NP_414900.1      97.95%    failed      0.00%
 328  NP_414901.1      97.79%    failed      0.00%
 329  NP_414902.1      97.73%    failed      0.03%
 330  NP_414903.4      97.40%    failed      0.00%
 331  NP_414906.1      97.69%    failed      0.12%
 332  NP_414907.2      99.21%    failed      0.00%
 333  NP_414909.2      98.34%    failed      0.13%
 334  NP_414910.1      96.91%    failed      0.00%
 335  NP_414911.1      96.74%    failed      0.00%
 336  NP_414912.1      97.08%    failed      0.00%
 337  NP_414913.1      99.18%    failed      1.41%
 338  NP_414914.2      99.44%    passed     19.19%
 339  NP_414915.1      97.08%    failed      0.00%
 340  NP_414916.1      99.31%    failed      0.07%
 341  NP_414917.2      96.22%    failed      0.00%
 342  NP_414918.4      99.15%    failed      0.01%
 343  NP_414919.1      97.02%    failed      0.00%
 344  NP_414920.1      97.84%    failed      0.00%
 345  NP_414921.2      98.78%    failed      0.00%
 346  NP_414922.1      98.60%    failed      0.01%
 347  NP_414923.1      99.49%    failed      1.61%
 348  NP_414924.1      98.19%    failed      0.00%
 349  NP_414925.1      99.25%    failed      0.52%
 350  NP_414927.1      97.57%    failed      0.00%
 351  NP_414928.2      97.58%    failed      0.00%
 352  NP_414930.3      96.84%    failed      0.00%
 353  NP_414931.1      91.59%    failed      0.00%
 354  NP_414932.1      96.79%    failed      0.00%
 355  NP_414933.1      98.16%    failed      0.00%
 356  NP_414934.1      96.54%    failed      0.00%
 357  NP_414935.1      96.48%    failed      0.00%
 358  NP_414936.1      96.33%    failed      0.00%
 359  NP_414937.2      95.15%    failed      0.00%
 360  NP_414938.1      98.45%    failed      0.01%
 361  NP_414939.1      97.14%    failed      0.00%
 362  NP_414940.1      96.99%    failed      0.00%
 363  NP_414941.1      99.12%    failed      1.16%
 364  NP_414942.1      95.06%    failed      0.00%
 365  NP_414943.1      97.41%    failed      0.00%
 366  NP_414944.1      99.08%    passed     45.86%
 367  NP_414945.1      97.64%    failed      0.00%
 368  NP_414946.4      98.56%    failed      0.00%
 369  NP_414947.1      98.80%    failed      0.01%
 370  NP_414948.1      97.05%    failed      0.00%
 371  NP_414949.1      98.75%    failed      0.00%
 372  NP_414950.1      98.88%    failed      0.00%
 373  NP_414951.1      97.39%    failed      0.00%
 374  NP_414952.1      98.62%    failed      0.01%
 375  NP_414953.2      97.40%    failed      0.00%
 376  NP_414954.1      95.02%    failed      0.00%
 377  NP_414955.1      97.60%    failed      0.00%
 378  NP_414956.1      99.36%    failed      0.02%
 379  NP_414957.1      96.13%    failed      0.00%
 380  NP_414958.4      98.43%    failed      0.00%
 381  NP_414959.1      97.57%    failed      0.00%
 382  NP_414960.2      98.69%    failed      0.00%
 383  NP_414961.4      96.36%    failed      0.00%
 384  NP_414962.1      97.62%    failed      0.00%
 385  NP_414963.1      99.12%    failed      0.01%
 386  NP_414964.1      98.36%    failed      0.00%
 387  NP_414965.1      94.68%    failed      0.00%
 388  NP_414966.1      97.47%    failed      0.01%
 389  NP_414967.1      96.06%    failed      0.00%
 390  NP_414968.4      98.46%    failed      0.01%
 391  NP_414969.4      99.16%    passed      8.70%
 392  NP_414970.1      96.53%    failed      0.00%
 393  NP_414971.1      98.34%    failed      2.57%
 394  NP_414972.1      96.60%    failed      0.00%
 395  NP_414973.1      93.71%    failed      0.00%
 396  NP_414974.1      99.28%    failed      0.00%
 397  NP_414975.1      95.00%    failed      0.00%
 398  NP_414976.1      99.01%    failed      0.00%
 399  NP_414977.1      98.94%    failed      1.87%
 400  NP_414978.1      98.15%    failed      0.04%
 401  NP_414979.1      95.46%    failed      0.00%
 402  NP_414980.2      97.82%    failed      0.00%
 403  NP_414981.4      98.78%    failed      0.83%
 404  NP_414982.1      95.26%    failed      0.00%
 405  NP_414983.1      95.24%    failed      0.00%
 406  NP_414984.1      99.10%    failed      0.02%
 407  NP_414985.1      96.56%    failed      0.00%
 408  NP_414986.1      97.70%    failed      0.01%
 409  NP_414987.3      98.47%    failed      0.00%
 410  NP_414988.1      98.96%    failed      4.33%
 411  NP_414989.1      99.06%    failed      0.01%
 412  NP_414990.2      95.86%    failed      0.00%
 413  NP_414991.4      98.75%    failed      0.68%
 414  NP_414992.1      98.53%    failed      0.72%
 415  NP_414993.1      99.42%    passed     17.88%
 416  NP_414994.1      99.00%    failed      4.80%
 417  NP_414995.1      91.58%    failed      0.00%
 418  NP_414996.1      96.81%    failed      0.00%
 419  NP_414997.1      98.27%    failed      0.01%
 420  NP_414998.1      91.01%    failed      0.00%
 421  NP_414999.1      99.57%    failed      0.46%
 422  NP_415000.1      98.60%    failed      0.00%
 423  NP_415001.1      99.00%    failed      0.00%
 424  NP_415002.1      98.53%    failed      0.00%
 425  NP_415003.1      94.84%    failed      0.00%
 426  NP_415004.1      99.12%    failed      0.32%
 427  NP_415005.1      98.39%    failed      0.06%
 428  NP_415006.1      94.99%    failed      0.00%
 429  NP_415007.1      98.28%    failed      0.00%
 430  NP_415008.1      97.43%    failed      0.00%
 431  NP_415009.1      97.44%    failed      0.00%
 432  NP_415010.1      96.52%    failed      0.02%
 433  NP_415011.1      95.52%    failed      0.00%
 434  NP_415012.1      96.74%    failed      0.00%
 435  NP_415013.1      95.58%    failed      0.00%
 436  NP_415014.1      98.72%    failed      0.00%
 437  NP_415015.1      97.88%    failed      0.00%
 438  NP_415016.4      99.09%    failed      0.01%
 439  NP_415017.1      93.30%    failed      0.00%
 440  NP_415018.1      97.51%    failed      0.00%
 441  NP_415019.1      96.55%    failed      0.00%
 442  NP_415020.1      98.92%    passed      9.20%
 443  NP_415021.2      98.78%    failed      0.00%
 444  NP_415022.1      97.55%    failed      0.00%
 445  NP_415023.1      98.19%    failed      0.06%
 446  NP_415024.4      97.92%    failed      0.00%
 447  NP_415025.4      97.72%    failed      0.00%
 448  NP_415026.1      97.84%    failed      0.04%
 449  NP_415027.1      98.33%    failed      0.00%
 450  NP_415028.1      98.17%    failed      0.00%
 451  NP_415029.1      93.55%    failed      0.00%
 452  NP_415030.1      88.55%    failed      0.00%
 453  NP_415031.1      99.02%    failed      1.49%
 454  NP_415036.1      97.08%    failed      0.00%
 455  NP_415037.1      97.53%    failed      0.00%
 456  NP_415038.1      98.72%    passed      6.05%
 457  NP_415039.1      97.82%    failed      0.00%
 458  NP_415040.1      95.24%    failed      0.00%
 459  NP_415041.1      97.93%    failed      0.86%
 460  NP_415042.1      97.66%    failed      0.00%
 461  NP_415044.4      96.11%    failed      0.00%
 462  NP_415045.1      96.36%    failed      0.00%
 463  NP_415046.4      96.52%    failed      0.00%
 464  NP_415047.1      96.94%    failed      0.00%
 465  NP_415048.1      97.90%    failed      0.00%
 466  NP_415049.1      96.70%    failed      0.04%
 467  NP_415050.1      97.20%    failed      0.00%
 468  NP_415051.1      95.54%    failed      0.00%
 469  NP_415053.1      97.82%    failed      0.00%
 470  NP_415054.1      97.62%    failed      0.00%
 471  NP_415055.1      97.15%    failed      0.00%
 472  NP_415056.1      98.64%    failed      0.00%
 473  NP_415057.1      98.07%    failed      0.01%
 474  NP_415058.1      98.68%    failed      0.48%
 475  NP_415059.1      96.30%    failed      0.00%
 476  NP_415060.1      98.61%    failed      0.00%
 477  NP_415061.2      99.44%    failed      2.45%
 478  NP_415062.1      97.69%    failed      0.00%
 479  NP_415063.4      98.56%    failed      0.00%
 480  NP_415064.1      98.15%    failed      0.00%
 481  NP_415065.1      93.04%    failed      0.00%
 482  NP_415066.2      97.37%    failed      0.00%
 483  NP_415067.1      98.63%    failed      0.00%
 484  NP_415068.1      98.31%    failed      0.00%
 485  NP_415069.1      96.89%    failed      0.00%
 486  NP_415072.2      99.21%    failed      0.00%
 487  NP_415073.1      97.69%    failed      0.12%
 488  NP_415075.1      99.12%    failed      0.00%
 489  NP_415076.1      95.92%    failed      0.00%
 490  NP_415077.1      98.53%    failed      0.00%
 491  NP_415078.1      97.87%    failed      0.01%
 492  NP_415079.1      98.79%    passed     65.01%
 493  NP_415080.1      99.55%    passed      8.53%
 494  NP_415081.1      99.23%    failed      4.98%
 495  NP_415082.1      99.04%    passed     16.18%
 496  NP_415083.1      98.98%    passed     11.29%
 497  NP_415084.2      97.38%    failed      0.03%
 498  NP_415086.1      99.43%    failed      2.11%
 499  NP_415087.1      98.68%    failed      0.21%
 500  NP_415088.1      98.77%    failed      0.00%
 501  NP_415089.1      99.22%    failed      0.06%
 502  NP_415090.2      98.91%    failed      0.79%
 503  NP_415091.1      99.45%    failed      3.99%
 504  NP_415092.1      98.55%    failed      0.00%
 505  NP_415096.1      98.00%    failed      0.00%
 506  NP_415097.1      97.46%    failed      0.00%
 507  NP_415098.1      97.97%    failed      0.00%
 508  NP_415099.1      97.62%    failed      0.00%
 509  NP_415100.1      92.05%    failed      0.00%
 510  NP_415101.1      94.02%    failed      0.00%
 511  NP_415102.1      96.15%    failed      0.00%
 512  NP_415103.1      98.18%    failed      0.00%
 513  NP_415104.1      96.33%    failed      0.00%
 514  NP_415105.1      99.12%    passed      5.92%
 515  NP_415106.1      96.73%    failed      0.00%
 516  NP_415107.1      91.60%    failed      0.00%
 517  NP_415108.1      96.32%    failed      0.00%
 518  NP_415109.1      96.67%    failed      0.00%
 519  NP_415110.1      98.26%    failed      0.00%
 520  NP_415111.1      99.02%    passed      5.28%
 521  NP_415112.1      99.34%    failed      0.00%
 522  NP_415113.1      97.01%    failed      0.76%
 523  NP_415114.1      97.03%    failed      0.00%
 524  NP_415115.2      98.35%    failed      0.78%
 525  NP_415116.1      94.01%    failed      0.00%
 526  NP_415117.2      96.79%    failed      0.00%
 527  NP_415118.1      89.62%    failed      0.00%
 528  NP_415119.1      96.97%    failed      0.00%
 529  NP_415120.1      97.82%    failed      0.00%
 530  NP_415121.1      97.35%    failed      0.00%
 531  NP_415122.1      97.32%    failed      0.00%
 532  NP_415123.1      96.66%    failed      0.00%
 533  NP_415124.1      97.45%    failed      0.00%
 534  NP_415125.1      96.86%    failed      0.00%
 535  NP_415126.1      95.70%    failed      0.00%
 536  NP_415127.1      97.71%    failed      0.01%
 537  NP_415128.1      98.01%    failed      0.00%
 538  NP_415129.1      98.90%    failed      0.33%
 539  NP_415130.1      94.37%    failed      0.00%
 540  NP_415132.1      97.09%    failed      0.00%
 541  NP_415133.1      96.90%    failed      0.00%
 542  NP_415134.1      98.32%    failed      3.35%
 543  NP_415135.1      96.74%    passed     30.98%
 544  NP_415136.1      97.59%    failed      0.00%
 545  NP_415137.2      98.01%    failed      0.00%
 546  NP_415138.1      98.50%    failed      0.57%
 547  NP_415139.2      95.82%    failed      0.00%
 548  NP_415140.1      98.86%    failed      0.01%
 549  NP_415141.1      96.69%    failed      0.00%
 550  NP_415143.1      98.91%    failed      0.12%
 551  NP_415144.1      97.85%    failed      0.01%
 552  NP_415145.1      96.09%    failed      0.00%
 553  NP_415146.1      97.66%    failed      0.00%
 554  NP_415147.1      98.53%    failed      0.00%
 555  NP_415148.1      95.91%    failed      0.00%
 556  NP_415149.4      97.58%    failed      0.00%
 557  NP_415150.1      99.21%    failed      0.59%
 558  NP_415151.4      97.17%    failed      0.01%
 559  NP_415152.1      95.57%    failed      0.00%
 560  NP_415153.1      98.19%    failed      0.04%
 561  NP_415154.1      96.30%    failed      0.00%
 562  NP_415155.1      98.51%    passed     10.02%
 563  NP_415156.1      99.45%    failed      3.36%
 564  NP_415157.1      98.98%    failed      0.00%
 565  NP_415160.1      99.46%    failed      0.00%
 566  NP_415161.1      97.42%    failed      0.02%
 567  NP_415162.4      97.46%    failed      0.00%
 568  NP_415163.2      98.29%    failed      0.89%
 569  NP_415164.1      99.30%    passed      6.15%
 570  NP_415165.1      96.76%    failed      0.00%
 571  NP_415166.1      97.09%    failed      0.00%
 572  NP_415167.1      97.03%    failed      0.00%
 573  NP_415168.1      94.92%    failed      0.00%
 574  NP_415169.1      98.76%    failed      0.54%
 575  NP_415170.4      99.16%    failed      0.45%
 576  NP_415171.1      98.37%    failed      0.25%
 577  NP_415172.1      98.29%    failed      0.00%
 578  NP_415173.1      97.25%    failed      0.00%
 579  NP_415174.1      98.45%    failed      0.01%
 580  NP_415175.1      93.10%    failed      0.00%
 581  NP_415176.1      98.72%    failed      0.01%
 582  NP_415177.4      97.39%    failed      0.00%
 583  NP_415178.1      98.11%    failed      0.05%
 584  NP_415179.1      96.19%    failed      0.00%
 585  NP_415180.1      98.52%    failed      0.07%
 586  NP_415181.1      98.11%    failed      1.01%
 587  NP_415182.1      96.12%    failed      0.00%
 588  NP_415183.1      95.54%    failed      0.00%
 589  NP_415184.1      97.50%    failed      0.00%
 590  NP_415185.1      98.07%    failed      0.00%
 591  NP_415186.1      98.20%    failed      0.00%
 592  NP_415187.1      98.03%    failed      0.00%
 593  NP_415188.1      97.58%    failed      0.00%
 594  NP_415189.2      97.38%    failed      0.03%
 595  NP_415190.1      95.89%    failed      0.00%
 596  NP_415191.1      97.66%    failed      0.00%
 597  NP_415192.1      98.76%    failed      0.00%
 598  NP_415193.2      97.22%    failed      0.00%
 599  NP_415194.1      96.19%    failed      0.00%
 600  NP_415195.1      96.86%    failed      0.00%
 601  NP_415200.1      95.55%    failed      0.00%
 602  NP_415201.1      97.99%    failed      0.04%
 603  NP_415202.1      96.74%    failed      0.00%
 604  NP_415203.1      96.93%    failed      0.00%
 605  NP_415204.1      97.86%    failed      3.07%
 606  NP_415205.1      94.80%    failed      0.00%
 607  NP_415206.1      95.55%    failed      0.00%
 608  NP_415207.1      96.24%    failed      0.00%
 609  NP_415208.1      99.13%    failed      0.19%
 610  NP_415209.1      98.81%    failed      0.47%
 611  NP_415210.1      98.59%    failed      0.00%
 612  NP_415211.2      99.22%    failed      0.00%
 613  NP_415212.1      97.96%    failed      0.00%
 614  NP_415213.1      98.55%    failed      0.93%
 615  NP_415214.1      95.62%    failed      0.00%
 616  NP_415215.1      98.68%    passed     24.35%
 617  NP_415219.1      96.48%    failed      0.00%
 618  NP_415220.1      94.12%    failed      0.00%
 619  NP_415222.1      98.19%    failed      0.00%
 620  NP_415223.1      92.82%    failed      0.00%
 621  NP_415224.1      98.47%    failed      0.00%
 622  NP_415225.1      94.53%    failed      0.00%
 623  NP_415226.1      95.53%    failed      0.00%
 624  NP_415228.1      99.45%    passed     18.10%
 625  NP_415229.1      88.79%    failed      0.00%
 626  NP_415230.1      99.13%    failed      0.00%
 627  NP_415232.1      98.48%    passed     11.72%
 628  NP_415234.1      97.97%    failed      0.00%
 629  NP_415235.1      98.64%    failed      0.00%
 630  NP_415236.1      96.21%    failed      0.00%
 631  NP_415237.1      96.04%    failed      0.00%
 632  NP_415238.1      98.02%    failed      0.00%
 633  NP_415239.1      98.25%    failed      0.00%
 634  NP_415240.1      97.51%    failed      0.00%
 635  NP_415241.1      98.04%    failed      0.00%
 636  NP_415242.1      97.89%    failed      0.00%
 637  NP_415243.4      97.21%    failed      0.00%
 638  NP_415244.4      97.17%    failed      0.02%
 639  NP_415245.1      98.06%    failed      0.03%
 640  NP_415246.2      93.46%    failed      0.00%
 641  NP_415247.1      98.49%    failed      0.00%
 642  NP_415248.1      96.57%    failed      0.03%
 643  NP_415249.1      98.96%    failed      0.03%
 644  NP_415250.1      99.08%    failed      0.00%
 645  NP_415251.1      95.28%    failed      0.00%
 646  NP_415252.1      98.09%    failed      0.29%
 647  NP_415254.1      92.51%    failed      0.00%
 648  NP_415255.1      96.75%    failed      0.00%
 649  NP_415256.1      96.89%    failed      0.00%
 650  NP_415257.1      97.68%    failed      0.00%
 651  NP_415258.1      98.07%    failed      0.00%
 652  NP_415259.1      94.72%    failed      0.00%
 653  NP_415260.1      92.96%    failed      0.00%
 654  NP_415261.2      95.81%    failed      0.00%
 655  NP_415262.1      96.96%    failed      0.00%
 656  NP_415263.1      99.22%    failed      0.24%
 657  NP_415264.1      98.92%    failed      0.64%
 658  NP_415265.1      98.15%    failed      0.00%
 659  NP_415266.1      98.86%    failed      0.00%
 660  NP_415267.1      96.62%    failed      0.00%
 661  NP_415268.1      96.55%    failed      0.00%
 662  NP_415269.1      98.61%    failed      0.03%
 663  NP_415270.1      97.89%    failed      0.00%
 664  NP_415271.1      97.21%    failed      0.00%
 665  NP_415272.1      98.08%    failed      0.00%
 666  NP_415273.1      97.49%    failed      0.00%
 667  NP_415274.1      98.99%    failed      0.00%
 668  NP_415275.1      97.19%    failed      0.00%
 669  NP_415276.1      97.99%    failed      0.00%
 670  NP_415277.1      97.22%    failed      0.00%
 671  NP_415278.1      96.93%    failed      0.00%
 672  NP_415279.1      97.21%    failed      0.04%
 673  NP_415280.3      97.29%    failed      0.03%
 674  NP_415281.1      96.07%    failed      0.00%
 675  NP_415282.1      97.90%    failed      0.00%
 676  NP_415283.1      99.61%    failed      3.14%
 677  NP_415284.1      97.94%    failed      0.00%
 678  NP_415285.1      98.16%    failed      0.00%
 679  NP_415286.1      97.17%    failed      0.00%
 680  NP_415287.1      97.82%    failed      0.07%
 681  NP_415288.1      97.34%    failed      0.00%
 682  NP_415289.4      97.46%    failed      0.00%
 683  NP_415290.1      97.19%    failed      0.00%
 684  NP_415291.1      96.17%    failed      0.00%
 685  NP_415292.2      93.96%    failed      0.00%
 686  NP_415293.1      96.57%    failed      0.00%
 687  NP_415294.1      98.73%    failed      0.07%
 688  NP_415295.1      96.56%    failed      0.00%
 689  NP_415296.1      97.22%    failed      0.00%
 690  NP_415297.1      96.92%    failed      0.00%
 691  NP_415298.1      97.99%    failed      0.00%
 692  NP_415299.1      98.19%    failed      0.00%
 693  NP_415300.1      94.60%    failed      0.00%
 694  NP_415301.1      97.58%    failed      0.00%
 695  NP_415302.1      97.36%    failed      0.00%
 696  NP_415303.1      98.64%    failed      1.41%
 697  NP_415304.1      98.71%    failed      0.01%
 698  NP_415305.1      99.35%    failed      0.18%
 699  NP_415306.1      98.80%    failed      0.43%
 700  NP_415307.1      98.12%    failed      0.00%
 701  NP_415308.1      98.10%    failed      0.00%
 702  NP_415309.1      97.45%    failed      0.00%
 703  NP_415310.1      96.68%    failed      0.00%
 704  NP_415311.1      97.97%    failed      0.13%
 705  NP_415312.1      98.91%    failed      0.00%
 706  NP_415313.1      97.05%    failed      0.00%
 707  NP_415314.1      96.97%    failed      0.00%
 708  NP_415315.4      95.36%    failed      0.00%
 709  NP_415316.1      97.33%    failed      0.00%
 710  NP_415317.4      98.21%    failed      0.00%
 711  NP_415318.1      96.36%    failed      0.00%
 712  NP_415319.1      98.72%    passed      9.51%
 713  NP_415320.1      94.25%    failed      0.00%
 714  NP_415321.1      97.43%    failed      0.00%
 715  NP_415322.1      97.10%    failed      0.00%
 716  NP_415323.1      99.31%    failed      0.00%
 717  NP_415324.1      99.29%    failed      2.36%
 718  NP_415325.4      98.19%    failed      0.15%
 719  NP_415326.1      93.90%    failed      0.00%
 720  NP_415327.2      99.31%    failed      0.36%
 721  NP_415328.4      97.53%    failed      0.01%
 722  NP_415329.4      94.05%    failed      0.00%
 723  NP_415330.1      98.07%    failed      0.00%
 724  NP_415331.1      98.24%    failed      0.00%
 725  NP_415332.1      98.01%    failed      0.00%
 726  NP_415333.1      98.66%    failed      0.01%
 727  NP_415334.1      97.63%    failed      0.00%
 728  NP_415335.1      98.63%    failed      0.00%
 729  NP_415336.1      95.77%    failed      0.00%
 730  NP_415338.1      98.76%    failed      0.00%
 731  NP_415339.1      97.01%    failed      0.00%
 732  NP_415340.1      97.54%    failed      0.00%
 733  NP_415341.1      95.75%    failed      0.00%
 734  NP_415342.1      96.62%    failed      0.01%
 735  NP_415343.1      97.82%    failed      0.03%
 736  NP_415344.1      93.50%    failed      0.00%
 737  NP_415345.2      97.60%    failed      0.00%
 738  NP_415346.4      98.23%    failed      0.00%
 739  NP_415347.1      98.00%    failed      0.00%
 740  NP_415348.1      96.70%    failed      0.00%
 741  NP_415349.1      97.42%    failed      0.00%
 742  NP_415350.2      95.00%    failed      0.00%
 743  NP_415351.1      95.89%    failed      0.00%
 744  NP_415352.1      97.54%    failed      0.00%
 745  NP_415353.1      97.57%    failed      0.00%
 746  NP_415354.1      93.72%    failed      0.00%
 747  NP_415355.1      96.45%    failed      0.00%
 748  NP_415356.1      96.46%    failed      0.00%
 749  NP_415357.1      98.98%    failed      0.01%
 750  NP_415358.1      97.02%    failed      0.00%
 751  NP_415359.4      98.33%    failed      0.09%
 752  NP_415360.1      96.79%    failed      0.00%
 753  NP_415361.1      97.98%    failed      1.55%
 754  NP_415362.1      98.41%    failed      0.00%
 755  NP_415363.1      96.71%    failed      0.00%
 756  NP_415364.1      99.25%    failed      0.00%
 757  NP_415365.4      97.82%    failed      0.00%
 758  NP_415366.1      96.77%    failed      0.00%
 759  NP_415367.1      98.57%    failed      1.67%
 760  NP_415368.1      95.50%    failed      0.00%
 761  NP_415369.1      99.00%    failed      0.00%
 762  NP_415370.1      99.32%    passed     35.22%
 763  NP_415371.1      99.24%    failed      0.01%
 764  NP_415372.1      98.07%    failed      0.01%
 765  NP_415373.1      97.59%    failed      0.00%
 766  NP_415374.1      98.73%    failed      0.03%
 767  NP_415375.1      97.03%    failed      0.00%
 768  NP_415376.4      96.97%    failed      0.00%
 769  NP_415377.1      97.46%    failed      0.00%
 770  NP_415378.1      97.74%    failed      0.00%
 771  NP_415379.1      98.70%    failed      0.00%
 772  NP_415380.1      96.99%    failed      0.00%
 773  NP_415381.1      98.05%    failed      0.01%
 774  NP_415382.1      98.22%    failed      0.00%
 775  NP_415383.1      98.09%    failed      0.00%
 776  NP_415384.1      98.05%    failed      0.00%
 777  NP_415385.1      98.06%    failed      0.04%
 778  NP_415386.1      98.63%    failed      0.21%
 779  NP_415387.1      99.14%    failed      0.07%
 780  NP_415388.1      97.78%    failed      0.00%
 781  NP_415389.2      97.29%    failed      0.41%
 782  NP_415390.4      96.18%    failed      0.00%
 783  NP_415391.1      97.33%    failed      0.00%
 784  NP_415392.1      95.41%    failed      0.00%
 785  NP_415393.1      97.42%    failed      0.00%
 786  NP_415394.4      95.58%    failed      0.00%
 787  NP_415395.2      97.60%    failed      0.00%
 788  NP_415396.1      98.15%    failed      0.00%
 789  NP_415397.1      95.57%    failed      0.00%
 790  NP_415398.1      97.35%    failed      0.00%
 791  NP_415399.4      97.02%    failed      0.00%
 792  NP_415400.1      94.80%    failed      0.00%
 793  NP_415401.1      99.41%    passed     13.40%
 794  NP_415402.1      99.15%    passed      8.17%
 795  NP_415403.1      93.92%    failed      0.00%
 796  NP_415404.1      99.42%    passed     26.69%
 797  NP_415405.1      98.12%    failed      0.10%
 798  NP_415406.1      95.40%    failed      0.00%
 799  NP_415407.1      95.28%    failed      0.00%
 800  NP_415408.1      97.42%    failed      0.00%
 801  NP_415409.1      98.68%    failed      0.00%
 802  NP_415410.1      89.33%    failed      0.00%
 803  NP_415411.2      98.37%    failed      0.00%
 804  NP_415412.1      96.41%    failed      0.00%
 805  NP_415413.1      96.55%    failed      0.00%
 806  NP_415414.4      93.47%    failed      0.00%
 807  NP_415415.1      98.35%    failed      3.75%
 808  NP_415416.1      97.70%    failed      0.00%
 809  NP_415417.1      98.33%    failed      0.16%
 810  NP_415418.1      96.93%    failed      0.00%
 811  NP_415419.2      96.18%    failed      0.00%
 812  NP_415420.1      97.58%    failed      0.22%
 813  NP_415421.1      98.43%    passed     17.15%
 814  NP_415422.1      98.03%    failed      0.13%
 815  NP_415423.1      93.90%    failed      0.00%
 816  NP_415424.1      97.71%    failed      0.00%
 817  NP_415425.4      95.30%    failed      0.00%
 818  NP_415426.1      98.15%    failed      0.00%
 819  NP_415427.1      97.09%    failed      0.00%
 820  NP_415428.1      96.57%    failed      0.00%
 821  NP_415429.2      97.96%    failed      0.00%
 822  NP_415430.1      98.18%    failed      0.00%
 823  NP_415431.1      95.53%    failed      0.00%
 824  NP_415432.1      99.25%    passed     15.65%
 825  NP_415433.4      93.95%    failed      0.00%
 826  NP_415434.1      95.33%    failed      0.00%
 827  NP_415435.1      97.37%    failed      0.00%
 828  NP_415436.1      96.71%    failed      0.00%
 829  NP_415437.1      99.52%    passed     28.13%
 830  NP_415438.1      98.01%    failed      0.00%
 831  NP_415439.1      97.62%    failed      0.00%
 832  NP_415440.1      97.92%    failed      0.00%
 833  NP_415441.1      97.90%    failed      0.31%
 834  NP_415442.1      96.47%    failed      0.00%
 835  NP_415443.2      98.12%    failed      0.00%
 836  NP_415444.1      88.07%    failed      0.00%
 837  NP_415445.1      95.06%    failed      0.00%
 838  NP_415446.1      98.54%    failed      0.02%
 839  NP_415447.1      98.27%    failed      0.03%
 840  NP_415448.1      96.82%    failed      0.00%
 841  NP_415449.1      97.09%    failed      0.00%
 842  NP_415450.1      96.26%    failed      0.00%
 843  NP_415451.1      96.79%    failed      0.00%
 844  NP_415452.1      93.02%    failed      0.00%
 845  NP_415453.1      97.95%    failed      0.00%
 846  NP_415454.4      97.89%    failed      0.00%
 847  NP_415455.1      96.94%    failed      0.00%
 848  NP_415456.4      97.44%    failed      0.00%
 849  NP_415457.1      98.47%    failed      0.00%
 850  NP_415458.2      98.56%    failed      0.00%
 851  NP_415459.1      98.13%    failed      0.00%
 852  NP_415460.1      93.05%    failed      0.00%
 853  NP_415461.1      97.14%    failed      0.00%
 854  NP_415462.1      98.56%    failed      0.00%
 855  NP_415463.2      98.63%    failed      0.06%
 856  NP_415464.4      98.11%    failed      0.00%
 857  NP_415465.1      97.30%    failed      0.00%
 858  NP_415466.4      98.56%    failed      2.87%
 859  NP_415467.1      97.04%    failed      0.00%
 860  NP_415468.1      94.36%    failed      0.00%
 861  NP_415469.1      94.90%    failed      0.00%
 862  NP_415470.1      96.65%    failed      0.00%
 863  NP_415471.1      95.62%    failed      0.00%
 864  NP_415472.2      98.50%    failed      0.00%
 865  NP_415473.1      99.56%    failed      2.71%
 866  NP_415474.1      98.62%    failed      0.00%
 867  NP_415475.1      95.30%    failed      0.00%
 868  NP_415476.1      98.80%    failed      0.01%
 869  NP_415477.1      97.22%    failed      0.00%
 870  NP_415478.1      98.64%    failed      0.00%
 871  NP_415479.1      98.32%    failed      0.00%
 872  NP_415480.2      94.24%    failed      0.00%
 873  NP_415481.1      98.81%    failed      0.00%
 874  NP_415482.1      94.51%    failed      0.00%
 875  NP_415483.2      98.78%    failed      2.88%
 876  NP_415484.1      98.23%    failed      0.00%
 877  NP_415485.4      98.90%    failed      0.15%
 878  NP_415486.4      99.16%    failed      1.49%
 879  NP_415487.4      96.82%    failed      0.00%
 880  NP_415488.1      99.26%    passed      8.18%
 881  NP_415489.4      99.12%    failed      4.98%
 882  NP_415490.1      98.24%    failed      0.00%
 883  NP_415491.1      97.01%    failed      0.05%
 884  NP_415492.1      95.21%    failed      0.00%
 885  NP_415493.1      98.11%    failed      0.05%
 886  NP_415494.1      98.43%    failed      0.00%
 887  NP_415495.1      98.94%    failed      2.80%
 888  NP_415496.1      97.71%    failed      0.00%
 889  NP_415497.1      95.87%    failed      0.00%
 890  NP_415498.1      96.97%    failed      0.00%
 891  NP_415500.1      96.53%    failed      0.00%
 892  NP_415501.1      94.17%    failed      0.00%
 893  NP_415502.4      98.81%    failed      1.65%
 894  NP_415503.1      96.96%    failed      0.00%
 895  NP_415504.1      94.40%    failed      0.00%
 896  NP_415505.1      98.01%    failed      0.00%
 897  NP_415506.1      98.28%    failed      0.08%
 898  NP_415507.2      99.19%    failed      0.00%
 899  NP_415508.1      98.66%    passed      5.85%
 900  NP_415509.1      99.44%    passed     32.30%
 901  NP_415510.1      99.44%    passed     30.93%
 902  NP_415511.1      99.39%    passed      8.17%
 903  NP_415512.1      97.13%    failed      0.00%
 904  NP_415513.2      92.66%    failed      0.00%
 905  NP_415514.1      97.25%    failed      0.00%
 906  NP_415515.1      98.15%    failed      0.00%
 907  NP_415516.1      96.87%    failed      0.04%
 908  NP_415517.1      93.19%    failed      0.00%
 909  NP_415518.1      98.40%    failed      0.00%
 910  NP_415519.1      99.19%    failed      0.46%
 911  NP_415520.1      97.54%    failed      0.03%
 912  NP_415521.1      96.64%    failed      0.00%
 913  NP_415522.1      96.68%    failed      0.00%
 914  NP_415523.1      99.40%    failed      1.40%
 915  NP_415524.1      98.41%    failed      0.00%
 916  NP_415525.2      99.54%    failed      0.00%
 917  NP_415526.4      96.45%    failed      0.00%
 918  NP_415527.4      98.68%    failed      1.91%
 919  NP_415528.1      98.43%    failed      0.00%
 920  NP_415529.1      97.86%    failed      0.00%
 921  NP_415530.1      98.97%    failed      0.51%
 922  NP_415531.2      98.15%    failed      0.07%
 923  NP_415532.3      96.93%    failed      0.00%
 924  NP_415533.1      98.30%    failed      0.00%
 925  NP_415534.1      89.40%    failed      0.00%
 926  NP_415535.1      95.97%    failed      0.00%
 927  NP_415537.1      96.99%    failed      0.00%
 928  NP_415538.1      96.60%    failed      0.00%
 929  NP_415539.1      97.16%    failed      0.00%
 930  NP_415540.1      98.90%    failed      0.03%
 931  NP_415541.1      96.46%    failed      0.00%
 932  NP_415542.1      94.61%    failed      0.00%
 933  NP_415543.1      93.52%    failed      0.00%
 934  NP_415544.1      96.37%    failed      0.00%
 935  NP_415545.1      97.69%    failed      0.12%
 936  NP_415546.2      99.21%    failed      0.00%
 937  NP_415548.1      97.37%    failed      0.00%
 938  NP_415551.2      97.50%    failed      0.01%
 939  NP_415552.1      98.03%    failed      0.02%
 940  NP_415553.1      98.52%    failed      0.00%
 941  NP_415554.4      98.69%    failed      0.00%
 942  NP_415555.1      97.78%    failed      0.00%
 943  NP_415556.1      98.89%    failed      0.01%
 944  NP_415557.1      98.96%    passed     10.78%
 945  NP_415558.1      98.27%    failed      0.00%
 946  NP_415559.1      98.79%    failed      0.00%
 947  NP_415560.1      98.79%    failed      0.00%
 948  NP_415561.1      99.12%    failed      0.00%
 949  NP_415562.1      99.17%    passed      6.80%
 950  NP_415563.1      98.58%    failed      0.00%
 951  NP_415564.2      96.20%    failed      0.00%
 952  NP_415565.1      96.91%    failed      0.00%
 953  NP_415566.1      95.90%    failed      0.00%
 954  NP_415567.1      93.20%    failed      0.00%
 955  NP_415568.1      99.40%    passed      6.51%
 956  NP_415569.4      99.00%    failed      0.00%
 957  NP_415571.1      96.72%    failed      0.00%
 958  NP_415572.1      97.54%    failed      0.01%
 959  NP_415573.1      97.19%    failed      0.22%
 960  NP_415574.1      98.47%    failed      0.00%
 961  NP_415575.1      98.49%    failed      0.00%
 962  NP_415576.1      99.63%    failed      0.00%
 963  NP_415577.1      97.01%    failed      0.00%
 964  NP_415578.3      99.33%    passed     65.68%
 965  NP_415579.1      99.35%    passed     10.43%
 966  NP_415580.1      97.21%    failed      0.00%
 967  NP_415581.1      98.51%    failed      0.01%
 968  NP_415582.1      98.27%    failed      0.00%
 969  NP_415583.4      96.77%    failed      0.00%
 970  NP_415584.1      98.44%    passed     29.99%
 971  NP_415585.1      98.27%    failed      0.00%
 972  NP_415586.1      97.54%    failed      0.00%
 973  NP_415587.1      95.90%    failed      0.00%
 974  NP_415588.1      98.89%    failed      0.00%
 975  NP_415589.1      99.22%    failed      0.04%
 976  NP_415590.1      98.24%    failed      0.00%
 977  NP_415591.1      98.89%    failed      0.00%
 978  NP_415592.1      98.92%    failed      0.00%
 979  NP_415593.1      98.15%    failed      0.00%
 980  NP_415594.1      96.77%    failed      0.00%
 981  NP_415595.1      97.99%    failed      0.00%
 982  NP_415596.1      97.91%    failed      0.00%
 983  NP_415597.1      98.14%    failed      0.00%
 984  NP_415598.3      97.07%    failed      0.00%
 985  NP_415599.1      97.49%    failed      0.00%
 986  NP_415600.1      95.61%    failed      0.00%
 987  NP_415601.1      97.46%    failed      0.00%
 988  NP_415602.1      91.48%    failed      0.00%
 989  NP_415603.2      99.15%    passed     10.32%
 990  NP_415604.1      97.44%    failed      0.00%
 991  NP_415605.2      98.44%    failed      0.01%
 992  NP_415606.1      98.61%    failed      0.00%
 993  NP_415607.1      99.54%    passed     10.84%
 994  NP_415608.2      97.14%    failed      0.00%
 995  NP_415609.1      97.46%    failed      0.00%
 996  NP_415610.1      97.52%    failed      0.00%
 997  NP_415611.1      98.04%    failed      0.00%
 998  NP_415612.1      99.37%    failed      0.02%
 999  NP_415613.1      96.68%    failed      0.00%
1000  NP_415614.1      97.84%    failed      0.00%
1001  NP_415615.1      97.27%    failed      0.00%
1002  NP_415616.1      98.29%    failed      0.00%
1003  NP_415617.1      97.32%    failed      0.00%
1004  NP_415618.1      97.87%    failed      0.00%
1005  NP_415619.1      96.17%    failed      0.00%
1006  NP_415620.1      94.15%    failed      0.00%
1007  NP_415621.3      99.04%    failed      0.62%
1008  NP_415622.1      99.00%    failed      0.14%
1009  NP_415623.1      98.29%    failed      0.00%
1010  NP_415624.1      97.80%    failed      0.00%
1011  NP_415625.1      97.26%    failed      0.00%
1012  NP_415626.4      98.56%    passed     12.27%
1013  NP_415627.1      96.52%    failed      0.00%
1014  NP_415628.1      98.56%    failed      0.00%
1015  NP_415629.4      98.31%    failed      0.10%
1016  NP_415630.1      99.32%    failed      0.38%
1017  NP_415631.1      97.43%    failed      0.00%
1018  NP_415632.1      90.78%    failed      0.00%
1019  NP_415633.1      97.13%    failed      0.00%
1020  NP_415634.1      96.80%    failed      0.00%
1021  NP_415635.4      98.13%    failed      0.00%
1022  NP_415636.1      96.68%    failed      0.00%
1023  NP_415637.1      97.57%    failed      0.00%
1024  NP_415638.3      97.76%    failed      0.00%
1025  NP_415639.1      97.90%    failed      0.00%
1026  NP_415640.2      98.77%    failed      0.03%
1027  NP_415641.1      97.21%    failed      0.00%
1028  NP_415642.1      97.88%    failed      0.00%
1029  NP_415643.3      97.79%    failed      0.00%
1030  NP_415644.1      96.97%    failed      0.00%
1031  NP_415645.1      96.72%    failed      0.00%
1032  NP_415646.4      97.01%    failed      0.00%
1033  NP_415647.1      96.10%    failed      0.00%
1034  NP_415648.1      98.21%    failed      0.00%
1035  NP_415649.1      96.34%    failed      0.00%
1036  NP_415650.1      98.29%    failed      0.00%
1037  NP_415651.4      97.05%    failed      0.00%
1038  NP_415652.1      98.77%    passed     23.70%
1039  NP_415653.4      98.26%    failed      0.01%
1040  NP_415654.1      96.66%    failed      0.00%
1041  NP_415655.1      98.23%    failed      0.00%
1042  NP_415656.1      98.12%    failed      0.00%
1043  NP_415657.1      97.62%    failed      0.00%
1044  NP_415658.1      96.99%    failed      0.00%
1045  NP_415659.1      99.35%    passed     10.23%
1046  NP_415661.2      99.09%    passed     28.21%
1047  NP_415662.2      99.18%    failed      2.84%
1048  NP_415663.1      98.20%    failed      1.42%
1049  NP_415664.2      99.47%    passed      8.05%
1050  NP_415665.2      98.51%    failed      0.03%
1051  NP_415666.1      99.10%    failed      3.04%
1052  NP_415668.1      99.52%    failed      0.01%
1053  NP_415671.1      98.44%    failed      0.10%
1054  NP_415672.1      98.32%    failed      0.00%
1055  NP_415673.1      98.90%    passed     36.64%
1056  NP_415674.1      98.39%    failed      0.00%
1057  NP_415676.1      98.52%    failed      0.00%
1058  NP_415677.1      97.78%    failed      0.01%
1059  NP_415678.1      99.14%    failed      0.00%
1060  NP_415679.1      98.92%    passed     20.54%
1061  NP_415680.1      98.05%    failed      0.02%
1062  NP_415681.1      96.76%    failed      0.00%
1063  NP_415682.1      99.37%    failed      3.65%
1064  NP_415683.1      99.28%    failed      1.71%
1065  NP_415684.1      99.29%    failed      0.10%
1066  NP_415685.1      99.34%    failed      4.85%
1067  NP_415686.2      95.93%    failed      0.00%
1068  NP_415689.2      99.12%    failed      0.83%
1069  NP_415690.5      99.08%    failed      0.00%
1070  NP_415692.1      99.29%    failed      0.95%
1071  NP_415693.1      97.83%    failed      0.00%
1072  NP_415694.1      98.15%    failed      0.00%
1073  NP_415695.1      99.02%    passed     14.29%
1074  NP_415696.1      98.93%    failed      0.07%
1075  NP_415697.5      99.13%    failed      0.17%
1076  NP_415698.1      98.24%    failed      0.12%
1077  NP_415699.5      98.77%    passed     35.05%
1078  NP_415700.4      97.57%    failed      0.00%
1079  NP_415701.1      98.88%    failed      0.06%
1080  NP_415702.1      96.61%    failed      0.00%
1081  NP_415703.3      98.59%    failed      0.00%
1082  NP_415704.1      95.88%    failed      0.00%
1083  NP_415705.1      98.08%    failed      0.02%
1084  NP_415706.1      95.91%    failed      0.00%
1085  NP_415707.1      96.53%    failed      0.00%
1086  NP_415708.1      97.14%    failed      0.00%
1087  NP_415709.2      95.36%    failed      0.00%
1088  NP_415710.1      97.56%    failed      0.00%
1089  NP_415711.2      98.37%    failed      0.07%
1090  NP_415712.1      98.04%    failed      0.00%
1091  NP_415713.1      99.33%    failed      0.00%
1092  NP_415714.1      98.83%    failed      1.19%
1093  NP_415715.1      95.46%    failed      0.00%
1094  NP_415716.4      96.21%    failed      0.00%
1095  NP_415717.1      98.31%    failed      0.00%
1096  NP_415718.6      97.14%    failed      0.00%
1097  NP_415719.2      94.87%    failed      0.00%
1098  NP_415720.1      92.33%    failed      0.00%
1099  NP_415721.1      97.09%    failed      0.00%
1100  NP_415722.1      98.44%    failed      0.00%
1101  NP_415723.1      99.26%    failed      2.43%
1102  NP_415724.2      95.51%    failed      0.00%
1103  NP_415725.1      97.47%    failed      0.00%
1104  NP_415726.1      97.73%    failed      0.00%
1105  NP_415727.1      98.34%    failed      0.01%
1106  NP_415728.1      96.64%    failed      0.00%
1107  NP_415729.1      97.11%    failed      0.00%
1108  NP_415730.1      97.78%    failed      0.00%
1109  NP_415731.1      98.96%    failed      0.00%
1110  NP_415732.1      97.84%    failed      0.00%
1111  NP_415733.1      97.72%    failed      0.00%
1112  NP_415734.1      97.06%    failed      0.00%
1113  NP_415735.1      99.39%    failed      0.01%
1114  NP_415736.2      98.15%    failed      0.00%
1115  NP_415737.1      99.06%    failed      0.60%
1116  NP_415738.2      96.28%    failed      0.00%
1117  NP_415739.1      98.27%    failed      0.00%
1118  NP_415740.1      95.20%    failed      0.00%
1119  NP_415741.1      96.28%    failed      0.00%
1120  NP_415742.1      89.99%    failed      0.00%
1121  NP_415743.1      95.89%    failed      0.09%
1122  NP_415744.1      98.11%    failed      0.00%
1123  NP_415745.1      98.19%    failed      0.00%
1124  NP_415747.2      99.77%    failed      0.00%
1125  NP_415748.1      97.75%    failed      0.01%
1126  NP_415749.1      98.78%    passed     45.39%
1127  NP_415750.2      97.58%    failed      0.00%
1128  NP_415751.1      97.29%    failed      0.00%
1129  NP_415752.1      97.58%    failed      0.00%
1130  NP_415753.1      98.90%    failed      0.00%
1131  NP_415754.1      98.35%    failed      0.28%
1132  NP_415757.1      92.85%    failed      0.00%
1133  NP_415758.1      98.27%    failed      0.00%
1134  NP_415759.1      95.64%    failed      0.00%
1135  NP_415760.1      97.54%    failed      0.00%
1136  NP_415761.1      97.58%    failed      0.00%
1137  NP_415763.1      97.32%    failed      0.00%
1138  NP_415764.4      99.12%    failed      0.00%
1139  NP_415765.1      96.10%    failed      0.00%
1140  NP_415766.1      96.65%    failed      0.00%
1141  NP_415767.2      99.21%    failed      0.22%
1142  NP_415768.1      98.08%    failed      0.00%
1143  NP_415769.1      98.94%    failed      0.77%
1144  NP_415770.1      98.56%    failed      0.00%
1145  NP_415771.1      98.02%    failed      0.00%
1146  NP_415772.1      98.30%    failed      0.00%
1147  NP_415773.1      98.65%    failed      0.04%
1148  NP_415774.1      98.67%    failed      0.00%
1149  NP_415775.4      99.53%    failed      0.00%
1150  NP_415776.1      97.85%    failed      0.00%
1151  NP_415777.1      96.81%    failed      0.00%
1152  NP_415778.3      96.36%    failed      0.00%
1153  NP_415779.1      95.74%    failed      0.00%
1154  NP_415780.1      95.83%    failed      0.00%
1155  NP_415781.1      99.89%    passed     88.55%
1156  NP_415782.1      97.65%    failed      0.00%
1157  NP_415783.6      98.35%    failed      1.02%
1158  NP_415784.1      94.93%    failed      0.00%
1159  NP_415785.1      97.66%    failed      0.00%
1160  NP_415786.1      98.43%    failed      0.14%
1161  NP_415787.1      97.98%    failed      0.03%
1162  NP_415788.1      97.20%    failed      0.00%
1163  NP_415789.1      99.33%    passed     21.51%
1164  NP_415790.1      93.06%    failed      0.00%
1165  NP_415791.1      97.40%    failed      0.00%
1166  NP_415792.1      92.85%    failed      0.00%
1167  NP_415793.1      98.43%    failed      0.01%
1168  NP_415794.1      97.96%    failed      0.00%
1169  NP_415795.1      99.18%    failed      0.03%
1170  NP_415796.1      96.88%    failed      0.00%
1171  NP_415797.1      98.03%    failed      0.00%
1172  NP_415798.2      99.13%    failed      0.00%
1173  NP_415799.1      99.42%    failed      0.00%
1174  NP_415800.1      98.00%    failed      0.01%
1175  NP_415801.1      94.69%    failed      0.00%
1176  NP_415802.1      94.83%    failed      0.00%
1177  NP_415803.2      96.99%    failed      0.00%
1178  NP_415804.1      97.90%    failed      0.00%
1179  NP_415805.1      99.06%    failed      0.51%
1180  NP_415806.1      97.85%    failed      0.00%
1181  NP_415807.1      97.35%    failed      0.05%
1182  NP_415808.1      97.62%    failed      0.00%
1183  NP_415809.1      97.42%    failed      0.00%
1184  NP_415810.1      95.61%    failed      0.00%
1185  NP_415811.1      99.35%    failed      0.04%
1186  NP_415812.4      96.30%    failed      0.00%
1187  NP_415813.4      96.21%    failed      0.00%
1188  NP_415814.4      97.96%    failed      0.00%
1189  NP_415815.1      98.51%    failed      0.01%
1190  NP_415816.1      96.03%    failed      0.00%
1191  NP_415817.1      96.58%    failed      0.00%
1192  NP_415818.1      96.62%    failed      0.00%
1193  NP_415819.4      97.39%    failed      0.00%
1194  NP_415820.1      98.22%    failed      0.00%
1195  NP_415821.1      99.41%    failed      0.54%
1196  NP_415822.1      99.04%    failed      0.91%
1197  NP_415823.1      99.41%    failed      0.00%
1198  NP_415824.1      99.17%    passed      7.38%
1199  NP_415825.4      95.51%    failed      0.00%
1200  NP_415826.1      96.55%    failed      0.00%
1201  NP_415827.1      97.65%    failed      0.00%
1202  NP_415828.1      97.75%    failed      0.00%
1203  NP_415829.1      97.19%    failed      0.00%
1204  NP_415830.2      97.90%    failed      0.05%
1205  NP_415831.1      97.18%    failed      0.16%
1206  NP_415832.1      93.94%    failed      0.00%
1207  NP_415833.1      98.24%    failed      0.00%
1208  NP_415835.1      97.58%    failed      0.00%
1209  NP_415836.1      97.33%    failed      0.00%
1210  NP_415837.1      96.27%    failed      0.00%
1211  NP_415838.1      97.17%    failed      0.00%
1212  NP_415839.1      95.88%    failed      0.00%
1213  NP_415840.1      98.65%    failed      0.00%
1214  NP_415841.4      97.42%    failed      0.00%
1215  NP_415842.2      98.06%    failed      0.00%
1216  NP_415843.2      97.54%    failed      0.00%
1217  NP_415844.1      97.60%    failed      0.00%
1218  NP_415845.2      95.69%    failed      0.00%
1219  NP_415846.1      97.25%    failed      0.00%
1220  NP_415847.2      97.38%    failed      0.03%
1221  NP_415848.1      99.32%    failed      0.43%
1222  NP_415849.1      97.46%    failed      0.00%
1223  NP_415850.1      97.99%    failed      0.00%
1224  NP_415851.1      98.63%    failed      0.06%
1225  NP_415852.2      95.92%    failed      0.00%
1226  NP_415853.1      96.14%    failed      0.00%
1227  NP_415854.4      96.50%    failed      0.00%
1228  NP_415855.1      97.58%    failed      0.00%
1229  NP_415856.1      98.50%    failed      0.65%
1230  NP_415857.2      96.71%    failed      0.00%
1231  NP_415858.1      97.37%    failed      0.00%
1232  NP_415859.1      96.33%    failed      0.00%
1233  NP_415860.1      97.50%    failed      0.09%
1234  NP_415861.1      96.70%    failed      0.00%
1235  NP_415862.4      99.43%    passed     93.54%
1236  NP_415863.1      99.45%    failed      0.23%
1237  NP_415864.1      99.49%    failed      4.43%
1238  NP_415865.1      97.84%    failed      0.04%
1239  NP_415866.1      93.05%    failed      0.00%
1240  NP_415867.1      99.27%    failed      0.04%
1241  NP_415869.2      99.41%    passed     68.18%
1242  NP_415870.4      98.70%    failed      0.08%
1243  NP_415872.2      99.59%    passed     38.66%
1244  NP_415873.2      99.65%    passed     78.42%
1245  NP_415874.1      98.73%    failed      0.82%
1246  NP_415875.1      99.21%    passed     29.85%
1247  NP_415876.1      98.88%    failed      0.63%
1248  NP_415877.1      97.71%    failed      0.03%
1249  NP_415878.1      98.01%    failed      0.30%
1250  NP_415881.1      96.11%    failed      0.00%
1251  NP_415883.1      99.30%    passed     38.42%
1252  NP_415888.1      97.38%    failed      0.03%
1253  NP_415890.2      91.01%    failed      0.00%
1254  NP_415891.1      98.47%    failed      0.04%
1255  NP_415892.1      98.43%    failed      0.00%
1256  NP_415893.2      99.38%    passed      7.07%
1257  NP_415894.4      98.84%    failed      0.00%
1258  NP_415895.1      96.97%    failed      0.00%
1259  NP_415896.1      90.58%    failed      0.00%
1260  NP_415897.1      98.88%    failed      0.19%
1261  NP_415898.1      97.36%    failed      0.00%
1262  NP_415899.1      92.94%    failed      0.00%
1263  NP_415900.1      99.51%    failed      4.72%
1264  NP_415901.2      99.13%    failed      0.09%
1265  NP_415902.1      97.58%    failed      0.01%
1266  NP_415903.4      95.99%    failed      0.00%
1267  NP_415904.3      93.92%    failed      0.00%
1268  NP_415905.1      94.53%    failed      0.00%
1269  NP_415906.1      97.52%    failed      0.79%
1270  NP_415907.1      99.24%    passed     30.22%
1271  NP_415908.1      98.01%    failed      0.00%
1272  NP_415909.4      98.68%    failed      2.04%
1273  NP_415910.1      97.14%    failed      0.00%
1274  NP_415911.1      97.95%    failed      0.00%
1275  NP_415912.1      97.90%    failed      0.00%
1276  NP_415913.1      96.19%    failed      0.00%
1277  NP_415914.1      98.88%    failed      0.02%
1278  NP_415915.1      96.78%    failed      0.00%
1279  NP_415916.1      96.49%    failed      0.00%
1280  NP_415917.1      97.46%    failed      0.00%
1281  NP_415918.1      98.43%    failed      0.02%
1282  NP_415920.1      97.58%    failed      0.00%
1283  NP_415921.2      99.03%    failed      0.02%
1284  NP_415922.1      96.93%    failed      0.00%
1285  NP_415924.1      97.70%    failed      0.00%
1286  NP_415925.2      93.83%    failed      0.00%
1287  NP_415926.4      98.39%    failed      0.00%
1288  NP_415927.1      97.61%    failed      0.00%
1289  NP_415928.1      95.30%    failed      0.00%
1290  NP_415929.1      96.55%    failed      0.00%
1291  NP_415930.1      98.39%    failed      0.00%
1292  NP_415931.4      89.56%    failed      0.00%
1293  NP_415932.1      97.86%    failed      0.03%
1294  NP_415933.1      96.15%    failed      0.00%
1295  NP_415935.2      98.59%    failed      0.02%
1296  NP_415936.1      99.54%    failed      1.20%
1297  NP_415937.1      99.56%    passed     36.54%
1298  NP_415938.1      95.62%    failed      0.00%
1299  NP_415939.2      97.54%    failed      0.00%
1300  NP_415940.1      96.41%    failed      0.00%
1301  NP_415941.5      95.58%    failed      0.00%
1302  NP_415943.4      99.41%    failed      1.91%
1303  NP_415944.1      98.56%    passed      5.56%
1304  NP_415945.1      97.38%    failed      0.00%
1305  NP_415946.1      97.35%    failed      0.00%
1306  NP_415947.1      98.42%    failed      0.25%
1307  NP_415948.1      98.22%    failed      0.04%
1308  NP_415949.3      96.77%    failed      0.00%
1309  NP_415950.4      96.86%    failed      0.00%
1310  NP_415951.1      98.57%    failed      4.66%
1311  NP_415952.2      94.76%    failed      0.00%
1312  NP_415953.1      99.39%    passed     12.66%
1313  NP_415954.2      99.53%    passed     28.65%
1314  NP_415955.2      98.89%    failed      0.06%
1315  NP_415956.1      96.24%    failed      0.00%
1316  NP_415957.1      96.94%    failed      0.01%
1317  NP_415958.1      97.29%    failed      0.00%
1318  NP_415959.1      97.49%    failed      0.00%
1319  NP_415960.1      97.88%    failed      0.00%
1320  NP_415961.1      96.19%    failed      0.00%
1321  NP_415962.2      99.54%    failed      0.44%
1322  NP_415963.1      99.38%    failed      0.47%
1323  NP_415964.1      98.80%    failed      0.00%
1324  NP_415965.1      98.62%    passed      7.46%
1325  NP_415966.6      97.23%    failed      0.00%
1326  NP_415967.2      98.23%    failed      0.00%
1327  NP_415968.1      94.38%    failed      0.00%
1328  NP_415969.1      97.17%    failed      0.00%
1329  NP_415970.4      95.99%    failed      0.00%
1330  NP_415971.1      98.35%    failed      0.51%
1331  NP_415972.1      99.44%    failed      2.34%
1332  NP_415974.1      98.72%    failed      0.00%
1333  NP_415977.1      96.97%    failed      0.00%
1334  NP_415978.1      99.38%    failed      0.30%
1335  NP_415979.2      98.48%    failed      1.36%
1336  NP_415980.1      97.74%    failed      0.00%
1337  NP_415981.1      97.62%    failed      0.00%
1338  NP_415982.1      98.19%    failed      0.00%
1339  NP_415983.1      98.15%    failed      0.00%
1340  NP_415984.1      95.87%    failed      0.06%
1341  NP_415985.1      90.00%    failed      0.00%
1342  NP_415986.1      96.29%    failed      0.00%
1343  NP_415990.5      97.65%    failed      0.00%
1344  NP_415991.1      91.86%    failed      0.00%
1345  NP_415992.1      97.64%    failed      0.37%
1346  NP_415993.1      98.26%    failed      0.02%
1347  NP_415994.4      99.25%    failed      1.35%
1348  NP_415995.4      97.30%    failed      0.00%
1349  NP_415996.2      95.46%    failed      0.00%
1350  NP_415997.1      99.64%    passed     28.80%
1351  NP_415998.4      99.43%    passed     35.88%
1352  NP_415999.1      98.85%    failed      0.09%
1353  NP_416000.1      97.53%    failed      0.00%
1354  NP_416001.1      97.37%    failed      0.00%
1355  NP_416002.1      97.61%    failed      0.00%
1356  NP_416003.1      97.27%    failed      0.00%
1357  NP_416004.1      95.86%    failed      0.00%
1358  NP_416005.1      98.45%    failed      0.71%
1359  NP_416006.4      93.59%    failed      0.00%
1360  NP_416007.3      96.31%    failed      0.00%
1361  NP_416008.1      96.48%    failed      0.00%
1362  NP_416009.1      95.90%    failed      0.00%
1363  NP_416010.1      96.26%    failed      0.03%
1364  NP_416011.1      92.53%    failed      0.00%
1365  NP_416012.1      93.66%    failed      0.00%
1366  NP_416013.1      95.50%    failed      0.00%
1367  NP_416014.4      96.91%    failed      0.36%
1368  NP_416015.2      95.50%    failed      0.00%
1369  NP_416016.1      97.97%    failed      0.60%
1370  NP_416017.1      99.48%    failed      2.63%
1371  NP_416018.1      93.91%    failed      0.00%
1372  NP_416019.1      97.56%    failed      0.00%
1373  NP_416020.1      98.66%    failed      0.00%
1374  NP_416021.1      98.59%    failed      0.02%
1375  NP_416024.1      96.47%    failed      0.00%
1376  NP_416025.1      99.29%    failed      0.51%
1377  NP_416028.3      95.75%    failed      0.00%
1378  NP_416029.1      97.46%    failed      0.00%
1379  NP_416030.1      95.90%    failed      0.00%
1380  NP_416031.1      97.25%    failed      0.00%
1381  NP_416032.1      97.35%    failed      0.00%
1382  NP_416033.1      97.27%    failed      0.00%
1383  NP_416034.1      97.66%    failed      0.05%
1384  NP_416035.1      99.23%    passed     26.58%
1385  NP_416036.1      97.98%    failed      0.00%
1386  NP_416037.2      97.56%    failed      0.00%
1387  NP_416039.1      97.47%    failed      0.00%
1388  NP_416040.1      99.04%    passed     27.86%
1389  NP_416041.1      97.53%    failed      0.00%
1390  NP_416042.2      96.29%    failed      0.00%
1391  NP_416043.1      97.65%    failed      0.00%
1392  NP_416044.1      97.02%    failed      0.00%
1393  NP_416045.1      96.82%    failed      0.00%
1394  NP_416046.1      98.23%    failed      0.00%
1395  NP_416047.4      98.84%    failed      0.00%
1396  NP_416048.2      98.98%    failed      3.74%
1397  NP_416049.1      99.42%    passed      6.36%
1398  NP_416050.4      97.60%    failed      0.00%
1399  NP_416051.1      96.83%    failed      0.00%
1400  NP_416052.1      97.62%    failed      0.02%
1401  NP_416054.1      98.96%    failed      0.74%
1402  NP_416055.1      98.62%    failed      0.00%
1403  NP_416056.1      94.53%    failed      0.00%
1404  NP_416057.1      98.01%    failed      0.01%
1405  NP_416058.1      98.17%    failed      0.00%
1406  NP_416059.1      99.46%    failed      2.36%
1407  NP_416060.1      96.10%    failed      0.00%
1408  NP_416062.2      99.38%    failed      3.69%
1409  NP_416063.1      98.43%    failed      0.00%
1410  NP_416064.1      98.47%    failed      0.04%
1411  NP_416065.1      97.43%    failed      0.00%
1412  NP_416067.2      98.91%    failed      0.13%
1413  NP_416068.2      99.54%    failed      0.01%
1414  NP_416069.2      99.59%    passed     56.63%
1415  NP_416070.1      99.44%    passed      9.09%
1416  NP_416071.1      98.68%    failed      0.00%
1417  NP_416072.1      98.58%    failed      4.21%
1418  NP_416073.1      99.17%    failed      0.29%
1419  NP_416074.4      99.43%    failed      3.89%
1420  NP_416075.1      99.43%    passed     11.42%
1421  NP_416076.1      99.44%    passed     26.65%
1422  NP_416077.4      97.99%    failed      0.36%
1423  NP_416078.4      97.20%    failed      0.00%
1424  NP_416079.1      99.33%    passed     10.70%
1425  NP_416080.1      99.59%    failed      2.76%
1426  NP_416081.1      99.24%    failed      0.00%
1427  NP_416082.1      99.37%    failed      0.09%
1428  NP_416083.1      99.19%    failed      0.30%
1429  NP_416084.1      99.12%    failed      0.00%
1430  NP_416087.1      99.39%    failed      4.84%
1431  NP_416088.1      98.92%    failed      0.01%
1432  NP_416089.1      99.59%    passed     30.09%
1433  NP_416090.2      99.66%    failed      0.17%
1434  NP_416091.1      99.42%    failed      0.42%
1435  NP_416092.1      99.50%    passed     48.58%
1436  NP_416093.1      99.49%    passed     51.08%
1437  NP_416097.1      97.28%    failed      0.00%
1438  NP_416098.1      96.76%    failed      2.19%
1439  NP_416099.1      99.13%    failed      0.00%
1440  NP_416100.1      99.09%    failed      2.85%
1441  NP_416101.1      98.51%    failed      1.70%
1442  NP_416102.2      98.11%    failed      0.00%
1443  NP_416103.2      99.19%    failed      0.18%
1444  NP_416104.1      93.51%    failed      0.00%
1445  NP_416105.4      93.52%    failed      0.00%
1446  NP_416106.1      98.35%    passed      9.87%
1447  NP_416107.1      97.72%    failed      0.00%
1448  NP_416108.2      98.36%    failed      0.00%
1449  NP_416109.2      96.64%    failed      0.00%
1450  NP_416110.4      98.15%    failed      0.00%
1451  NP_416111.1      96.74%    failed      0.00%
1452  NP_416112.1      97.62%    failed      0.00%
1453  NP_416113.1      96.65%    failed      0.00%
1454  NP_416114.2      99.18%    failed      0.00%
1455  NP_416115.1      97.81%    failed      0.00%
1456  NP_416116.1      99.12%    failed      0.00%
1457  NP_416117.1      99.03%    failed      0.00%
1458  NP_416118.1      97.24%    failed      0.00%
1459  NP_416119.1      96.29%    failed      0.00%
1460  NP_416120.1      95.91%    failed      0.00%
1461  NP_416121.1      97.48%    failed      0.00%
1462  NP_416122.1      96.31%    failed      0.00%
1463  NP_416123.1      98.07%    failed      0.03%
1464  NP_416124.1      99.11%    failed      0.00%
1465  NP_416125.2      98.08%    failed      0.00%
1466  NP_416126.1      96.52%    failed      0.00%
1467  NP_416127.1      97.52%    failed      0.00%
1468  NP_416128.1      96.25%    failed      0.00%
1469  NP_416129.1      95.60%    failed      0.00%
1470  NP_416130.3      96.86%    failed      0.00%
1471  NP_416131.1      95.97%    failed      0.00%
1472  NP_416132.2      96.62%    failed      0.00%
1473  NP_416133.1      96.33%    failed      0.00%
1474  NP_416134.1      95.16%    failed      0.00%
1475  NP_416135.1      98.43%    failed      0.00%
1476  NP_416136.1      97.95%    failed      0.00%
1477  NP_416137.1      97.25%    failed      0.00%
1478  NP_416138.1      95.75%    failed      0.00%
1479  NP_416139.1      96.87%    failed      0.21%
1480  NP_416140.1      97.33%    failed      0.00%
1481  NP_416141.4      97.22%    failed      0.00%
1482  NP_416142.1      99.43%    passed     19.81%
1483  NP_416143.2      98.83%    failed      0.00%
1484  NP_416144.1      98.45%    failed      0.00%
1485  NP_416145.1      98.46%    failed      0.01%
1486  NP_416146.1      94.06%    failed      0.00%
1487  NP_416147.1      97.17%    failed      0.00%
1488  NP_416148.1      98.35%    failed      0.00%
1489  NP_416149.1      98.15%    failed      0.00%
1490  NP_416150.1      98.31%    failed      0.01%
1491  NP_416151.1      95.99%    failed      0.00%
1492  NP_416152.1      98.39%    failed      0.09%
1493  NP_416153.1      97.70%    failed      0.00%
1494  NP_416154.1      96.60%    failed      0.00%
1495  NP_416155.1      98.25%    failed      0.32%
1496  NP_416156.4      99.12%    passed     25.44%
1497  NP_416157.1      97.04%    failed      0.00%
1498  NP_416159.2      98.84%    failed      0.00%
1499  NP_416160.1      99.37%    failed      0.03%
1500  NP_416161.4      97.71%    failed      0.00%
1501  NP_416162.1      94.62%    failed      0.00%
1502  NP_416163.1      98.61%    failed      0.00%
1503  NP_416165.2      99.37%    failed      0.40%
1504  NP_416166.3      98.40%    failed      0.01%
1505  NP_416167.1      97.07%    failed      0.00%
1506  NP_416168.1      98.92%    failed      0.12%
1507  NP_416169.1      98.27%    failed      0.01%
1508  NP_416170.1      87.65%    failed      0.00%
1509  NP_416171.1      99.08%    passed      9.32%
1510  NP_416172.1      97.82%    failed      0.00%
1511  NP_416173.1      98.45%    failed      0.00%
1512  NP_416174.1      96.88%    failed      0.00%
1513  NP_416175.1      97.26%    failed      0.00%
1514  NP_416176.1      97.51%    failed      0.00%
1515  NP_416178.1      96.93%    failed      0.70%
1516  NP_416179.1      98.29%    failed      0.03%
1517  NP_416181.1      96.64%    failed      0.00%
1518  NP_416182.1      99.19%    failed      0.58%
1519  NP_416183.1      95.71%    failed      0.00%
1520  NP_416184.1      97.83%    failed      0.00%
1521  NP_416185.1      97.90%    failed      0.00%
1522  NP_416186.4      98.22%    passed     22.31%
1523  NP_416187.1      98.27%    failed      0.00%
1524  NP_416188.1      94.38%    failed      0.00%
1525  NP_416189.1      98.33%    failed      0.01%
1526  NP_416190.1      99.45%    failed      2.27%
1527  NP_416191.1      96.23%    failed      0.00%
1528  NP_416192.1      99.37%    failed      0.01%
1529  NP_416193.1      97.32%    failed      0.00%
1530  NP_416194.1      98.89%    failed      1.75%
1531  NP_416195.1      96.74%    failed      0.00%
1532  NP_416196.1      96.60%    failed      0.00%
1533  NP_416197.1      98.01%    failed      0.00%
1534  NP_416198.2      96.03%    failed      0.00%
1535  NP_416199.1      99.02%    passed      5.68%
1536  NP_416200.2      99.50%    failed      0.31%
1537  NP_416201.1      98.91%    failed      2.61%
1538  NP_416202.1      91.83%    failed      0.00%
1539  NP_416203.1      97.03%    failed      0.00%
1540  NP_416204.2      99.05%    passed     56.15%
1541  NP_416205.1      96.76%    failed      0.00%
1542  NP_416206.6      96.62%    failed      0.00%
1543  NP_416207.1      97.69%    failed      0.00%
1544  NP_416208.1      97.98%    failed      0.00%
1545  NP_416209.1      95.74%    failed      0.00%
1546  NP_416210.4      96.93%    failed      0.02%
1547  NP_416211.1      97.57%    failed      0.54%
1548  NP_416212.1      97.96%    failed      0.00%
1549  NP_416213.1      97.50%    failed      0.00%
1550  NP_416214.1      96.56%    failed      0.00%
1551  NP_416215.1      99.22%    passed     64.49%
1552  NP_416216.5      95.46%    failed      0.00%
1553  NP_416217.1      93.64%    failed      0.00%
1554  NP_416218.1      97.78%    failed      0.00%
1555  NP_416219.1      97.21%    failed      0.01%
1556  NP_416220.1      99.49%    failed      2.42%
1557  NP_416221.1      96.16%    failed      0.00%
1558  NP_416222.1      98.10%    failed      0.00%
1559  NP_416223.1      98.76%    passed     17.07%
1560  NP_416224.1      98.00%    failed      0.00%
1561  NP_416225.1      98.53%    passed      7.10%
1562  NP_416226.1      97.38%    failed      0.00%
1563  NP_416227.1      99.21%    failed      0.35%
1564  NP_416228.1      93.62%    failed      0.00%
1565  NP_416229.1      97.37%    failed      0.00%
1566  NP_416230.1      99.89%    failed      0.57%
1567  NP_416231.1      99.05%    failed      0.00%
1568  NP_416232.3      99.48%    failed      0.00%
1569  NP_416233.1      98.56%    failed      0.00%
1570  NP_416234.1      94.85%    failed      0.00%
1571  NP_416236.1      97.98%    failed      0.00%
1572  NP_416237.3      97.52%    failed      0.00%
1573  NP_416238.1      99.23%    failed      0.00%
1574  NP_416239.1      97.70%    failed      0.00%
1575  NP_416240.1      98.57%    failed      0.03%
1576  NP_416241.1      98.22%    failed      0.00%
1577  NP_416242.6      98.43%    failed      0.04%
1578  NP_416243.1      96.28%    failed      0.00%
1579  NP_416244.2      97.86%    failed      0.00%
1580  NP_416245.2      99.36%    passed     38.15%
1581  NP_416247.1      98.00%    failed      0.02%
1582  NP_416248.1      96.39%    failed      0.00%
1583  NP_416249.1      97.75%    failed      0.00%
1584  NP_416250.1      99.07%    failed      0.00%
1585  NP_416251.1      96.37%    failed      0.00%
1586  NP_416252.1      99.15%    failed      0.06%
1587  NP_416253.1      99.10%    failed      2.09%
1588  NP_416254.1      97.79%    failed      0.00%
1589  NP_416255.1      97.63%    failed      0.00%
1590  NP_416256.2      98.47%    failed      4.25%
1591  NP_416257.1      98.71%    failed      0.00%
1592  NP_416258.1      97.42%    failed      0.00%
1593  NP_416259.1      96.41%    failed      0.00%
1594  NP_416260.1      96.05%    failed      0.00%
1595  NP_416261.1      97.24%    failed      0.01%
1596  NP_416262.1      96.74%    failed      0.00%
1597  NP_416263.1      97.85%    failed      3.64%
1598  NP_416264.4      98.11%    failed      0.00%
1599  NP_416265.4      98.19%    failed      0.00%
1600  NP_416266.1      98.11%    failed      0.00%
1601  NP_416267.1      98.54%    failed      0.00%
1602  NP_416268.2      96.89%    failed      0.00%
1603  NP_416269.4      95.90%    failed      0.00%
1604  NP_416270.1      98.26%    failed      0.00%
1605  NP_416271.4      96.51%    failed      0.00%
1606  NP_416272.2      98.35%    failed      0.00%
1607  NP_416273.1      98.92%    failed      0.00%
1608  NP_416274.1      99.28%    passed     24.68%
1609  NP_416275.1      96.41%    failed      0.00%
1610  NP_416276.4      97.22%    failed      0.01%
1611  NP_416277.1      94.76%    failed      0.00%
1612  NP_416278.1      97.21%    failed      0.00%
1613  NP_416279.1      98.53%    failed      0.17%
1614  NP_416280.1      95.04%    failed      0.00%
1615  NP_416281.1      97.29%    failed      0.00%
1616  NP_416282.4      98.29%    failed      0.24%
1617  NP_416283.1      96.37%    failed      0.00%
1618  NP_416284.1      97.98%    failed      0.00%
1619  NP_416285.1      97.38%    failed      0.00%
1620  NP_416286.4      97.47%    failed      0.00%
1621  NP_416287.1      97.77%    failed      0.00%
1622  NP_416288.1      97.21%    failed      0.00%
1623  NP_416289.1      96.32%    failed      0.00%
1624  NP_416290.1      97.13%    failed      0.00%
1625  NP_416291.4      99.28%    passed     34.37%
1626  NP_416292.1      98.90%    passed     47.32%
1627  NP_416293.1      97.34%    failed      0.00%
1628  NP_416294.4      97.64%    failed      0.17%
1629  NP_416295.1      97.72%    failed      0.00%
1630  NP_416296.1      98.01%    failed      0.00%
1631  NP_416297.1      94.83%    failed      0.00%
1632  NP_416298.1      96.57%    failed      0.00%
1633  NP_416299.1      96.06%    failed      0.00%
1634  NP_416300.2      96.02%    failed      0.00%
1635  NP_416301.1      98.66%    failed      0.00%
1636  NP_416302.2      99.73%    passed     11.58%
1637  NP_416303.1      98.81%    failed      0.00%
1638  NP_416304.1      97.81%    failed      0.01%
1639  NP_416305.1      96.85%    failed      0.00%
1640  NP_416306.2      99.08%    failed      2.47%
1641  NP_416307.1      99.33%    passed     16.08%
1642  NP_416308.4      97.26%    failed      0.00%
1643  NP_416309.1      99.34%    failed      0.00%
1644  NP_416310.1      99.52%    failed      0.12%
1645  NP_416311.1      99.04%    passed     71.02%
1646  NP_416312.1      98.30%    failed      0.00%
1647  NP_416313.4      97.54%    failed      0.00%
1648  NP_416314.1      97.10%    failed      0.04%
1649  NP_416315.1      96.14%    failed      0.00%
1650  NP_416316.1      97.00%    passed      6.04%
1651  NP_416317.1      97.42%    failed      0.00%
1652  NP_416318.1      96.99%    failed      0.00%
1653  NP_416319.1      95.50%    failed      0.00%
1654  NP_416320.1      98.45%    failed      0.00%
1655  NP_416321.1      98.15%    failed      0.00%
1656  NP_416322.1      94.89%    failed      0.00%
1657  NP_416323.4      99.08%    failed      0.13%
1658  NP_416324.2      99.21%    failed      4.70%
1659  NP_416325.1      99.53%    failed      1.01%
1660  NP_416326.1      96.36%    failed      0.00%
1661  NP_416327.1      98.46%    failed      0.00%
1662  NP_416328.1      96.36%    failed      0.00%
1663  NP_416329.4      95.73%    failed      0.00%
1664  NP_416330.1      95.84%    failed      0.00%
1665  NP_416331.1      97.41%    failed      0.00%
1666  NP_416332.1      97.86%    failed      0.00%
1667  NP_416333.4      97.73%    failed      0.00%
1668  NP_416334.1      98.78%    failed      0.00%
1669  NP_416335.4      98.49%    failed      0.00%
1670  NP_416336.1      97.84%    failed      0.37%
1671  NP_416337.1      99.45%    failed      0.70%
1672  NP_416338.1      99.62%    passed     29.88%
1673  NP_416339.1      99.24%    failed      0.01%
1674  NP_416340.1      99.62%    failed      3.11%
1675  NP_416341.1      97.89%    failed      0.00%
1676  NP_416342.4      96.33%    failed      0.00%
1677  NP_416343.1      97.65%    failed      0.00%
1678  NP_416344.1      94.53%    failed      0.00%
1679  NP_416346.4      98.68%    failed      0.06%
1680  NP_416347.1      96.57%    failed      0.00%
1681  NP_416348.2      92.96%    failed      0.00%
1682  NP_416349.2      96.15%    failed      0.00%
1683  NP_416350.4      99.37%    passed     36.91%
1684  NP_416351.2      99.49%    passed     17.21%
1685  NP_416352.4      98.25%    failed      0.02%
1686  NP_416353.1      99.09%    passed      7.70%
1687  NP_416354.1      97.67%    failed      0.00%
1688  NP_416355.1      99.00%    failed      0.28%
1689  NP_416356.1      99.39%    failed      1.90%
1690  NP_416357.1      98.25%    failed      0.00%
1691  NP_416358.1      98.23%    passed     11.25%
1692  NP_416359.1      94.49%    failed      0.00%
1693  NP_416360.1      98.24%    failed      0.00%
1694  NP_416361.2      99.05%    failed      0.11%
1695  NP_416362.1      99.23%    failed      0.03%
1696  NP_416363.1      96.85%    failed      0.00%
1697  NP_416364.1      98.29%    failed      0.00%
1698  NP_416365.1      95.16%    failed      0.00%
1699  NP_416366.1      96.06%    failed      0.00%
1700  NP_416367.1      97.68%    failed      0.00%
1701  NP_416368.1      96.15%    failed      0.00%
1702  NP_416369.1      97.41%    failed      0.00%
1703  NP_416370.2      96.47%    failed      0.00%
1704  NP_416371.4      97.51%    failed      0.00%
1705  NP_416372.1      97.99%    failed      0.00%
1706  NP_416373.1      97.90%    failed      0.00%
1707  NP_416374.1      97.30%    failed      0.00%
1708  NP_416375.1      98.37%    failed      0.00%
1709  NP_416376.2      98.39%    failed      4.03%
1710  NP_416377.1      98.61%    failed      0.00%
1711  NP_416378.1      98.03%    failed      0.00%
1712  NP_416379.1      98.80%    failed      1.97%
1713  NP_416380.1      95.26%    failed      0.00%
1714  NP_416381.2      98.49%    failed      0.00%
1715  NP_416382.1      97.82%    failed      0.00%
1716  NP_416383.4      98.95%    failed      0.01%
1717  NP_416384.1      98.02%    failed      0.85%
1718  NP_416385.1      97.41%    failed      0.01%
1719  NP_416386.4      93.51%    failed      0.00%
1720  NP_416387.1      97.06%    failed      0.00%
1721  NP_416389.4      98.49%    failed      0.04%
1722  NP_416390.1      95.37%    failed      0.00%
1723  NP_416391.4      98.70%    failed      1.06%
1724  NP_416392.1      98.96%    failed      0.01%
1725  NP_416393.1      94.44%    failed      0.00%
1726  NP_416394.1      96.93%    failed      0.00%
1727  NP_416395.1      98.28%    failed      0.00%
1728  NP_416396.1      98.96%    failed      0.01%
1729  NP_416397.1      97.20%    failed      0.00%
1730  NP_416398.1      97.70%    failed      0.00%
1731  NP_416399.1      95.72%    failed      0.00%
1732  NP_416400.1      95.56%    failed      0.00%
1733  NP_416401.1      98.66%    failed      0.00%
1734  NP_416402.2      95.53%    failed      0.00%
1735  NP_416403.1      97.53%    failed      0.00%
1736  NP_416404.1      97.63%    failed      0.00%
1737  NP_416405.1      98.46%    failed      0.22%
1738  NP_416406.4      99.07%    failed      0.06%
1739  NP_416407.1      98.66%    failed      3.04%
1740  NP_416408.1      99.27%    passed      6.49%
1741  NP_416409.1      98.86%    failed      0.66%
1742  NP_416410.1      96.19%    failed      0.00%
1743  NP_416411.1      97.86%    failed      0.00%
1744  NP_416413.1      95.95%    failed      0.00%
1745  NP_416414.1      97.36%    failed      0.00%
1746  NP_416415.1      98.66%    failed      0.01%
1747  NP_416416.2      99.33%    failed      4.01%
1748  NP_416417.1      99.14%    failed      1.58%
1749  NP_416418.1      98.68%    failed      0.01%
1750  NP_416419.1      99.37%    passed     12.96%
1751  NP_416420.1      96.76%    failed      0.00%
1752  NP_416421.1      98.23%    failed      0.00%
1753  NP_416422.1      98.54%    failed      0.00%
1754  NP_416423.4      95.10%    failed      0.00%
1755  NP_416424.1      98.25%    failed      0.03%
1756  NP_416425.1      99.41%    failed      1.02%
1757  NP_416426.1      98.07%    failed      0.89%
1758  NP_416427.1      97.99%    failed      0.00%
1759  NP_416428.1      98.22%    failed      0.00%
1760  NP_416429.4      97.37%    failed      0.00%
1761  NP_416430.1      97.86%    failed      0.00%
1762  NP_416431.2      98.53%    failed      0.40%
1763  NP_416432.3      98.08%    failed      0.00%
1764  NP_416433.1      96.00%    failed      0.00%
1765  NP_416434.1      96.24%    failed      0.00%
1766  NP_416435.1      98.91%    failed      0.00%
1767  NP_416436.1      99.03%    failed      0.05%
1768  NP_416437.1      96.03%    failed      0.00%
1769  NP_416438.1      98.90%    failed      0.10%
1770  NP_416439.1      96.78%    failed      0.00%
1771  NP_416440.1      99.38%    passed     30.74%
1772  NP_416442.1      98.72%    failed      0.60%
1773  NP_416447.1      99.17%    failed      0.00%
1774  NP_416448.1      95.57%    failed      0.00%
1775  NP_416449.1      97.34%    failed      0.00%
1776  NP_416450.2      98.17%    failed      0.00%
1777  NP_416451.1      96.33%    failed      0.00%
1778  NP_416452.1      98.82%    failed      0.00%
1779  NP_416453.1      96.99%    failed      0.00%
1780  NP_416454.1      98.76%    failed      0.01%
1781  NP_416455.1      97.32%    failed      0.00%
1782  NP_416456.1      98.90%    failed      0.10%
1783  NP_416457.4      99.03%    failed      0.00%
1784  NP_416458.1      98.03%    failed      0.00%
1785  NP_416459.1      99.29%    failed      0.00%
1786  NP_416460.1      97.90%    failed      0.00%
1787  NP_416461.1      98.34%    failed      0.00%
1788  NP_416462.1      99.50%    passed     20.54%
1789  NP_416463.4      99.40%    failed      0.10%
1790  NP_416464.1      97.82%    failed      0.00%
1791  NP_416465.2      95.47%    failed      0.00%
1792  NP_416466.1      99.52%    failed      0.02%
1793  NP_416467.1      97.55%    failed      0.00%
1794  NP_416468.1      97.54%    failed      0.00%
1795  NP_416469.1      98.75%    failed      0.58%
1796  NP_416470.1      96.21%    failed      0.00%
1797  NP_416471.1      98.15%    failed      0.00%
1798  NP_416472.3      99.20%    failed      0.25%
1799  NP_416476.1      97.73%    failed      0.01%
1800  NP_416477.1      96.37%    failed      0.00%
1801  NP_416478.2      98.21%    failed      0.00%
1802  NP_416479.1      98.90%    failed      4.96%
1803  NP_416480.1      97.32%    failed      0.00%
1804  NP_416481.1      98.31%    failed      0.00%
1805  NP_416482.1      98.27%    failed      4.38%
1806  NP_416483.4      98.59%    failed      0.10%
1807  NP_416484.2      97.87%    failed      0.00%
1808  NP_416485.5      81.22%    failed      0.00%
1809  NP_416488.1      96.48%    failed      0.00%
1810  NP_416489.1      96.11%    failed      0.00%
1811  NP_416490.1      98.09%    failed      0.00%
1812  NP_416491.3      95.61%    failed      0.00%
1813  NP_416492.1      97.46%    failed      0.00%
1814  NP_416493.1      97.55%    failed      0.00%
1815  NP_416494.1      97.51%    failed      0.00%
1816  NP_416495.1      97.12%    failed      0.00%
1817  NP_416496.1      98.02%    failed      0.00%
1818  NP_416497.1      98.55%    failed      0.42%
1819  NP_416498.2      97.38%    failed      0.04%
1820  NP_416500.1      97.58%    failed      0.00%
1821  NP_416505.2      95.91%    failed      0.00%
1822  NP_416506.1      98.81%    failed      0.01%
1823  NP_416507.1      99.41%    passed     83.51%
1824  NP_416508.1      99.02%    failed      0.96%
1825  NP_416509.1      99.00%    passed     10.56%
1826  NP_416511.4      99.12%    failed      0.01%
1827  NP_416512.1      97.17%    failed      0.00%
1828  NP_416513.1      98.74%    failed      2.41%
1829  NP_416514.4      96.89%    failed      0.01%
1830  NP_416515.1      96.19%    failed      0.00%
1831  NP_416516.1      99.40%    failed      0.70%
1832  NP_416517.1      97.17%    failed      0.00%
1833  NP_416518.2      96.37%    failed      0.00%
1834  NP_416519.4      97.52%    failed      0.00%
1835  NP_416520.1      97.80%    failed      0.00%
1836  NP_416521.2      99.33%    failed      2.27%
1837  NP_416522.1      99.87%    failed      0.00%
1838  NP_416523.1      97.60%    failed      0.00%
1839  NP_416524.1      96.52%    failed      0.00%
1840  NP_416525.1      97.14%    failed      0.00%
1841  NP_416526.4      97.15%    failed      0.00%
1842  NP_416527.1      98.43%    failed      3.11%
1843  NP_416528.2      98.03%    failed      0.00%
1844  NP_416529.1      97.93%    failed      0.00%
1845  NP_416530.1      98.37%    failed      0.01%
1846  NP_416531.4      97.38%    failed      0.00%
1847  NP_416532.1      96.89%    failed      0.00%
1848  NP_416533.1      96.24%    failed      0.00%
1849  NP_416535.2      97.38%    failed      0.03%
1850  NP_416536.1      97.01%    failed      0.00%
1851  NP_416537.1      98.43%    failed      0.00%
1852  NP_416538.1      97.35%    failed      0.00%
1853  NP_416539.1      96.89%    failed      0.00%
1854  NP_416540.1      97.05%    failed      0.00%
1855  NP_416541.1      96.67%    failed      0.00%
1856  NP_416542.1      98.51%    passed      6.86%
1857  NP_416543.1      97.65%    failed      0.02%
1858  NP_416544.1      97.60%    failed      0.00%
1859  NP_416545.1      97.10%    failed      0.00%
1860  NP_416546.1      97.62%    failed      0.00%
1861  NP_416547.1      96.28%    failed      0.00%
1862  NP_416548.1      96.74%    failed      0.00%
1863  NP_416549.1      96.58%    failed      0.00%
1864  NP_416550.1      96.05%    failed      0.00%
1865  NP_416551.1      96.28%    failed      0.00%
1866  NP_416552.1      96.34%    failed      0.00%
1867  NP_416553.1      96.16%    failed      0.00%
1868  NP_416554.1      96.73%    failed      0.00%
1869  NP_416555.2      98.72%    failed      0.03%
1870  NP_416556.1      97.42%    failed      0.55%
1871  NP_416557.1      97.01%    failed      0.00%
1872  NP_416558.1      98.54%    failed      0.11%
1873  NP_416559.1      98.01%    failed      0.09%
1874  NP_416560.1      96.75%    failed      0.00%
1875  NP_416561.1      96.75%    failed      0.02%
1876  NP_416562.1      98.70%    failed      0.00%
1877  NP_416563.1      97.76%    passed     12.32%
1878  NP_416564.4      94.22%    failed      0.00%
1879  NP_416565.1      98.82%    failed      2.26%
1880  NP_416566.1      96.96%    failed      0.00%
1881  NP_416567.4      95.77%    failed      0.00%
1882  NP_416568.1      95.05%    failed      0.00%
1883  NP_416569.1      98.45%    failed      0.00%
1884  NP_416570.2      98.29%    failed      0.26%
1885  NP_416571.1      91.13%    failed      0.00%
1886  NP_416572.1      97.74%    failed      0.00%
1887  NP_416573.4      96.39%    failed      0.00%
1888  NP_416574.1      94.80%    failed      0.00%
1889  NP_416575.1      98.77%    failed      0.34%
1890  NP_416576.1      97.97%    failed      0.00%
1891  NP_416577.1      98.24%    failed      0.03%
1892  NP_416578.2      96.67%    failed      0.00%
1893  NP_416579.1      91.65%    failed      0.00%
1894  NP_416580.1      91.77%    failed      0.00%
1895  NP_416581.1      96.22%    failed      0.00%
1896  NP_416582.1      96.25%    failed      0.00%
1897  NP_416583.1      98.07%    failed      0.00%
1898  NP_416584.4      99.12%    failed      0.02%
1899  NP_416585.1      96.36%    failed      0.00%
1900  NP_416586.1      99.42%    passed     65.35%
1901  NP_416589.2      99.16%    passed      6.65%
1902  NP_416590.1      97.60%    failed      0.00%
1903  NP_416592.2      99.21%    failed      0.00%
1904  NP_416593.1      97.69%    failed      0.12%
1905  NP_416594.1      97.22%    failed      0.00%
1906  NP_416596.1      99.25%    passed      6.85%
1907  NP_416597.1      98.80%    failed      2.80%
1908  NP_416598.1      96.63%    failed      0.00%
1909  NP_416599.2      97.72%    failed      0.00%
1910  NP_416600.4      97.19%    failed      0.00%
1911  NP_416601.1      96.59%    failed      0.00%
1912  NP_416602.1      97.32%    failed      0.00%
1913  NP_416603.1      97.42%    failed      0.00%
1914  NP_416604.1      98.01%    failed      0.00%
1915  NP_416605.2      97.82%    failed      1.87%
1916  NP_416606.1      97.86%    failed      0.00%
1917  NP_416607.1      97.90%    failed      0.00%
1918  NP_416608.1      99.28%    failed      0.36%
1919  NP_416609.1      97.80%    failed      0.00%
1920  NP_416610.4      99.10%    passed     12.39%
1921  NP_416611.1      97.24%    failed      0.00%
1922  NP_416612.1      93.37%    failed      0.00%
1923  NP_416613.1      98.08%    failed      0.00%
1924  NP_416614.1      98.56%    failed      0.00%
1925  NP_416615.1      99.25%    passed     48.48%
1926  NP_416616.4      97.04%    failed      0.00%
1927  NP_416617.1      94.57%    failed      0.00%
1928  NP_416621.1      90.29%    failed      0.00%
1929  NP_416623.2      97.09%    failed      0.00%
1930  NP_416624.1      93.91%    failed      0.00%
1931  NP_416625.1      96.97%    failed      0.00%
1932  NP_416627.2      98.77%    failed      0.00%
1933  NP_416628.1      98.75%    failed      0.15%
1934  NP_416629.4      98.08%    failed      0.00%
1935  NP_416630.1      95.50%    failed      0.00%
1936  NP_416631.1      98.05%    failed      0.00%
1937  NP_416632.1      98.05%    failed      0.00%
1938  NP_416633.1      97.53%    failed      0.00%
1939  NP_416634.1      96.91%    failed      0.00%
1940  NP_416635.1      97.55%    failed      0.00%
1941  NP_416636.1      93.86%    failed      0.00%
1942  NP_416637.1      95.42%    failed      0.00%
1943  NP_416638.4      97.51%    failed      0.00%
1944  NP_416639.2      98.43%    failed      0.00%
1945  NP_416640.2      98.46%    failed      0.00%
1946  NP_416641.1      97.97%    failed      0.00%
1947  NP_416645.1      97.47%    failed      0.00%
1948  NP_416646.1      98.94%    failed      0.00%
1949  NP_416647.1      98.15%    failed      0.00%
1950  NP_416648.1      97.64%    failed      0.00%
1951  NP_416649.1      98.08%    failed      0.00%
1952  NP_416650.1      99.37%    failed      0.48%
1953  NP_416651.1      96.69%    failed      0.00%
1954  NP_416652.4      96.70%    failed      0.02%
1955  NP_416653.1      97.30%    failed      0.00%
1956  NP_416654.1      95.94%    failed      0.00%
1957  NP_416655.1      97.33%    failed      0.00%
1958  NP_416656.1      97.22%    failed      0.00%
1959  NP_416657.1      96.91%    failed      0.00%
1960  NP_416658.1      98.22%    failed      0.10%
1961  NP_416659.1      97.77%    failed      2.40%
1962  NP_416660.1      94.68%    failed      0.00%
1963  NP_416661.1      96.07%    failed      0.00%
1964  NP_416662.1      97.65%    failed      0.00%
1965  NP_416663.1      97.20%    failed      0.00%
1966  NP_416664.1      97.71%    failed      0.00%
1967  NP_416665.1      97.09%    failed      0.00%
1968  NP_416666.1      96.66%    failed      0.00%
1969  NP_416667.1      97.49%    failed      0.00%
1970  NP_416668.3      98.24%    failed      0.01%
1971  NP_416669.1      96.66%    failed      0.00%
1972  NP_416670.1      97.50%    failed      0.00%
1973  NP_416671.1      97.49%    failed      0.00%
1974  NP_416672.1      95.48%    failed      0.00%
1975  NP_416673.1      97.50%    failed      0.00%
1976  NP_416674.1      96.98%    failed      0.00%
1977  NP_416675.1      96.85%    failed      0.00%
1978  NP_416676.4      98.47%    failed      0.12%
1979  NP_416677.1      96.08%    failed      0.00%
1980  NP_416678.1      97.37%    failed      0.00%
1981  NP_416679.4      98.10%    failed      0.00%
1982  NP_416680.1      98.49%    failed      0.03%
1983  NP_416681.1      95.84%    failed      0.00%
1984  NP_416682.4      95.15%    failed      0.00%
1985  NP_416683.1      97.08%    failed      0.00%
1986  NP_416684.1      97.26%    failed      0.00%
1987  NP_416685.1      95.75%    failed      0.00%
1988  NP_416686.1      99.08%    passed     13.72%
1989  NP_416687.1      96.82%    failed      0.00%
1990  NP_416688.1      98.15%    failed      0.03%
1991  NP_416689.1      95.30%    failed      0.00%
1992  NP_416690.1      99.25%    failed      3.58%
1993  NP_416691.1      97.31%    failed      0.00%
1994  NP_416692.1      99.40%    failed      3.45%
1995  NP_416693.1      95.30%    failed      0.00%
1996  NP_416696.2      97.38%    failed      0.03%
1997  NP_416697.1      98.27%    failed      0.00%
1998  NP_416698.1      97.19%    failed      0.00%
1999  NP_416699.1      98.51%    failed      0.05%
2000  NP_416700.1      94.81%    failed      0.00%
2001  NP_416701.1      98.72%    failed      1.45%
2002  NP_416702.1      99.45%    failed      0.01%
2003  NP_416703.1      98.03%    failed      0.00%
2004  NP_416704.1      98.23%    failed      0.00%
2005  NP_416705.2      98.34%    failed      0.00%
2006  NP_416706.1      98.39%    passed     85.45%
2007  NP_416707.4      98.80%    passed     31.83%
2008  NP_416708.1      97.70%    failed      0.00%
2009  NP_416709.1      98.15%    failed      0.00%
2010  NP_416710.1      93.35%    failed      0.00%
2011  NP_416711.1      99.30%    failed      0.02%
2012  NP_416712.1      98.68%    failed      0.17%
2013  NP_416713.1      98.70%    failed      0.46%
2014  NP_416714.1      95.60%    failed      0.00%
2015  NP_416715.1      95.61%    failed      0.00%
2016  NP_416716.1      98.27%    failed      0.45%
2017  NP_416717.1      97.16%    failed      0.00%
2018  NP_416718.1      97.18%    failed      0.00%
2019  NP_416719.1      97.05%    failed      0.00%
2020  NP_416720.1      92.86%    failed      0.00%
2021  NP_416721.1      98.27%    failed      0.00%
2022  NP_416722.2      92.38%    failed      0.00%
2023  NP_416723.1      95.12%    failed      0.00%
2024  NP_416724.1      96.30%    failed      0.00%
2025  NP_416725.1      98.23%    failed      0.00%
2026  NP_416726.1      98.27%    failed      0.00%
2027  NP_416727.1      96.47%    failed      0.00%
2028  NP_416728.1      96.84%    failed      0.00%
2029  NP_416729.1      97.93%    failed      0.16%
2030  NP_416730.1      95.59%    failed      0.00%
2031  NP_416732.4      98.34%    passed      9.62%
2032  NP_416733.4      95.49%    failed      0.00%
2033  NP_416734.1      92.98%    failed      0.00%
2034  NP_416735.1      98.07%    failed      0.04%
2035  NP_416736.1      89.97%    failed      0.00%
2036  NP_416737.1      93.89%    failed      0.00%
2037  NP_416738.1      96.98%    failed      0.00%
2038  NP_416739.1      99.33%    passed     13.70%
2039  NP_416740.1      98.27%    failed      0.26%
2040  NP_416742.1      97.13%    failed      0.00%
2041  NP_416743.1      96.37%    failed      0.00%
2042  NP_416744.1      95.65%    failed      0.00%
2043  NP_416745.1      96.64%    failed      0.00%
2044  NP_416746.1      96.82%    failed      0.00%
2045  NP_416747.1      97.60%    failed      0.00%
2046  NP_416748.1      97.86%    failed      0.00%
2047  NP_416749.4      96.56%    failed      0.00%
2048  NP_416750.2      96.78%    failed      0.28%
2049  NP_416751.1      97.91%    failed      0.00%
2050  NP_416752.1      96.79%    failed      0.00%
2051  NP_416753.4      98.56%    failed      0.00%
2052  NP_416754.1      98.87%    failed      1.16%
2053  NP_416755.1      98.39%    failed      0.20%
2054  NP_416756.6      96.91%    failed      0.00%
2055  NP_416757.1      97.42%    failed      0.00%
2056  NP_416758.1      94.70%    failed      0.00%
2057  NP_416759.1      97.62%    failed      0.01%
2058  NP_416760.1      95.58%    failed      0.00%
2059  NP_416761.4      98.97%    failed      0.00%
2060  NP_416762.2      99.29%    passed     19.60%
2061  NP_416763.1      96.38%    failed      0.00%
2062  NP_416764.1      97.43%    failed      0.00%
2063  NP_416765.1      97.71%    failed      0.23%
2064  NP_416766.1      97.98%    failed      0.00%
2065  NP_416767.1      95.54%    failed      0.00%
2066  NP_416768.4      96.54%    failed      0.00%
2067  NP_416769.1      99.19%    failed      0.04%
2068  NP_416770.1      98.77%    passed      7.93%
2069  NP_416771.4      97.55%    failed      0.00%
2070  NP_416772.1      96.76%    failed      0.00%
2071  NP_416773.1      95.38%    failed      0.00%
2072  NP_416774.2      97.41%    failed      0.00%
2073  NP_416775.1      98.66%    failed      0.00%
2074  NP_416776.1      98.09%    failed      0.00%
2075  NP_416777.2      98.88%    failed      0.17%
2076  NP_416778.2      97.74%    failed      3.21%
2077  NP_416779.2      96.11%    failed      0.00%
2078  NP_416780.1      95.91%    failed      0.00%
2079  NP_416781.1      95.08%    failed      0.00%
2080  NP_416782.1      99.20%    failed      0.00%
2081  NP_416783.1      98.52%    failed      0.00%
2082  NP_416784.1      98.56%    failed      1.45%
2083  NP_416785.1      97.39%    failed      0.00%
2084  NP_416786.4      92.71%    failed      0.00%
2085  NP_416787.1      96.43%    failed      0.00%
2086  NP_416788.1      98.67%    passed     14.06%
2087  NP_416789.2      95.22%    failed      0.00%
2088  NP_416790.1      98.23%    failed      4.63%
2089  NP_416791.3      98.82%    failed      0.00%
2090  NP_416792.1      97.50%    failed      0.00%
2091  NP_416793.1      96.75%    failed      0.00%
2092  NP_416794.1      98.40%    failed      0.00%
2093  NP_416795.1      95.10%    failed      0.00%
2094  NP_416796.2      98.27%    failed      0.00%
2095  NP_416797.2      98.68%    failed      4.68%
2096  NP_416798.1      98.79%    failed      0.76%
2097  NP_416799.1      96.79%    failed      0.00%
2098  NP_416800.1      94.27%    failed      0.00%
2099  NP_416801.2      95.94%    failed      0.00%
2100  NP_416802.1      98.56%    failed      0.00%
2101  NP_416803.3      98.52%    failed      0.03%
2102  NP_416804.1      98.28%    failed      0.01%
2103  NP_416805.1      98.27%    failed      0.43%
2104  NP_416806.1      99.04%    failed      0.46%
2105  NP_416807.1      97.62%    failed      0.00%
2106  NP_416808.1      97.62%    failed      0.00%
2107  NP_416809.1      97.94%    failed      0.00%
2108  NP_416810.1      98.09%    failed      0.00%
2109  NP_416811.1      98.17%    failed      0.00%
2110  NP_416812.1      97.91%    failed      0.00%
2111  NP_416813.1      97.91%    failed      0.00%
2112  NP_416814.1      98.48%    failed      0.00%
2113  NP_416815.1      95.95%    failed      0.00%
2114  NP_416816.1      98.70%    failed      0.00%
2115  NP_416817.2      98.23%    failed      0.00%
2116  NP_416818.1      96.61%    failed      0.00%
2117  NP_416819.1      97.56%    failed      0.00%
2118  NP_416820.1      98.24%    failed      0.00%
2119  NP_416821.1      97.83%    failed      0.04%
2120  NP_416822.1      97.29%    failed      0.00%
2121  NP_416823.1      96.97%    failed      0.00%
2122  NP_416824.1      97.34%    failed      0.00%
2123  NP_416825.1      96.85%    failed      0.00%
2124  NP_416826.1      96.74%    failed      0.00%
2125  NP_416827.4      94.64%    failed      0.00%
2126  NP_416828.1      99.26%    failed      0.15%
2127  NP_416829.1      98.54%    passed     13.06%
2128  NP_416830.1      97.84%    failed      0.00%
2129  NP_416831.1      97.80%    failed      0.00%
2130  NP_416832.1      97.10%    failed      0.00%
2131  NP_416833.4      97.51%    failed      0.01%
2132  NP_416834.1      98.53%    failed      0.04%
2133  NP_416835.2      97.81%    failed      0.18%
2134  NP_416836.1      98.56%    failed      0.00%
2135  NP_416837.1      98.70%    failed      0.29%
2136  NP_416838.1      98.64%    failed      0.01%
2137  NP_416839.1      97.99%    failed      0.00%
2138  NP_416841.1      98.50%    failed      0.00%
2139  NP_416842.1      98.71%    failed      0.03%
2140  NP_416843.1      94.27%    failed      0.00%
2141  NP_416844.1      96.50%    failed      0.00%
2142  NP_416845.2      99.25%    failed      1.61%
2143  NP_416846.2      96.42%    failed      0.00%
2144  NP_416847.1      97.17%    failed      0.00%
2145  NP_416848.1      97.99%    failed      0.01%
2146  NP_416849.1      97.51%    failed      0.00%
2147  NP_416850.1      96.91%    failed      0.00%
2148  NP_416851.1      99.04%    failed      0.00%
2149  NP_416852.1      97.54%    failed      0.00%
2150  NP_416853.1      96.44%    failed      0.00%
2151  NP_416855.1      98.83%    failed      0.43%
2152  NP_416858.1      98.68%    failed      0.00%
2153  NP_416860.4      99.04%    failed      0.54%
2154  NP_416861.1      97.80%    failed      0.00%
2155  NP_416862.2      98.57%    passed     13.80%
2156  NP_416863.1      99.04%    passed      5.29%
2157  NP_416864.1      99.19%    failed      1.54%
2158  NP_416865.1      97.50%    failed      0.01%
2159  NP_416866.1      96.43%    failed      0.00%
2160  NP_416867.1      96.45%    failed      0.00%
2161  NP_416868.1      95.89%    failed      0.00%
2162  NP_416869.1      96.89%    failed      0.00%
2163  NP_416870.1      98.36%    failed      0.00%
2164  NP_416871.1      90.39%    failed      0.00%
2165  NP_416872.4      96.94%    failed      0.02%
2166  NP_416873.1      97.48%    failed      0.00%
2167  NP_416874.1      95.47%    failed      0.00%
2168  NP_416875.1      96.66%    failed      0.01%
2169  NP_416876.1      98.31%    failed      0.00%
2170  NP_416877.1      99.27%    passed      7.00%
2171  NP_416878.1      99.36%    failed      0.11%
2172  NP_416879.4      97.54%    failed      0.08%
2173  NP_416880.1      96.69%    failed      0.00%
2174  NP_416881.1      95.46%    failed      0.00%
2175  NP_416882.1      98.04%    failed      0.51%
2176  NP_416883.1      97.71%    failed      0.00%
2177  NP_416884.1      93.33%    failed      0.00%
2178  NP_416885.1      97.23%    failed      0.00%
2179  NP_416886.1      97.10%    failed      0.00%
2180  NP_416887.1      96.67%    failed      0.00%
2181  NP_416888.1      99.13%    failed      0.00%
2182  NP_416889.1      97.42%    failed      0.00%
2183  NP_416890.1      96.64%    failed      0.00%
2184  NP_416891.1      99.13%    failed      0.00%
2185  NP_416893.1      96.69%    failed      0.00%
2186  NP_416894.1      96.79%    failed      0.00%
2187  NP_416895.2      97.03%    failed      0.00%
2188  NP_416896.4      94.15%    failed      0.00%
2189  NP_416897.2      99.08%    failed      0.20%
2190  NP_416898.3      98.96%    failed      0.99%
2191  NP_416899.1      96.22%    failed      0.00%
2192  NP_416900.1      97.64%    failed      0.00%
2193  NP_416901.1      96.64%    failed      0.00%
2194  NP_416902.1      97.78%    failed      0.00%
2195  NP_416903.1      97.96%    failed      0.00%
2196  NP_416904.1      97.53%    failed      0.00%
2197  NP_416905.1      97.33%    failed      0.00%
2198  NP_416906.1      94.61%    failed      0.00%
2199  NP_416907.1      97.37%    failed      0.00%
2200  NP_416908.1      97.97%    failed      0.00%
2201  NP_416909.1      97.41%    failed      0.00%
2202  NP_416910.1      99.32%    failed      0.13%
2203  NP_416911.1      95.38%    failed      0.00%
2204  NP_416912.1      98.64%    failed      0.00%
2205  NP_416913.1      97.73%    failed      0.00%
2206  NP_416914.1      99.00%    passed      6.55%
2207  NP_416915.1      98.04%    failed      0.26%
2208  NP_416916.1      97.57%    failed      0.00%
2209  NP_416917.1      97.07%    failed      0.00%
2210  NP_416919.1      97.78%    failed      0.00%
2211  NP_416920.1      97.29%    failed      0.00%
2212  NP_416921.4      97.89%    failed      0.00%
2213  NP_416922.1      97.71%    failed      0.00%
2214  NP_416923.1      97.61%    failed      0.00%
2215  NP_416924.1      96.19%    failed      0.00%
2216  NP_416925.2      96.52%    failed      0.00%
2217  NP_416926.4      97.60%    failed      0.00%
2218  NP_416927.1      98.47%    failed      1.36%
2219  NP_416928.4      98.80%    failed      0.00%
2220  NP_416929.4      98.87%    failed      0.05%
2221  NP_416930.1      97.68%    failed      0.00%
2222  NP_416931.1      97.60%    failed      0.01%
2223  NP_416932.1      97.19%    failed      0.00%
2224  NP_416933.4      98.67%    failed      0.00%
2225  NP_416934.1      98.24%    failed      0.00%
2226  NP_416935.1      97.63%    failed      0.00%
2227  NP_416936.4      96.36%    failed      0.00%
2228  NP_416937.2      96.77%    failed      0.00%
2229  NP_416938.1      98.29%    failed      0.00%
2230  NP_416939.1      99.35%    failed      1.13%
2231  NP_416940.2      99.02%    failed      0.04%
2232  NP_416941.1      98.89%    failed      2.32%
2233  NP_416942.1      98.42%    passed     13.59%
2234  NP_416943.2      99.00%    failed      0.01%
2235  NP_416944.1      98.96%    failed      0.03%
2236  NP_416945.2      97.84%    failed      0.00%
2237  NP_416946.1      96.25%    failed      0.00%
2238  NP_416947.1      96.72%    failed      0.00%
2239  NP_416948.4      96.83%    failed      0.00%
2240  NP_416949.1      97.77%    failed      0.00%
2241  NP_416950.1      96.25%    failed      0.00%
2242  NP_416951.1      99.24%    failed      0.46%
2243  NP_416952.2      99.22%    failed      0.00%
2244  NP_416953.1      97.29%    failed      0.00%
2245  NP_416954.1      97.86%    failed      0.00%
2246  NP_416955.1      98.13%    failed      0.02%
2247  NP_416956.1      98.72%    passed      7.19%
2248  NP_416957.4      99.11%    failed      0.14%
2249  NP_416958.1      93.91%    failed      0.00%
2250  NP_416959.1      97.46%    failed      0.00%
2251  NP_416960.1      94.65%    failed      0.00%
2252  NP_416961.1      97.21%    failed      0.00%
2253  NP_416962.1      98.47%    failed      0.01%
2254  NP_416963.1      94.71%    failed      0.00%
2255  NP_416964.1      95.46%    failed      0.00%
2256  NP_416965.1      91.68%    failed      0.00%
2257  NP_416966.1      99.05%    passed     30.28%
2258  NP_416967.1      96.99%    failed      0.00%
2259  NP_416968.2      98.14%    failed      0.00%
2260  NP_416969.1      94.61%    failed      0.00%
2261  NP_416970.1      97.70%    failed      0.00%
2262  NP_416971.1      98.10%    failed      0.00%
2263  NP_416972.4      97.24%    failed      0.00%
2264  NP_416973.1      97.66%    failed      0.00%
2265  NP_416974.4      98.47%    failed      0.16%
2266  NP_416975.1      98.75%    failed      3.20%
2267  NP_416976.4      98.35%    failed      0.00%
2268  NP_416977.1      94.61%    failed      0.00%
2269  NP_416978.4      97.47%    failed      0.00%
2270  NP_416979.1      96.15%    failed      0.00%
2271  NP_416980.1      98.27%    failed      0.00%
2272  NP_416981.1      95.78%    failed      0.00%
2273  NP_416982.1      95.54%    failed      0.00%
2274  NP_416983.1      98.55%    failed      0.00%
2275  NP_416984.1      97.98%    failed      0.01%
2276  NP_416985.4      98.90%    passed      6.11%
2277  NP_416986.4      94.62%    failed      0.00%
2278  NP_416987.1      97.74%    failed      0.00%
2279  NP_416988.1      97.17%    failed      0.00%
2280  NP_416989.1      96.09%    failed      0.00%
2281  NP_416990.1      99.04%    failed      0.05%
2282  NP_416991.2      98.13%    failed      0.00%
2283  NP_416992.1      96.56%    failed      0.00%
2284  NP_416993.2      98.33%    failed      0.00%
2285  NP_416994.1      97.23%    failed      0.00%
2286  NP_416995.1      98.30%    failed      0.12%
2287  NP_416996.1      94.48%    failed      0.00%
2288  NP_416997.1      95.88%    failed      0.00%
2289  NP_416998.1      94.00%    failed      0.00%
2290  NP_416999.1      99.49%    failed      0.81%
2291  NP_417000.1      98.62%    failed      0.00%
2292  NP_417001.1      98.56%    failed      0.00%
2293  NP_417002.1      95.79%    failed      0.00%
2294  NP_417003.1      96.08%    failed      0.00%
2295  NP_417004.1      96.34%    failed      0.00%
2296  NP_417005.2      99.43%    passed      9.65%
2297  NP_417006.2      96.07%    failed      0.00%
2298  NP_417007.1      96.85%    failed      0.00%
2299  NP_417008.1      98.35%    failed      0.00%
2300  NP_417009.1      96.60%    failed      0.00%
2301  NP_417010.1      97.01%    failed      0.00%
2302  NP_417011.1      97.29%    failed      0.00%
2303  NP_417012.1      96.92%    failed      0.00%
2304  NP_417013.1      98.85%    failed      0.11%
2305  NP_417014.1      93.82%    failed      0.00%
2306  NP_417015.1      86.73%    failed      0.00%
2307  NP_417016.4      97.74%    failed      0.00%
2308  NP_417017.4      97.93%    failed      0.00%
2309  NP_417018.4      96.57%    failed      0.00%
2310  NP_417019.1      99.47%    failed      1.71%
2311  NP_417020.1      99.11%    failed      1.74%
2312  NP_417021.1      95.05%    failed      0.00%
2313  NP_417022.1      98.63%    failed      0.00%
2314  NP_417023.1      99.14%    failed      0.18%
2315  NP_417024.1      98.97%    failed      0.07%
2316  NP_417026.1      98.70%    failed      0.00%
2317  NP_417027.1      98.03%    failed      0.00%
2318  NP_417028.1      97.86%    failed      0.00%
2319  NP_417029.4      97.72%    failed      0.01%
2320  NP_417030.2      96.58%    failed      0.00%
2321  NP_417031.1      96.96%    failed      0.00%
2322  NP_417032.1      97.62%    failed      0.00%
2323  NP_417033.1      96.36%    failed      0.02%
2324  NP_417034.1      98.62%    failed      0.03%
2325  NP_417035.1      99.15%    passed      9.21%
2326  NP_417036.1      97.83%    failed      0.00%
2327  NP_417037.1      96.79%    failed      0.00%
2328  NP_417038.4      98.88%    failed      0.00%
2329  NP_417039.1      97.67%    failed      0.12%
2330  NP_417040.2      97.17%    failed      0.00%
2331  NP_417041.1      97.33%    failed      0.00%
2332  NP_417042.1      95.96%    failed      0.00%
2333  NP_417043.1      97.37%    failed      0.00%
2334  NP_417044.4      91.23%    failed      0.00%
2335  NP_417045.4      96.81%    failed      0.00%
2336  NP_417046.1      96.65%    failed      0.00%
2337  NP_417047.1      96.82%    failed      0.00%
2338  NP_417048.1      99.10%    failed      0.00%
2339  NP_417049.1      96.44%    failed      0.00%
2340  NP_417050.1      98.10%    failed      0.00%
2341  NP_417051.2      96.19%    failed      0.00%
2342  NP_417053.2      95.84%    failed      0.00%
2343  NP_417054.2      98.66%    failed      1.09%
2344  NP_417055.4      98.31%    failed      0.00%
2345  NP_417056.2      97.74%    failed      0.00%
2346  NP_417057.1      99.31%    failed      4.34%
2347  NP_417058.1      98.99%    failed      0.01%
2348  NP_417059.1      98.05%    failed      0.00%
2349  NP_417060.1      98.06%    failed      0.00%
2350  NP_417061.1      97.58%    failed      0.00%
2351  NP_417062.1      98.19%    failed      0.00%
2352  NP_417063.1      97.40%    failed      0.03%
2353  NP_417064.1      95.19%    failed      0.00%
2354  NP_417065.1      98.72%    failed      0.00%
2355  NP_417066.1      97.45%    failed      0.00%
2356  NP_417067.1      98.27%    failed      0.00%
2357  NP_417068.1      98.47%    failed      0.00%
2358  NP_417069.1      95.67%    failed      0.00%
2359  NP_417070.2      98.03%    failed      0.08%
2360  NP_417071.1      96.44%    failed      0.00%
2361  NP_417072.4      97.65%    failed      0.00%
2362  NP_417073.1      98.43%    failed      0.00%
2363  NP_417074.1      98.98%    failed      0.50%
2364  NP_417075.1      98.16%    failed      0.66%
2365  NP_417076.1      97.23%    failed      0.00%
2366  NP_417077.1      98.88%    passed     19.70%
2367  NP_417078.4      98.14%    failed      0.00%
2368  NP_417079.1      92.89%    failed      0.00%
2369  NP_417080.4      96.38%    failed      0.00%
2370  NP_417081.2      99.14%    failed      0.01%
2371  NP_417082.1      96.53%    failed      0.00%
2372  NP_417083.1      93.12%    failed      0.00%
2373  NP_417084.1      98.05%    failed      0.07%
2374  NP_417085.1      97.38%    failed      0.00%
2375  NP_417086.1      98.03%    failed      0.00%
2376  NP_417088.1      99.09%    failed      2.96%
2377  NP_417089.1      99.88%    failed      0.00%
2378  NP_417090.1      96.90%    failed      0.00%
2379  NP_417091.1      97.01%    failed      0.00%
2380  NP_417092.1      97.14%    failed      0.00%
2381  NP_417093.2      99.03%    passed     11.10%
2382  NP_417094.1      98.62%    failed      0.70%
2383  NP_417095.1      96.72%    failed      0.00%
2384  NP_417096.1      98.72%    failed      0.86%
2385  NP_417097.1      99.08%    failed      0.03%
2386  NP_417098.1      97.95%    failed      0.00%
2387  NP_417099.4      98.54%    failed      0.35%
2388  NP_417100.1      99.34%    failed      1.73%
2389  NP_417101.1      96.36%    failed      0.00%
2390  NP_417102.4      97.89%    failed      0.00%
2391  NP_417104.1      98.42%    failed      0.00%
2392  NP_417105.1      97.66%    failed      0.04%
2393  NP_417107.2      99.09%    failed      0.85%
2394  NP_417108.4      99.23%    failed      0.86%
2395  NP_417109.1      98.73%    passed      5.38%
2396  NP_417110.1      98.72%    failed      0.19%
2397  NP_417111.1      96.68%    failed      0.00%
2398  NP_417112.1      97.45%    failed      0.04%
2399  NP_417113.1      99.44%    passed     63.90%
2400  NP_417114.1      96.24%    failed      0.00%
2401  NP_417115.1      98.33%    failed      0.03%
2402  NP_417116.1      94.15%    failed      0.00%
2403  NP_417117.1      95.68%    failed      0.00%
2404  NP_417118.1      99.30%    passed     50.52%
2405  NP_417119.1      97.13%    failed      0.00%
2406  NP_417120.2      99.01%    failed      2.03%
2407  NP_417122.1      97.81%    failed      0.00%
2408  NP_417123.1      98.13%    failed      0.00%
2409  NP_417124.4      98.82%    failed      0.30%
2410  NP_417125.1      98.76%    failed      3.53%
2411  NP_417129.1      95.45%    failed      0.00%
2412  NP_417130.1      98.78%    passed     56.29%
2413  NP_417131.1      98.72%    failed      0.03%
2414  NP_417132.1      99.16%    passed     73.32%
2415  NP_417133.1      99.12%    passed     22.04%
2416  NP_417134.2      87.75%    failed      0.00%
2417  NP_417145.4      97.39%    failed      0.00%
2418  NP_417146.2      96.61%    failed      0.00%
2419  NP_417147.1      96.13%    failed      0.00%
2420  NP_417148.1      96.58%    failed      0.00%
2421  NP_417149.1      96.26%    failed      0.00%
2422  NP_417150.4      98.23%    failed      0.00%
2423  NP_417151.1      98.80%    failed      0.00%
2424  NP_417152.1      99.58%    failed      0.03%
2425  NP_417153.1      99.21%    failed      0.02%
2426  NP_417154.1      98.60%    failed      0.00%
2427  NP_417155.1      98.92%    failed      0.02%
2428  NP_417156.1      98.80%    failed      0.01%
2429  NP_417157.1      99.08%    failed      3.33%
2430  NP_417158.4      99.12%    failed      0.07%
2431  NP_417159.1      99.35%    passed     23.11%
2432  NP_417160.1      98.91%    failed      0.29%
2433  NP_417161.1      94.27%    failed      0.00%
2434  NP_417162.1      97.44%    failed      0.00%
2435  NP_417163.1      96.79%    failed      0.00%
2436  NP_417164.1      97.16%    failed      0.00%
2437  NP_417165.1      97.35%    failed      0.00%
2438  NP_417167.1      98.03%    failed      0.00%
2439  NP_417168.1      99.11%    failed      0.00%
2440  NP_417169.1      98.59%    failed      0.00%
2441  NP_417170.1      96.87%    failed      0.00%
2442  NP_417171.1      95.89%    failed      0.00%
2443  NP_417172.1      98.63%    passed     30.22%
2444  NP_417173.1      95.84%    failed      0.00%
2445  NP_417174.1      98.86%    failed      0.00%
2446  NP_417175.1      98.49%    failed      0.00%
2447  NP_417176.1      99.51%    failed      4.03%
2448  NP_417177.1      92.97%    failed      0.00%
2449  NP_417178.1      98.67%    failed      0.00%
2450  NP_417179.1      97.17%    failed      0.00%
2451  NP_417180.1      98.68%    failed      0.00%
2452  NP_417181.1      97.10%    failed      0.00%
2453  NP_417184.1      99.01%    failed      4.96%
2454  NP_417185.1      97.92%    failed      0.00%
2455  NP_417186.1      99.04%    failed      0.25%
2456  NP_417187.1      97.94%    failed      0.01%
2457  NP_417188.4      97.42%    failed      0.00%
2458  NP_417189.2      95.95%    failed      0.00%
2459  NP_417190.1      96.15%    failed      0.25%
2460  NP_417191.1      96.97%    failed      0.00%
2461  NP_417192.1      93.98%    failed      0.00%
2462  NP_417193.1      98.60%    failed      0.00%
2463  NP_417194.2      97.30%    failed      0.00%
2464  NP_417196.1      96.19%    failed      0.01%
2465  NP_417197.1      98.75%    failed      0.03%
2466  NP_417198.1      98.91%    passed     15.57%
2467  NP_417199.1      97.95%    failed      0.02%
2468  NP_417200.1      98.56%    failed      1.52%
2469  NP_417201.1      95.43%    failed      0.00%
2470  NP_417202.1      97.54%    failed      0.00%
2471  NP_417203.1      95.12%    failed      0.00%
2472  NP_417204.1      98.37%    failed      0.04%
2473  NP_417205.1      98.77%    passed     29.70%
2474  NP_417206.1      99.07%    failed      0.20%
2475  NP_417207.1      97.67%    failed      0.01%
2476  NP_417208.1      99.28%    failed      1.54%
2477  NP_417209.1      97.01%    failed      0.00%
2478  NP_417210.2      97.30%    failed      0.00%
2479  NP_417211.1      94.44%    failed      0.00%
2480  NP_417212.1      99.06%    failed      0.06%
2481  NP_417213.1      93.15%    failed      0.00%
2482  NP_417214.1      98.25%    failed      0.40%
2483  NP_417215.2      97.95%    failed      0.00%
2484  NP_417216.1      97.58%    failed      0.00%
2485  NP_417217.1      96.89%    failed      0.00%
2486  NP_417218.1      98.30%    failed      0.00%
2487  NP_417219.1      97.93%    failed      0.00%
2488  NP_417220.1      96.36%    failed      0.00%
2489  NP_417221.1      97.35%    failed      0.00%
2490  NP_417222.1      96.96%    failed      0.00%
2491  NP_417223.1      98.33%    failed      0.00%
2492  NP_417224.1      97.97%    failed      0.00%
2493  NP_417225.1      97.20%    failed      0.00%
2494  NP_417226.1      98.72%    failed      0.00%
2495  NP_417227.1      98.11%    failed      0.00%
2496  NP_417228.1      99.17%    failed      0.95%
2497  NP_417229.1      99.14%    failed      0.05%
2498  NP_417230.1      98.39%    failed      0.00%
2499  NP_417231.1      96.19%    failed      0.00%
2500  NP_417232.1      97.58%    failed      0.98%
2501  NP_417233.1      97.23%    failed      0.00%
2502  NP_417234.2      99.25%    failed      0.21%
2503  NP_417235.1      97.55%    failed      0.00%
2504  NP_417236.1      98.40%    failed      0.84%
2505  NP_417237.2      98.20%    failed      0.00%
2506  NP_417238.1      97.09%    failed      0.00%
2507  NP_417239.1      98.72%    failed      0.08%
2508  NP_417240.1      95.97%    failed      0.00%
2509  NP_417241.1      92.87%    failed      0.00%
2510  NP_417242.1      98.04%    failed      0.00%
2511  NP_417243.1      95.42%    failed      0.00%
2512  NP_417244.1      95.19%    failed      0.00%
2513  NP_417245.1      99.03%    passed     38.08%
2514  NP_417246.4      96.60%    failed      0.00%
2515  NP_417247.2      99.31%    passed     29.28%
2516  NP_417248.1      98.47%    failed      0.01%
2517  NP_417249.4      97.70%    failed      0.00%
2518  NP_417250.4      97.92%    failed      0.00%
2519  NP_417251.2      96.43%    failed      0.00%
2520  NP_417254.4      97.90%    failed      0.00%
2521  NP_417255.1      96.59%    failed      0.00%
2522  NP_417256.1      96.05%    failed      0.00%
2523  NP_417257.1      98.21%    failed      4.01%
2524  NP_417258.4      97.67%    failed      0.00%
2525  NP_417259.1      96.53%    failed      0.00%
2526  NP_417260.1      95.62%    failed      0.00%
2527  NP_417261.1      97.89%    failed      0.00%
2528  NP_417262.1      99.11%    passed     34.84%
2529  NP_417263.1      99.34%    failed      3.71%
2530  NP_417264.1      94.03%    failed      0.00%
2531  NP_417265.1      96.52%    failed      0.00%
2532  NP_417266.1      92.63%    failed      0.00%
2533  NP_417267.1      96.42%    failed      0.00%
2534  NP_417268.1      96.42%    failed      0.00%
2535  NP_417269.1      96.39%    failed      0.00%
2536  NP_417270.1      98.80%    failed      0.39%
2537  NP_417271.1      97.91%    failed      0.00%
2538  NP_417272.1      99.12%    failed      0.01%
2539  NP_417273.1      98.55%    failed      0.73%
2540  NP_417274.1      97.74%    failed      0.00%
2541  NP_417275.1      96.36%    failed      0.00%
2542  NP_417276.1      96.56%    failed      0.00%
2543  NP_417277.1      96.35%    failed      0.00%
2544  NP_417278.4      97.99%    failed      0.10%
2545  NP_417279.2      96.93%    failed      0.00%
2546  NP_417280.1      98.27%    failed      0.04%
2547  NP_417281.1      96.48%    failed      0.00%
2548  NP_417282.1      95.26%    failed      0.00%
2549  NP_417283.2      96.21%    failed      0.00%
2550  NP_417284.1      98.88%    failed      0.29%
2551  NP_417285.1      98.05%    failed      0.00%
2552  NP_417286.1      97.06%    failed      0.19%
2553  NP_417287.1      98.95%    failed      0.00%
2554  NP_417288.1      97.55%    failed      0.00%
2555  NP_417289.2      99.40%    passed     21.29%
2556  NP_417290.1      96.78%    failed      0.00%
2557  NP_417291.1      98.82%    failed      0.00%
2558  NP_417292.1      97.85%    failed      0.00%
2559  NP_417293.1      97.07%    failed      0.00%
2560  NP_417294.4      96.65%    failed      0.00%
2561  NP_417295.1      96.44%    failed      0.00%
2562  NP_417296.1      95.12%    failed      0.00%
2563  NP_417297.1      90.53%    failed      0.00%
2564  NP_417298.1      92.28%    failed      0.00%
2565  NP_417299.1      90.99%    failed      0.00%
2566  NP_417300.1      99.14%    failed      0.07%
2567  NP_417301.4      98.92%    failed      0.01%
2568  NP_417302.1      98.50%    failed      0.41%
2569  NP_417303.1      98.75%    failed      0.75%
2570  NP_417304.1      97.88%    passed     13.16%
2571  NP_417305.1      97.66%    failed      0.00%
2572  NP_417306.1      94.00%    failed      0.00%
2573  NP_417307.1      98.59%    failed      1.70%
2574  NP_417308.1      98.16%    failed      0.00%
2575  NP_417309.1      98.10%    failed      0.00%
2576  NP_417310.1      99.42%    passed     12.49%
2577  NP_417311.1      97.22%    failed      0.00%
2578  NP_417312.1      96.81%    failed      0.00%
2579  NP_417313.1      94.23%    failed      0.00%
2580  NP_417314.1      97.25%    failed      0.00%
2581  NP_417315.1      96.63%    failed      0.00%
2582  NP_417316.1      97.50%    failed      0.00%
2583  NP_417317.1      98.15%    failed      0.00%
2584  NP_417318.1      96.21%    failed      0.00%
2585  NP_417319.1      97.97%    failed      0.00%
2586  NP_417320.1      97.77%    failed      0.31%
2587  NP_417321.2      96.85%    failed      0.00%
2588  NP_417322.1      96.72%    failed      0.00%
2589  NP_417323.2      98.31%    passed      5.37%
2590  NP_417324.1      97.84%    failed      0.61%
2591  NP_417325.4      98.72%    failed      4.71%
2592  NP_417326.2      98.87%    failed      0.00%
2593  NP_417328.1      98.69%    failed      0.01%
2594  NP_417329.1      96.32%    failed      0.00%
2595  NP_417330.1      99.42%    failed      3.52%
2596  NP_417337.1      97.58%    failed      0.00%
2597  NP_417338.3      99.03%    failed      0.02%
2598  NP_417341.4      97.99%    failed      0.00%
2599  NP_417342.1      93.96%    failed      0.00%
2600  NP_417343.1      97.66%    failed      0.00%
2601  NP_417344.1      98.72%    failed      0.02%
2602  NP_417345.1      95.25%    failed      0.00%
2603  NP_417347.1      96.81%    failed      0.00%
2604  NP_417348.1      96.76%    failed      0.00%
2605  NP_417349.4      96.30%    failed      0.00%
2606  NP_417350.1      97.51%    failed      0.00%
2607  NP_417351.1      95.66%    failed      0.00%
2608  NP_417352.2      97.94%    failed      0.26%
2609  NP_417353.1      98.46%    failed      0.94%
2610  NP_417354.1      91.72%    failed      0.00%
2611  NP_417355.4      96.45%    failed      0.00%
2612  NP_417356.1      97.92%    failed      0.00%
2613  NP_417357.1      92.33%    failed      0.00%
2614  NP_417358.2      96.26%    failed      0.00%
2615  NP_417359.1      96.48%    failed      0.01%
2616  NP_417362.4      98.70%    failed      0.00%
2617  NP_417363.2      94.87%    failed      0.00%
2618  NP_417364.2      96.13%    failed      0.00%
2619  NP_417365.1      98.54%    passed     17.83%
2620  NP_417366.1      95.95%    failed      0.00%
2621  NP_417367.1      97.07%    failed      0.00%
2622  NP_417368.1      95.37%    failed      0.00%
2623  NP_417369.1      98.11%    failed      0.00%
2624  NP_417370.1      97.61%    failed      0.00%
2625  NP_417371.1      98.61%    failed      0.05%
2626  NP_417372.1      98.92%    failed      0.00%
2627  NP_417373.1      99.29%    failed      3.18%
2628  NP_417374.1      97.38%    failed      0.00%
2629  NP_417375.1      98.24%    failed      0.00%
2630  NP_417376.1      99.17%    failed      0.51%
2631  NP_417377.1      96.15%    failed      0.00%
2632  NP_417378.1      98.02%    failed      0.00%
2633  NP_417379.1      92.32%    failed      0.00%
2634  NP_417380.1      98.96%    failed      0.00%
2635  NP_417381.1      97.08%    failed      0.00%
2636  NP_417382.1      96.79%    failed      0.00%
2637  NP_417383.1      96.85%    failed      0.00%
2638  NP_417384.1      96.46%    failed      0.00%
2639  NP_417385.4      98.46%    failed      0.00%
2640  NP_417386.1      99.12%    failed      0.02%
2641  NP_417387.3      98.54%    failed      0.11%
2642  NP_417388.1      96.71%    failed      0.00%
2643  NP_417389.1      98.24%    failed      0.00%
2644  NP_417391.1      97.62%    failed      0.00%
2645  NP_417392.1      94.27%    failed      0.00%
2646  NP_417393.1      97.34%    failed      0.00%
2647  NP_417394.4      97.90%    failed      0.12%
2648  NP_417395.1      96.05%    failed      0.00%
2649  NP_417396.4      97.61%    failed      0.01%
2650  NP_417397.1      98.03%    failed      0.00%
2651  NP_417398.1      98.31%    failed      0.00%
2652  NP_417399.1      97.70%    failed      0.00%
2653  NP_417400.1      97.12%    failed      0.00%
2654  NP_417401.1      96.89%    failed      0.00%
2655  NP_417402.1      97.28%    failed      0.00%
2656  NP_417403.1      98.10%    failed      0.61%
2657  NP_417404.1      98.64%    failed      0.01%
2658  NP_417405.1      97.42%    failed      0.00%
2659  NP_417408.1      96.29%    failed      0.00%
2660  NP_417409.1      98.82%    failed      0.01%
2661  NP_417411.2      97.98%    failed      0.00%
2662  NP_417412.1      97.54%    failed      0.00%
2663  NP_417413.1      94.72%    failed      0.00%
2664  NP_417414.2      99.65%    passed     58.43%
2665  NP_417415.1      99.43%    failed      2.18%
2666  NP_417417.1      96.92%    failed      0.00%
2667  NP_417418.1      96.28%    failed      0.00%
2668  NP_417419.1      98.68%    failed      0.04%
2669  NP_417420.1      98.11%    failed      0.12%
2670  NP_417421.4      98.05%    failed      0.00%
2671  NP_417422.1      97.46%    failed      0.00%
2672  NP_417423.4      98.50%    failed      0.23%
2673  NP_417424.1      98.89%    failed      2.08%
2674  NP_417425.2      97.38%    failed      0.00%
2675  NP_417426.1      98.12%    failed      0.00%
2676  NP_417427.1      98.49%    failed      0.00%
2677  NP_417428.2      99.23%    failed      1.22%
2678  NP_417429.1      98.42%    failed      0.00%
2679  NP_417430.1      96.97%    failed      0.00%
2680  NP_417431.1      97.31%    failed      0.00%
2681  NP_417432.1      97.21%    failed      0.00%
2682  NP_417433.1      98.08%    failed      0.00%
2683  NP_417434.4      99.13%    failed      3.62%
2684  NP_417435.1      98.08%    failed      0.04%
2685  NP_417436.1      97.19%    failed      0.00%
2686  NP_417437.1      99.27%    failed      3.04%
2687  NP_417438.2      97.12%    failed      0.00%
2688  NP_417439.4      96.64%    failed      0.00%
2689  NP_417440.4      94.29%    failed      0.00%
2690  NP_417441.1      98.11%    failed      0.00%
2691  NP_417442.1      98.57%    failed      0.11%
2692  NP_417445.1      98.91%    failed      0.00%
2693  NP_417446.4      97.84%    failed      0.00%
2694  NP_417449.1      95.50%    failed      0.00%
2695  NP_417450.1      94.20%    failed      0.00%
2696  NP_417451.1      98.92%    failed      0.00%
2697  NP_417453.1      95.99%    failed      0.00%
2698  NP_417454.1      97.96%    failed      0.00%
2699  NP_417456.2      97.38%    failed      0.03%
2700  NP_417458.1      97.98%    failed      0.00%
2701  NP_417459.1      98.10%    failed      0.04%
2702  NP_417460.1      98.15%    failed      0.01%
2703  NP_417461.1      95.99%    failed      0.00%
2704  NP_417462.1      95.03%    failed      0.00%
2705  NP_417463.4      97.69%    failed      0.18%
2706  NP_417464.1      99.34%    failed      2.53%
2707  NP_417465.1      99.09%    failed      0.14%
2708  NP_417466.1      98.70%    failed      2.08%
2709  NP_417467.1      98.68%    failed      0.00%
2710  NP_417468.1      95.45%    failed      0.00%
2711  NP_417469.1      96.85%    failed      0.00%
2712  NP_417470.1      97.37%    failed      0.00%
2713  NP_417471.1      97.01%    failed      0.00%
2714  NP_417472.1      99.24%    passed     17.38%
2715  NP_417474.1      97.22%    failed      0.00%
2716  NP_417475.1      98.68%    failed      0.00%
2717  NP_417476.1      97.64%    failed      0.00%
2718  NP_417478.1      98.87%    failed      0.03%
2719  NP_417479.1      98.04%    failed      0.00%
2720  NP_417481.1      96.83%    failed      0.00%
2721  NP_417482.1      98.24%    failed      0.00%
2722  NP_417483.2      97.45%    failed      0.00%
2723  NP_417484.1      96.89%    failed      0.00%
2724  NP_417485.4      97.79%    failed      0.01%
2725  NP_417487.1      99.32%    failed      3.30%
2726  NP_417489.1      96.23%    failed      0.00%
2727  NP_417490.1      98.03%    failed      1.07%
2728  NP_417491.1      93.96%    failed      0.00%
2729  NP_417492.1      95.71%    failed      0.00%
2730  NP_417493.1      98.95%    passed     12.59%
2731  NP_417494.1      99.21%    passed     20.49%
2732  NP_417496.1      98.96%    failed      0.28%
2733  NP_417497.1      98.24%    failed      0.00%
2734  NP_417498.1      96.40%    failed      0.00%
2735  NP_417499.1      99.12%    failed      0.02%
2736  NP_417500.1      98.45%    passed      6.49%
2737  NP_417501.1      99.17%    passed     21.55%
2738  NP_417502.1      94.94%    failed      0.00%
2739  NP_417503.1      98.45%    failed      0.04%
2740  NP_417504.1      97.79%    failed      0.00%
2741  NP_417505.1      98.88%    passed     31.52%
2742  NP_417506.1      98.32%    failed      0.00%
2743  NP_417507.2      96.04%    failed      0.00%
2744  NP_417509.3      98.21%    failed      0.00%
2745  NP_417510.1      96.90%    failed      0.00%
2746  NP_417511.3      97.82%    failed      0.00%
2747  NP_417512.1      97.94%    failed      0.00%
2748  NP_417513.1      98.26%    failed      0.00%
2749  NP_417514.4      99.23%    failed      0.00%
2750  NP_417515.1      98.53%    failed      0.01%
2751  NP_417516.3      99.03%    failed      0.02%
2752  NP_417517.1      97.58%    failed      0.00%
2753  NP_417519.4      98.00%    failed      0.33%
2754  NP_417520.1      97.16%    failed      0.00%
2755  NP_417521.1      99.47%    passed     43.28%
2756  NP_417522.1      98.32%    failed      0.00%
2757  NP_417523.1      95.56%    failed      0.00%
2758  NP_417524.1      96.17%    failed      0.00%
2759  NP_417525.1      92.41%    failed      0.00%
2760  NP_417526.1      96.52%    failed      0.00%
2761  NP_417527.1      98.35%    failed      0.00%
2762  NP_417528.1      96.69%    failed      0.00%
2763  NP_417529.1      97.81%    failed      0.00%
2764  NP_417530.2      99.02%    failed      0.04%
2765  NP_417531.1      98.35%    failed      0.00%
2766  NP_417532.1      97.51%    failed      0.02%
2767  NP_417533.1      97.57%    failed      0.00%
2768  NP_417534.1      98.39%    failed      0.03%
2769  NP_417535.1      96.09%    failed      0.00%
2770  NP_417536.1      97.29%    failed      0.00%
2771  NP_417537.1      99.43%    failed      0.00%
2772  NP_417538.1      95.34%    failed      0.00%
2773  NP_417539.1      95.08%    failed      0.00%
2774  NP_417540.1      98.65%    failed      0.22%
2775  NP_417541.1      97.96%    failed      0.01%
2776  NP_417542.1      98.34%    failed      0.00%
2777  NP_417543.1      95.94%    failed      0.00%
2778  NP_417544.5      96.32%    failed      0.00%
2779  NP_417545.1      99.12%    failed      0.03%
2780  NP_417546.1      97.37%    failed      0.00%
2781  NP_417548.1      98.80%    failed      1.44%
2782  NP_417550.1      97.14%    failed      0.00%
2783  NP_417551.1      93.71%    failed      0.00%
2784  NP_417552.1      94.61%    failed      0.00%
2785  NP_417553.1      98.89%    failed      0.01%
2786  NP_417554.1      99.17%    failed      0.64%
2787  NP_417555.4      96.97%    failed      0.00%
2788  NP_417556.2      98.66%    failed      0.55%
2789  NP_417557.1      98.15%    failed      0.00%
2790  NP_417558.2      97.37%    failed      0.00%
2791  NP_417560.1      96.68%    failed      0.00%
2792  NP_417561.1      98.53%    failed      0.03%
2793  NP_417562.1      96.03%    failed      0.00%
2794  NP_417563.1      96.23%    failed      0.00%
2795  NP_417564.2      96.53%    failed      0.00%
2796  NP_417565.2      97.93%    failed      0.09%
2797  NP_417566.1      98.23%    failed      0.00%
2798  NP_417567.1      98.98%    failed      0.32%
2799  NP_417568.2      99.02%    failed      0.00%
2800  NP_417569.1      99.19%    failed      0.00%
2801  NP_417570.1      98.92%    failed      0.00%
2802  NP_417571.1      99.21%    failed      0.00%
2803  NP_417572.2      98.96%    failed      0.00%
2804  NP_417573.1      97.37%    failed      0.47%
2805  NP_417574.1      99.03%    failed      0.26%
2806  NP_417575.1      99.05%    failed      0.08%
2807  NP_417576.1      97.61%    failed      0.00%
2808  NP_417577.1      98.13%    failed      0.00%
2809  NP_417578.2      99.57%    failed      0.04%
2810  NP_417583.4      98.96%    failed      0.81%
2811  NP_417585.2      96.77%    failed      0.00%
2812  NP_417586.1      96.44%    failed      0.00%
2813  NP_417587.1      97.36%    failed      0.00%
2814  NP_417588.1      97.50%    failed      0.00%
2815  NP_417589.4      99.42%    failed      0.14%
2816  NP_417590.2      98.56%    failed      1.52%
2817  NP_417591.1      96.83%    failed      0.00%
2818  NP_417593.4      96.94%    failed      0.00%
2819  NP_417594.3      97.64%    failed      0.00%
2820  NP_417595.1      97.94%    failed      0.00%
2821  NP_417596.1      96.44%    failed      0.00%
2822  NP_417597.1      95.80%    failed      0.00%
2823  NP_417598.1      99.11%    passed     29.10%
2824  NP_417599.1      98.76%    passed      7.94%
2825  NP_417600.1      97.84%    failed      0.00%
2826  NP_417601.1      96.58%    failed      0.00%
2827  NP_417602.4      98.74%    failed      0.00%
2828  NP_417605.1      96.92%    failed      0.00%
2829  NP_417606.1      97.70%    failed      0.00%
2830  NP_417607.1      98.73%    failed      0.00%
2831  NP_417608.1      97.86%    failed      0.00%
2832  NP_417609.1      97.89%    failed      0.00%
2833  NP_417610.1      97.99%    failed      0.00%
2834  NP_417611.1      98.44%    failed      0.00%
2835  NP_417612.1      98.15%    failed      0.03%
2836  NP_417613.1      93.27%    failed      0.00%
2837  NP_417614.1      97.09%    failed      0.00%
2838  NP_417615.1      97.70%    failed      0.00%
2839  NP_417616.1      94.56%    failed      0.00%
2840  NP_417617.1      98.95%    failed      0.64%
2841  NP_417618.1      98.43%    failed      0.00%
2842  NP_417619.1      98.47%    failed      0.00%
2843  NP_417620.1      97.22%    failed      0.00%
2844  NP_417621.2      98.31%    failed      0.03%
2845  NP_417622.2      98.62%    failed      0.01%
2846  NP_417623.1      98.82%    passed      7.64%
2847  NP_417624.1      99.20%    failed      0.82%
2848  NP_417625.1      98.66%    failed      0.00%
2849  NP_417626.1      98.60%    failed      0.00%
2850  NP_417627.1      97.34%    failed      0.00%
2851  NP_417628.2      97.66%    failed      0.00%
2852  NP_417629.1      97.31%    failed      0.00%
2853  NP_417630.1      96.68%    failed      0.00%
2854  NP_417631.2      94.95%    failed      0.00%
2855  NP_417632.1      97.64%    failed      0.00%
2856  NP_417633.4      94.29%    failed      0.00%
2857  NP_417634.1      99.29%    failed      0.69%
2858  NP_417635.1      97.48%    failed      0.00%
2859  NP_417636.1      98.93%    failed      0.78%
2860  NP_417637.1      92.86%    failed      0.00%
2861  NP_417638.1      96.03%    failed      0.00%
2862  NP_417639.6      98.80%    failed      0.15%
2863  NP_417640.1      96.41%    failed      0.00%
2864  NP_417641.4      95.66%    failed      0.00%
2865  NP_417642.1      99.12%    failed      0.01%
2866  NP_417643.1      96.43%    failed      0.00%
2867  NP_417644.4      97.74%    failed      0.00%
2868  NP_417645.1      94.83%    failed      0.00%
2869  NP_417646.1      98.32%    failed      0.00%
2870  NP_417647.1      99.22%    failed      0.02%
2871  NP_417648.4      98.73%    failed      0.00%
2872  NP_417649.1      96.17%    failed      0.00%
2873  NP_417650.1      96.87%    failed      0.00%
2874  NP_417651.1      97.42%    failed      0.00%
2875  NP_417652.1      99.32%    failed      0.01%
2876  NP_417653.1      99.17%    failed      0.01%
2877  NP_417654.1      97.41%    failed      0.00%
2878  NP_417655.1      99.26%    passed     26.04%
2879  NP_417656.1      96.64%    failed      0.00%
2880  NP_417657.2      99.33%    passed     75.21%
2881  NP_417658.4      99.22%    failed      0.02%
2882  NP_417659.1      98.31%    failed      0.00%
2883  NP_417660.1      98.53%    failed      0.00%
2884  NP_417661.1      97.91%    failed      0.00%
2885  NP_417662.1      97.84%    failed      0.00%
2886  NP_417663.1      97.39%    failed      0.00%
2887  NP_417664.1      97.37%    failed      0.00%
2888  NP_417665.1      98.49%    failed      0.00%
2889  NP_417666.1      98.47%    failed      0.04%
2890  NP_417667.1      98.51%    failed      0.00%
2891  NP_417668.1      98.07%    failed      0.00%
2892  NP_417669.1      96.17%    failed      0.00%
2893  NP_417670.1      99.24%    passed      5.13%
2894  NP_417671.1      98.69%    failed      0.02%
2895  NP_417672.1      97.72%    failed      0.00%
2896  NP_417673.1      99.28%    failed      0.18%
2897  NP_417674.1      98.31%    failed      0.16%
2898  NP_417675.1      98.06%    failed      0.00%
2899  NP_417676.2      98.26%    failed      0.00%
2900  NP_417678.1      97.52%    failed      0.00%
2901  NP_417679.2      88.07%    failed      0.00%
2902  NP_417680.1      96.21%    failed      0.00%
2903  NP_417681.1      97.96%    failed      0.00%
2904  NP_417682.1      98.20%    failed      0.00%
2905  NP_417683.1      93.63%    failed      0.00%
2906  NP_417685.2      97.38%    failed      0.03%
2907  NP_417686.1      98.09%    failed      0.00%
2908  NP_417687.1      96.99%    failed      0.00%
2909  NP_417688.1      98.76%    failed      1.59%
2910  NP_417689.4      97.66%    failed      0.00%
2911  NP_417690.1      98.16%    failed      0.00%
2912  NP_417691.4      96.02%    failed      0.00%
2913  NP_417692.1      97.62%    failed      0.00%
2914  NP_417693.3      97.89%    failed      0.00%
2915  NP_417694.1      96.35%    failed      0.00%
2916  NP_417695.1      98.68%    failed      0.00%
2917  NP_417696.1      98.30%    failed      0.04%
2918  NP_417697.1      98.96%    failed      0.00%
2919  NP_417698.1      98.86%    failed      0.07%
2920  NP_417699.1      96.99%    failed      0.00%
2921  NP_417700.2      98.94%    failed      0.03%
2922  NP_417701.1      96.35%    failed      0.00%
2923  NP_417702.1      97.15%    failed      0.00%
2924  NP_417703.1      97.50%    failed      0.00%
2925  NP_417704.1      98.75%    failed      0.10%
2926  NP_417705.2      99.30%    failed      0.04%
2927  NP_417706.1      99.28%    failed      0.04%
2928  NP_417707.1      94.74%    failed      0.00%
2929  NP_417708.1      97.51%    failed      0.00%
2930  NP_417709.2      99.46%    failed      0.00%
2931  NP_417710.1      97.52%    failed      0.00%
2932  NP_417711.1      96.14%    failed      0.00%
2933  NP_417713.2      96.07%    failed      0.00%
2934  NP_417714.1      98.42%    failed      0.00%
2935  NP_417715.1      98.70%    failed      0.00%
2936  NP_417716.1      97.05%    failed      0.00%
2937  NP_417717.2      97.21%    failed      0.00%
2938  NP_417718.1      94.81%    failed      0.00%
2939  NP_417719.1      97.40%    failed      0.00%
2940  NP_417721.1      98.75%    failed      0.00%
2941  NP_417722.1      96.40%    failed      0.00%
2942  NP_417723.1      99.36%    failed      2.00%
2943  NP_417724.4      96.12%    failed      0.00%
2944  NP_417725.1      97.65%    failed      0.00%
2945  NP_417726.1      97.42%    failed      0.00%
2946  NP_417727.1      99.21%    failed      0.29%
2947  NP_417728.4      97.64%    failed      0.13%
2948  NP_417729.1      99.53%    passed     13.00%
2949  NP_417730.1      98.23%    failed      0.01%
2950  NP_417731.1      96.91%    failed      0.00%
2951  NP_417732.1      91.70%    failed      0.00%
2952  NP_417733.1      99.41%    failed      0.74%
2953  NP_417736.2      97.05%    failed      0.00%
2954  NP_417737.1      97.98%    failed      1.05%
2955  NP_417738.4      98.52%    failed      0.00%
2956  NP_417739.1      99.32%    passed     21.57%
2957  NP_417740.1      97.82%    failed      0.00%
2958  NP_417741.1      98.47%    failed      0.00%
2959  NP_417743.1      98.74%    failed      0.00%
2960  NP_417745.1      98.64%    failed      0.00%
2961  NP_417746.1      97.47%    failed      0.00%
2962  NP_417747.1      96.56%    failed      0.00%
2963  NP_417748.1      96.32%    failed      0.00%
2964  NP_417749.1      98.91%    failed      0.00%
2965  NP_417751.1      98.87%    failed      0.03%
2966  NP_417752.1      99.02%    failed      0.00%
2967  NP_417753.1      98.98%    failed      0.00%
2968  NP_417754.1      97.36%    failed      0.00%
2969  NP_417755.1      98.35%    failed      0.00%
2970  NP_417756.1      98.96%    failed      0.01%
2971  NP_417757.1      99.05%    failed      0.01%
2972  NP_417758.1      99.69%    failed      1.44%
2973  NP_417759.1      96.44%    failed      0.00%
2974  NP_417760.1      98.84%    failed      0.00%
2975  NP_417761.1      99.53%    passed     11.06%
2976  NP_417762.1      98.66%    failed      0.00%
2977  NP_417763.1      99.06%    failed      0.00%
2978  NP_417764.1      98.58%    failed      0.00%
2979  NP_417765.1      98.96%    failed      0.38%
2980  NP_417766.1      99.19%    failed      0.06%
2981  NP_417767.1      98.56%    failed      0.09%
2982  NP_417768.1      99.17%    failed      0.00%
2983  NP_417769.1      99.01%    failed      0.05%
2984  NP_417770.1      99.33%    failed      0.40%
2985  NP_417771.1      99.49%    failed      0.01%
2986  NP_417772.1      98.91%    failed      0.00%
2987  NP_417773.1      98.13%    failed      0.00%
2988  NP_417774.1      99.12%    failed      0.00%
2989  NP_417775.1      99.26%    failed      2.09%
2990  NP_417776.1      97.81%    failed      0.00%
2991  NP_417777.1      99.20%    failed      0.00%
2992  NP_417778.1      98.39%    failed      0.00%
2993  NP_417779.1      98.32%    failed      0.00%
2994  NP_417780.1      99.17%    failed      0.26%
2995  NP_417781.1      98.88%    failed      0.03%
2996  NP_417782.1      96.07%    failed      0.00%
2997  NP_417783.1      97.82%    failed      0.00%
2998  NP_417784.4      94.78%    failed      0.00%
2999  NP_417785.1      96.04%    failed      0.00%
3000  NP_417786.1      96.81%    failed      0.00%
3001  NP_417787.1      98.84%    failed      0.15%
3002  NP_417788.1      98.64%    failed      0.01%
3003  NP_417789.4      99.00%    failed      0.00%
3004  NP_417790.1      98.43%    failed      0.00%
3005  NP_417791.1      97.37%    failed      0.00%
3006  NP_417792.2      96.89%    failed      0.00%
3007  NP_417793.2      98.77%    failed      0.28%
3008  NP_417794.1      98.19%    failed      0.00%
3009  NP_417795.1      98.73%    failed      0.00%
3010  NP_417796.1      99.49%    passed     56.68%
3011  NP_417797.1      92.80%    failed      0.00%
3012  NP_417798.1      96.84%    failed      0.00%
3013  NP_417799.1      94.35%    failed      0.00%
3014  NP_417800.1      98.56%    failed      0.00%
3015  NP_417801.1      99.00%    failed      0.00%
3016  NP_417802.1      99.24%    failed      0.17%
3017  NP_417803.1      99.04%    failed      0.00%
3018  NP_417804.1      98.97%    failed      0.00%
3019  NP_417805.4      98.07%    failed      0.01%
3020  NP_417806.1      97.83%    failed      0.00%
3021  NP_417807.1      99.42%    failed      0.07%
3022  NP_417808.1      98.43%    failed      0.00%
3023  NP_417809.1      95.18%    failed      0.00%
3024  NP_417810.1      98.52%    failed      0.18%
3025  NP_417811.1      94.89%    failed      0.00%
3026  NP_417812.1      97.27%    failed      0.22%
3027  NP_417813.1      99.42%    passed      5.75%
3028  NP_417814.1      97.68%    failed      0.48%
3029  NP_417815.1      98.92%    failed      0.47%
3030  NP_417816.1      98.31%    failed      0.37%
3031  NP_417817.2      94.38%    failed      0.00%
3032  NP_417818.1      96.74%    failed      0.00%
3033  NP_417819.1      98.50%    passed     10.30%
3034  NP_417820.1      98.39%    failed      0.03%
3035  NP_417821.1      99.56%    failed      0.30%
3036  NP_417822.1      98.47%    failed      0.01%
3037  NP_417823.1      96.85%    failed      0.00%
3038  NP_417824.1      93.20%    failed      0.00%
3039  NP_417825.1      99.13%    passed     18.60%
3040  NP_417827.1      96.33%    failed      0.00%
3041  NP_417828.1      99.56%    passed     53.57%
3042  NP_417829.2      96.43%    failed      0.00%
3043  NP_417830.4      97.27%    failed      0.05%
3044  NP_417833.1      97.90%    failed      0.00%
3045  NP_417834.6      98.05%    failed      1.11%
3046  NP_417835.1      97.10%    failed      0.00%
3047  NP_417836.1      96.52%    failed      0.00%
3048  NP_417837.2      99.06%    failed      0.00%
3049  NP_417838.1      97.66%    failed      0.21%
3050  NP_417839.1      96.72%    failed      0.00%
3051  NP_417840.1      96.89%    failed      0.00%
3052  NP_417841.2      99.04%    failed      0.00%
3053  NP_417843.1      97.32%    failed      0.04%
3054  NP_417844.1      97.98%    failed      0.00%
3055  NP_417845.1      98.19%    failed      0.00%
3056  NP_417846.1      97.77%    failed      0.01%
3057  NP_417847.1      96.56%    failed      0.00%
3058  NP_417848.1      97.09%    failed      0.00%
3059  NP_417850.1      96.69%    failed      0.00%
3060  NP_417851.4      98.92%    failed      0.13%
3061  NP_417852.1      98.83%    failed      0.00%
3062  NP_417853.1      98.56%    failed      0.00%
3063  NP_417854.4      97.92%    failed      0.00%
3064  NP_417855.4      93.18%    failed      0.00%
3065  NP_417856.1      98.51%    failed      0.00%
3066  NP_417857.1      94.29%    failed      0.00%
3067  NP_417858.4      98.22%    failed      0.09%
3068  NP_417859.1      98.93%    failed      0.00%
3069  NP_417860.2      97.66%    failed      0.00%
3070  NP_417861.1      95.39%    failed      0.00%
3071  NP_417862.1      95.67%    failed      0.00%
3072  NP_417863.1      96.39%    failed      0.00%
3073  NP_417864.1      98.08%    failed      0.00%
3074  NP_417866.4      93.79%    failed      0.00%
3075  NP_417867.1      99.40%    passed     24.35%
3076  NP_417868.1      93.79%    failed      0.00%
3077  NP_417869.1      99.37%    failed      4.36%
3078  NP_417870.1      97.66%    failed      0.00%
3079  NP_417871.1      97.94%    failed      0.00%
3080  NP_417872.2      98.18%    failed      0.00%
3081  NP_417873.1      98.47%    failed      0.81%
3082  NP_417875.1      94.43%    failed      0.00%
3083  NP_417877.1      92.77%    failed      0.00%
3084  NP_417879.1      96.72%    failed      0.01%
3085  NP_417880.1      95.73%    failed      0.00%
3086  NP_417883.1      99.13%    passed      5.90%
3087  NP_417884.1      95.98%    failed      0.00%
3088  NP_417886.1      93.46%    failed      0.00%
3089  NP_417887.1      96.17%    failed      0.00%
3090  NP_417888.1      96.54%    failed      0.00%
3091  NP_417889.1      94.73%    failed      0.00%
3092  NP_417890.1      94.16%    failed      0.00%
3093  NP_417891.1      97.05%    failed      0.00%
3094  NP_417892.1      98.42%    failed      0.00%
3095  NP_417894.2      98.60%    failed      2.85%
3096  NP_417896.1      98.15%    passed     11.21%
3097  NP_417897.1      97.23%    failed      0.00%
3098  NP_417898.1      98.70%    passed      6.63%
3099  NP_417899.1      96.85%    failed      0.00%
3100  NP_417901.1      99.27%    passed      6.49%
3101  NP_417902.1      98.66%    failed      3.04%
3102  NP_417903.1      99.25%    passed      8.82%
3103  NP_417904.1      95.34%    failed      0.00%
3104  NP_417905.1      98.83%    failed      0.00%
3105  NP_417906.1      98.02%    failed      0.00%
3106  NP_417907.2      97.14%    failed      0.00%
3107  NP_417908.1      97.74%    failed      0.00%
3108  NP_417909.1      97.63%    failed      0.00%
3109  NP_417910.1      96.48%    failed      0.00%
3110  NP_417911.4      98.10%    failed      0.00%
3111  NP_417912.1      97.95%    failed      0.00%
3112  NP_417913.1      96.59%    failed      0.00%
3113  NP_417914.1      97.53%    failed      0.00%
3114  NP_417915.1      97.04%    failed      0.00%
3115  NP_417916.1      98.98%    passed      7.05%
3116  NP_417918.1      97.72%    failed      0.00%
3117  NP_417919.1      97.17%    failed      0.00%
3118  NP_417920.1      98.22%    failed      0.00%
3119  NP_417921.1      96.01%    failed      0.00%
3120  NP_417922.1      98.41%    failed      0.05%
3121  NP_417923.1      99.29%    failed      0.01%
3122  NP_417924.1      99.04%    passed      5.65%
3123  NP_417925.1      98.33%    failed      0.00%
3124  NP_417926.1      94.12%    failed      0.00%
3125  NP_417927.1      99.35%    passed     14.11%
3126  NP_417928.1      98.23%    failed      0.00%
3127  NP_417929.4      98.51%    failed      0.00%
3128  NP_417930.2      96.75%    failed      0.00%
3129  NP_417931.4      97.20%    failed      0.00%
3130  NP_417932.1      98.43%    failed      0.23%
3131  NP_417933.1      95.79%    failed      0.00%
3132  NP_417934.1      97.48%    failed      0.00%
3133  NP_417935.1      97.78%    failed      0.00%
3134  NP_417936.1      97.96%    failed      0.00%
3135  NP_417937.1      97.85%    failed      0.00%
3136  NP_417938.1      98.93%    failed      0.01%
3137  NP_417940.2      98.98%    failed      0.95%
3138  NP_417941.1      96.97%    failed      0.00%
3139  NP_417942.6      97.00%    failed      0.00%
3140  NP_417944.1      97.15%    failed      0.00%
3141  NP_417945.1      95.67%    failed      0.00%
3142  NP_417948.4      97.19%    failed      0.00%
3143  NP_417949.1      96.79%    failed      0.00%
3144  NP_417950.1      95.99%    failed      0.00%
3145  NP_417951.1      99.11%    failed      1.55%
3146  NP_417952.1      98.84%    failed      0.30%
3147  NP_417953.1      96.07%    failed      0.00%
3148  NP_417954.1      97.99%    failed      0.00%
3149  NP_417955.1      94.54%    failed      0.00%
3150  NP_417956.1      97.75%    failed      0.00%
3151  NP_417957.1      96.39%    failed      0.00%
3152  NP_417958.1      99.06%    failed      0.07%
3153  NP_417959.4      96.56%    failed      0.00%
3154  NP_417960.1      98.87%    failed      0.57%
3155  NP_417962.2      97.38%    failed      0.03%
3156  NP_417963.4      98.49%    failed      0.29%
3157  NP_417964.1      98.59%    failed      0.01%
3158  NP_417965.1      98.27%    failed      0.00%
3159  NP_417966.4      99.13%    passed      9.26%
3160  NP_417967.1      99.12%    failed      0.00%
3161  NP_417968.1      98.47%    failed      0.00%
3162  NP_417969.1      98.60%    failed      0.00%
3163  NP_417970.1      96.91%    failed      0.00%
3164  NP_417971.1      91.68%    failed      0.00%
3165  NP_417972.1      98.06%    failed      0.00%
3166  NP_417973.1      97.80%    failed      0.00%
3167  NP_417974.1      96.26%    failed      0.01%
3168  NP_417975.1      96.27%    failed      0.00%
3169  NP_417976.1      95.59%    failed      0.00%
3170  NP_417977.1      98.39%    failed      2.64%
3171  NP_417978.2      97.60%    failed      0.00%
3172  NP_417979.1      97.29%    failed      0.00%
3173  NP_417980.1      96.47%    failed      0.00%
3174  NP_417981.2      94.49%    failed      0.00%
3175  NP_417982.2      97.95%    failed      0.00%
3176  NP_417983.2      97.52%    failed      0.00%
3177  NP_417984.1      96.00%    failed      0.00%
3178  NP_417985.1      96.56%    failed      0.00%
3179  NP_417986.4      94.69%    failed      0.00%
3180  NP_417988.1      97.05%    failed      0.00%
3181  NP_417989.1      93.75%    failed      0.00%
3182  NP_417990.4      93.00%    failed      0.00%
3183  NP_417992.1      99.50%    failed      2.56%
3184  NP_417993.1      95.80%    failed      0.00%
3185  NP_417994.2      99.49%    failed      1.33%
3186  NP_417995.1      95.51%    failed      0.00%
3187  NP_417996.1      96.60%    failed      0.00%
3188  NP_417997.1      97.32%    failed      0.00%
3189  NP_417998.1      97.37%    failed      0.00%
3190  NP_417999.1      97.59%    failed      0.00%
3191  NP_418000.1      97.28%    failed      0.00%
3192  NP_418001.1      95.71%    failed      0.00%
3193  NP_418002.2      95.48%    failed      0.00%
3194  NP_418003.1      96.77%    failed      0.00%
3195  NP_418004.4      98.14%    failed      0.00%
3196  NP_418005.1      98.50%    passed     82.02%
3197  NP_418006.1      98.83%    passed     34.35%
3198  NP_418007.3      93.76%    failed      0.00%
3199  NP_418009.2      97.40%    failed      0.00%
3200  NP_418010.2      98.11%    failed      0.00%
3201  NP_418011.1      99.23%    failed      2.08%
3202  NP_418012.1      99.44%    failed      1.05%
3203  NP_418014.1      98.61%    failed      0.00%
3204  NP_418015.1      97.73%    failed      0.00%
3205  NP_418016.1      94.47%    failed      0.00%
3206  NP_418017.1      97.57%    failed      0.15%
3207  NP_418018.1      97.34%    failed      0.00%
3208  NP_418019.4      98.84%    failed      0.16%
3209  NP_418020.2      99.09%    failed      0.01%
3210  NP_418021.1      96.11%    failed      0.00%
3211  NP_418022.1      96.47%    failed      0.00%
3212  NP_418023.1      97.35%    failed      0.00%
3213  NP_418024.1      95.88%    failed      0.00%
3214  NP_418025.1      96.85%    failed      0.00%
3215  NP_418026.1      96.85%    failed      0.00%
3216  NP_418028.1      94.57%    failed      0.00%
3217  NP_418030.1      98.74%    failed      0.00%
3218  NP_418031.1      97.74%    failed      0.00%
3219  NP_418032.1      97.33%    failed      0.00%
3220  NP_418033.1      98.76%    failed      0.85%
3221  NP_418034.1      98.74%    failed      0.00%
3222  NP_418036.1      97.37%    failed      0.00%
3223  NP_418037.1      96.00%    failed      0.00%
3224  NP_418038.1      98.23%    failed      0.00%
3225  NP_418039.2      97.70%    failed      0.02%
3226  NP_418040.1      98.15%    failed      0.13%
3227  NP_418041.1      98.03%    failed      0.00%
3228  NP_418042.1      97.40%    failed      0.05%
3229  NP_418043.1      96.97%    failed      0.00%
3230  NP_418044.1      99.14%    passed      5.04%
3231  NP_418045.4      95.89%    failed      0.00%
3232  NP_418047.1      95.07%    failed      0.00%
3233  NP_418048.1      96.28%    failed      0.00%
3234  NP_418049.1      98.38%    failed      0.00%
3235  NP_418050.1      88.95%    failed      0.00%
3236  NP_418051.1      97.75%    failed      0.00%
3237  NP_418053.1      98.77%    failed      0.14%
3238  NP_418054.1      96.97%    failed      0.00%
3239  NP_418055.1      99.04%    passed      6.71%
3240  NP_418056.1      94.89%    failed      0.00%
3241  NP_418057.1      96.93%    failed      0.00%
3242  NP_418058.1      98.43%    failed      0.00%
3243  NP_418059.1      99.04%    failed      0.00%
3244  NP_418060.1      95.58%    failed      0.00%
3245  NP_418061.1      97.93%    failed      0.00%
3246  NP_418062.1      96.82%    failed      0.00%
3247  NP_418063.1      98.74%    passed      5.65%
3248  NP_418064.1      97.81%    failed      0.00%
3249  NP_418065.1      97.28%    failed      0.00%
3250  NP_418066.1      98.76%    passed      7.71%
3251  NP_418067.1      99.33%    passed     64.09%
3252  NP_418068.1      98.85%    failed      0.10%
3253  NP_418069.1      95.87%    failed      0.00%
3254  NP_418070.6      96.64%    failed      0.00%
3255  NP_418071.4      97.44%    failed      0.00%
3256  NP_418072.1      97.24%    failed      0.05%
3257  NP_418073.1      97.26%    failed      0.00%
3258  NP_418074.1      96.81%    failed      0.00%
3259  NP_418075.2      97.71%    failed      0.04%
3260  NP_418076.1      97.51%    failed      0.00%
3261  NP_418077.1      97.21%    failed      0.00%
3262  NP_418078.1      97.44%    failed      0.00%
3263  NP_418079.1      96.64%    failed      0.00%
3264  NP_418080.1      97.13%    failed      0.00%
3265  NP_418081.1      97.73%    failed      0.00%
3266  NP_418082.1      98.14%    failed      0.00%
3267  NP_418083.1      97.29%    failed      0.00%
3268  NP_418084.1      97.28%    failed      0.00%
3269  NP_418085.2      97.12%    failed      0.01%
3270  NP_418086.1      97.50%    failed      0.00%
3271  NP_418087.1      97.87%    failed      0.00%
3272  NP_418088.1      97.00%    failed      0.00%
3273  NP_418089.1      97.24%    failed      0.04%
3274  NP_418090.1      96.59%    failed      0.00%
3275  NP_418091.1      98.72%    failed      1.22%
3276  NP_418092.1      97.84%    failed      0.00%
3277  NP_418093.1      99.56%    failed      0.09%
3278  NP_418094.1      99.37%    failed      4.22%
3279  NP_418095.4      98.22%    failed      0.00%
3280  NP_418096.4      96.74%    failed      0.00%
3281  NP_418097.2      98.78%    failed      0.33%
3282  NP_418098.4      98.41%    failed      0.00%
3283  NP_418099.1      98.29%    failed      0.00%
3284  NP_418101.1      97.70%    failed      0.00%
3285  NP_418102.2      97.80%    failed      0.00%
3286  NP_418103.4      98.35%    failed      0.00%
3287  NP_418104.2      95.50%    failed      0.00%
3288  NP_418105.1      98.34%    failed      0.30%
3289  NP_418106.1      99.27%    failed      0.00%
3290  NP_418107.1      94.36%    failed      0.00%
3291  NP_418108.1      98.16%    failed      0.03%
3292  NP_418109.1      94.44%    failed      0.00%
3293  NP_418110.1      96.78%    failed      0.00%
3294  NP_418111.1      96.28%    failed      0.00%
3295  NP_418112.1      95.43%    failed      0.00%
3296  NP_418113.1      93.80%    failed      0.00%
3297  NP_418114.4      96.31%    failed      0.00%
3298  NP_418115.1      96.84%    failed      0.00%
3299  NP_418116.1      97.54%    failed      0.00%
3300  NP_418117.1      97.82%    failed      0.00%
3301  NP_418118.2      96.82%    failed      0.00%
3302  NP_418119.2      98.80%    failed      0.26%
3303  NP_418120.2      96.44%    failed      0.00%
3304  NP_418121.1      95.28%    failed      0.00%
3305  NP_418122.1      96.28%    failed      0.00%
3306  NP_418123.2      96.48%    failed      0.00%
3307  NP_418124.4      95.99%    failed      0.00%
3308  NP_418125.1      98.43%    failed      0.00%
3309  NP_418126.1      99.23%    passed     19.98%
3310  NP_418127.1      95.49%    failed      0.00%
3311  NP_418128.1      99.74%    failed      0.00%
3312  NP_418129.2      96.84%    failed      0.00%
3313  NP_418130.1      98.68%    passed     38.04%
3314  NP_418131.1      99.04%    failed      0.48%
3315  NP_418132.1      99.08%    failed      0.00%
3316  NP_418133.1      98.80%    failed      0.00%
3317  NP_418134.1      96.01%    failed      0.14%
3318  NP_418135.1      95.42%    failed      0.00%
3319  NP_418136.2      97.62%    failed      4.21%
3320  NP_418139.1      98.09%    failed      0.00%
3321  NP_418140.4      95.56%    failed      0.00%
3322  NP_418141.2      98.86%    failed      0.97%
3323  NP_418142.1      98.90%    failed      0.07%
3324  NP_418143.2      99.12%    passed      6.49%
3325  NP_418144.3      96.67%    failed      0.00%
3326  NP_418145.2      97.16%    failed      0.08%
3327  NP_418146.4      96.55%    failed      0.00%
3328  NP_418148.1      97.66%    failed      0.00%
3329  NP_418152.1      97.83%    failed      0.00%
3330  NP_418153.4      98.94%    failed      0.00%
3331  NP_418155.1      97.13%    failed      0.00%
3332  NP_418156.1      97.06%    failed      0.00%
3333  NP_418157.1      96.25%    failed      0.00%
3334  NP_418158.1      99.63%    failed      0.00%
3335  NP_418159.1      99.04%    failed      0.00%
3336  NP_418161.1      95.60%    failed      0.00%
3337  NP_418162.1      96.36%    failed      0.00%
3338  NP_418163.1      99.81%    passed     54.54%
3339  NP_418164.4      96.22%    failed      0.00%
3340  NP_418165.1      96.67%    failed      0.00%
3341  NP_418166.1      96.86%    failed      0.00%
3342  NP_418167.1      97.44%    failed      0.00%
3343  NP_418168.2      98.00%    failed      0.06%
3344  NP_418169.1      98.49%    failed      0.06%
3345  NP_418170.1      96.43%    failed      0.00%
3346  NP_418171.1      98.23%    passed      7.25%
3347  NP_418172.1      98.76%    failed      0.00%
3348  NP_418173.1      98.43%    failed      0.35%
3349  NP_418175.3      96.88%    failed      0.00%
3350  NP_418176.1      95.68%    failed      0.00%
3351  NP_418177.1      96.23%    failed      0.21%
3352  NP_418178.1      94.98%    failed      0.00%
3353  NP_418179.1      97.77%    failed      0.00%
3354  NP_418180.1      98.07%    failed      0.01%
3355  NP_418181.1      97.94%    failed      1.57%
3356  NP_418182.1      97.62%    failed      0.00%
3357  NP_418183.1      97.44%    failed      0.00%
3358  NP_418184.1      97.22%    failed      0.00%
3359  NP_418185.1      95.11%    failed      0.00%
3360  NP_418186.1      96.34%    failed      0.00%
3361  NP_418187.1      98.88%    failed      0.06%
3362  NP_418188.1      96.31%    failed      0.00%
3363  NP_418189.1      97.70%    failed      0.00%
3364  NP_418190.1      95.88%    failed      0.00%
3365  NP_418191.1      98.58%    failed      0.00%
3366  NP_418192.1      98.75%    failed      0.00%
3367  NP_418193.1      99.37%    failed      0.00%
3368  NP_418194.1      97.82%    failed      0.00%
3369  NP_418195.2      98.99%    failed      0.00%
3370  NP_418196.1      98.34%    failed      0.01%
3371  NP_418197.1      94.95%    failed      0.00%
3372  NP_418198.1      98.82%    failed      0.00%
3373  NP_418199.1      98.78%    failed      0.58%
3374  NP_418200.1      97.35%    failed      0.00%
3375  NP_418202.4      96.00%    failed      0.00%
3376  NP_418204.2      98.88%    failed      1.54%
3377  NP_418205.1      95.98%    failed      0.00%
3378  NP_418206.1      97.42%    failed      0.00%
3379  NP_418207.1      97.62%    failed      0.00%
3380  NP_418208.1      97.52%    failed      0.00%
3381  NP_418209.1      97.35%    failed      0.00%
3382  NP_418210.1      96.19%    failed      0.00%
3383  NP_418213.1      99.10%    failed      1.24%
3384  NP_418214.2      95.94%    failed      0.00%
3385  NP_418215.1      99.74%    failed      1.00%
3386  NP_418217.1      99.30%    failed      1.10%
3387  NP_418220.1      95.87%    failed      0.00%
3388  NP_418221.1      97.62%    failed      0.00%
3389  NP_418222.1      96.06%    failed      0.00%
3390  NP_418223.1      99.25%    passed     10.27%
3391  NP_418227.1      96.62%    failed      0.00%
3392  NP_418228.2      99.12%    failed      0.24%
3393  NP_418230.1      96.64%    failed      0.00%
3394  NP_418231.1      97.05%    failed      0.00%
3395  NP_418232.2      97.21%    failed      0.00%
3396  NP_418236.1      97.65%    failed      0.00%
3397  NP_418238.1      96.98%    failed      0.02%
3398  NP_418239.1      96.66%    failed      0.00%
3399  NP_418241.1      96.39%    failed      0.00%
3400  NP_418242.1      98.03%    failed      0.04%
3401  NP_418245.1      95.58%    failed      0.00%
3402  NP_418246.1      96.81%    failed      0.00%
3403  NP_418247.1      96.85%    failed      0.00%
3404  NP_418248.1      98.03%    failed      0.00%
3405  NP_418250.1      93.19%    failed      0.00%
3406  NP_418251.1      99.15%    failed      2.67%
3407  NP_418254.2      97.80%    failed      0.00%
3408  NP_418255.1      98.11%    failed      0.00%
3409  NP_418256.1      97.61%    failed      0.00%
3410  NP_418257.1      98.09%    failed      0.02%
3411  NP_418258.1      94.22%    failed      0.00%
3412  NP_418260.1      97.46%    failed      0.00%
3413  NP_418261.1      98.99%    failed      0.40%
3414  NP_418262.2      98.99%    failed      0.00%
3415  NP_418264.4      98.76%    failed      0.02%
3416  NP_418265.1      97.68%    failed      0.02%
3417  NP_418271.1      97.60%    failed      0.00%
3418  NP_418272.1      97.46%    failed      0.00%
3419  NP_418273.1      93.96%    failed      0.00%
3420  NP_418275.1      97.97%    failed      0.00%
3421  NP_418276.1      96.19%    failed      0.00%
3422  NP_418278.1      98.39%    failed      0.00%
3423  NP_418279.1      95.62%    failed      0.00%
3424  NP_418280.4      99.29%    failed      0.01%
3425  NP_418282.1      97.93%    failed      0.00%
3426  NP_418284.1      98.70%    passed     16.73%
3427  NP_418285.1      96.01%    failed      0.00%
3428  NP_418286.1      98.13%    failed      0.03%
3429  NP_418288.1      94.15%    failed      0.00%
3430  NP_418289.1      96.44%    failed      0.00%
3431  NP_418290.4      98.36%    failed      0.00%
3432  NP_418292.1      98.55%    passed     16.77%
3433  NP_418293.2      98.60%    failed      0.01%
3434  NP_418294.1      98.44%    failed      0.19%
3435  NP_418295.1      99.29%    failed      0.04%
3436  NP_418296.1      97.37%    failed      0.00%
3437  NP_418297.1      98.33%    failed      0.00%
3438  NP_418298.4      96.18%    failed      0.00%
3439  NP_418299.1      97.51%    failed      0.00%
3440  NP_418300.1      92.55%    failed      0.00%
3441  NP_418301.3      98.31%    failed      0.02%
3442  NP_418302.1      98.64%    failed      0.00%
3443  NP_418303.2      96.33%    failed      0.00%
3444  NP_418304.1      96.24%    failed      0.00%
3445  NP_418305.1      97.20%    failed      0.00%
3446  NP_418306.1      96.24%    failed      0.00%
3447  NP_418308.1      98.11%    failed      0.09%
3448  NP_418309.1      97.38%    failed      0.00%
3449  NP_418310.1      96.62%    failed      0.00%
3450  NP_418311.1      98.15%    failed      0.03%
3451  NP_418313.4      96.30%    failed      0.00%
3452  NP_418314.1      94.56%    failed      0.00%
3453  NP_418315.3      97.53%    failed      0.02%
3454  NP_418316.4      96.68%    failed      0.01%
3455  NP_418317.1      97.66%    failed      0.00%
3456  NP_418318.1      97.61%    failed      0.00%
3457  NP_418319.2      97.61%    failed      0.00%
3458  NP_418320.2      97.90%    failed      0.00%
3459  NP_418321.4      98.40%    passed      9.71%
3460  NP_418322.1      97.67%    failed      0.00%
3461  NP_418323.1      98.84%    failed      0.08%
3462  NP_418324.1      97.36%    failed      0.01%
3463  NP_418325.4      99.42%    failed      3.15%
3464  NP_418326.2      99.42%    failed      1.85%
3465  NP_418327.1      97.52%    failed      0.00%
3466  NP_418328.1      98.31%    failed      0.00%
3467  NP_418329.1      97.59%    failed      1.02%
3468  NP_418330.1      91.85%    failed      0.00%
3469  NP_418331.1      97.78%    failed      0.00%
3470  NP_418332.1      97.18%    failed      0.00%
3471  NP_418333.1      95.33%    failed      0.00%
3472  NP_418334.1      97.14%    failed      0.00%
3473  NP_418335.4      96.12%    failed      0.00%
3474  NP_418336.1      98.81%    failed      0.37%
3475  NP_418337.1      99.17%    passed     34.26%
3476  NP_418338.1      97.80%    failed      0.21%
3477  NP_418340.1      96.07%    failed      0.00%
3478  NP_418341.1      97.77%    failed      0.00%
3479  NP_418342.2      97.74%    failed      0.04%
3480  NP_418343.1      97.24%    failed      0.00%
3481  NP_418344.3      98.35%    failed      0.03%
3482  NP_418345.2      97.37%    failed      0.00%
3483  NP_418346.2      98.20%    failed      4.07%
3484  NP_418347.1      96.33%    failed      0.00%
3485  NP_418348.1      98.14%    failed      0.00%
3486  NP_418350.1      97.59%    failed      0.00%
3487  NP_418351.1      97.43%    failed      0.00%
3488  NP_418352.1      97.36%    failed      0.00%
3489  NP_418353.1      97.99%    failed      0.14%
3490  NP_418354.1      97.95%    failed      0.00%
3491  NP_418355.1      98.40%    failed      0.00%
3492  NP_418356.1      98.83%    failed      0.06%
3493  NP_418357.1      99.21%    failed      0.09%
3494  NP_418358.1      98.86%    failed      0.16%
3495  NP_418359.1      98.01%    failed      0.00%
3496  NP_418360.1      97.30%    failed      0.00%
3497  NP_418361.1      95.97%    failed      0.00%
3498  NP_418362.1      97.74%    failed      0.00%
3499  NP_418363.1      99.35%    failed      0.00%
3500  NP_418364.1      98.71%    failed      0.00%
3501  NP_418365.1      97.53%    failed      0.00%
3502  NP_418366.1      96.44%    failed      0.00%
3503  NP_418367.1      98.59%    failed      0.00%
3504  NP_418368.1      97.44%    failed      0.00%
3505  NP_418369.1      97.26%    failed      0.00%
3506  NP_418370.1      94.12%    failed      0.00%
3507  NP_418371.1      99.44%    passed     41.12%
3508  NP_418372.1      98.38%    failed      0.04%
3509  NP_418373.1      99.16%    passed      8.16%
3510  NP_418374.1      96.90%    failed      0.00%
3511  NP_418375.1      93.50%    failed      0.00%
3512  NP_418376.1      97.62%    failed      0.07%
3513  NP_418377.1      94.17%    failed      0.00%
3514  NP_418378.4      97.58%    failed      0.00%
3515  NP_418379.1      98.35%    failed      2.71%
3516  NP_418380.4      97.05%    failed      0.00%
3517  NP_418381.1      98.23%    failed      0.00%
3518  NP_418384.1      97.12%    failed      0.00%
3519  NP_418385.1      99.15%    failed      0.00%
3520  NP_418386.1      93.86%    failed      0.00%
3521  NP_418387.3      97.66%    failed      0.00%
3522  NP_418388.1      99.09%    failed      0.13%
3523  NP_418389.1      97.73%    failed      0.00%
3524  NP_418390.1      95.37%    failed      0.00%
3525  NP_418391.1      92.91%    failed      0.00%
3526  NP_418392.1      96.93%    failed      0.00%
3527  NP_418393.1      97.32%    failed      0.00%
3528  NP_418394.3      97.93%    failed      0.00%
3529  NP_418395.1      96.33%    failed      0.00%
3530  NP_418396.1      97.55%    failed      0.00%
3531  NP_418397.2      96.26%    failed      0.00%
3532  NP_418398.3      98.12%    failed      0.00%
3533  NP_418399.1      99.04%    failed      0.32%
3534  NP_418400.1      97.06%    failed      0.01%
3535  NP_418401.1      95.07%    failed      0.00%
3536  NP_418402.2      97.71%    failed      0.00%
3537  NP_418403.1      97.25%    failed      0.00%
3538  NP_418404.1      97.42%    failed      0.00%
3539  NP_418405.1      97.46%    failed      0.00%
3540  NP_418407.1      96.84%    failed      0.00%
3541  NP_418408.1      98.98%    failed      0.00%
3542  NP_418409.1      98.55%    failed      0.00%
3543  NP_418410.1      98.86%    failed      0.00%
3544  NP_418411.1      98.12%    failed      0.00%
3545  NP_418412.1      98.68%    failed      0.00%
3546  NP_418413.1      99.03%    failed      0.00%
3547  NP_418414.1      89.23%    failed      0.00%
3548  NP_418415.1      88.71%    failed      0.00%
3549  NP_418416.1      98.56%    failed      4.34%
3550  NP_418417.1      96.97%    failed      0.00%
3551  NP_418418.2      97.94%    failed      0.00%
3552  NP_418420.4      97.99%    failed      0.00%
3553  NP_418421.1      98.31%    failed      0.00%
3554  NP_418422.1      94.93%    failed      0.00%
3555  NP_418423.1      98.73%    failed      0.02%
3556  NP_418425.1      97.16%    failed      0.00%
3557  NP_418426.2      98.21%    failed      0.00%
3558  NP_418427.1      98.43%    failed      0.03%
3559  NP_418428.1      99.28%    failed      0.01%
3560  NP_418429.1      98.15%    failed      0.01%
3561  NP_418430.2      98.87%    failed      0.01%
3562  NP_418431.1      96.27%    failed      0.00%
3563  NP_418432.1      96.46%    failed      0.00%
3564  NP_418433.1      96.56%    failed      0.00%
3565  NP_418434.1      95.75%    failed      0.00%
3566  NP_418435.1      98.98%    failed      0.31%
3567  NP_418436.1      98.82%    failed      0.29%
3568  NP_418437.1      97.52%    failed      0.01%
3569  NP_418438.1      95.72%    failed      0.00%
3570  NP_418439.1      96.52%    failed      0.00%
3571  NP_418440.1      95.36%    failed      0.00%
3572  NP_418441.1      94.16%    failed      0.00%
3573  NP_418442.2      97.80%    failed      0.00%
3574  NP_418443.1      90.15%    failed      0.00%
3575  NP_418444.1      95.64%    failed      0.00%
3576  NP_418445.1      98.16%    failed      0.00%
3577  NP_418446.1      97.67%    failed      0.00%
3578  NP_418447.1      99.28%    failed      0.08%
3579  NP_418448.1      96.40%    failed      0.00%
3580  NP_418449.1      95.59%    failed      0.00%
3581  NP_418450.1      99.36%    failed      0.00%
3582  NP_418451.4      98.30%    failed      0.03%
3583  NP_418452.1      98.03%    failed      0.00%
3584  NP_418453.1      94.40%    failed      0.00%
3585  NP_418454.1      98.91%    failed      0.00%
3586  NP_418455.1      96.06%    failed      0.00%
3587  NP_418456.1      97.62%    failed      0.00%
3588  NP_418457.1      95.87%    failed      0.00%
3589  NP_418458.1      96.82%    failed      0.00%
3590  NP_418459.1      97.02%    failed      0.00%
3591  NP_418460.1      96.42%    failed      0.00%
3592  NP_418461.1      97.54%    failed      0.00%
3593  NP_418463.4      98.68%    failed      0.00%
3594  NP_418464.1      97.67%    failed      0.00%
3595  NP_418465.4      93.52%    failed      0.00%
3596  NP_418466.1      99.02%    failed      0.00%
3597  NP_418467.1      98.38%    failed      0.00%
3598  NP_418468.3      96.32%    failed      0.00%
3599  NP_418469.1      99.45%    failed      0.09%
3600  NP_418470.4      98.63%    failed      0.12%
3601  NP_418471.1      99.33%    failed      0.08%
3602  NP_418472.1      98.11%    failed      0.00%
3603  NP_418473.3      97.23%    failed      0.38%
3604  NP_418474.4      99.36%    failed      0.00%
3605  NP_418475.1      97.37%    failed      0.00%
3606  NP_418476.1      96.22%    failed      0.00%
3607  NP_418477.1      97.12%    failed      0.00%
3608  NP_418478.1      96.81%    failed      0.00%
3609  NP_418479.1      98.10%    failed      0.15%
3610  NP_418480.1      98.89%    failed      3.31%
3611  NP_418481.1      99.05%    failed      0.57%
3612  NP_418482.1      92.45%    failed      0.00%
3613  NP_418483.1      98.57%    failed      0.00%
3614  NP_418484.4      99.25%    failed      1.26%
3615  NP_418485.1      95.76%    failed      0.00%
3616  NP_418486.1      99.14%    failed      1.52%
3617  NP_418487.1      98.76%    failed      0.01%
3618  NP_418488.1      96.40%    failed      0.00%
3619  NP_418489.1      95.59%    failed      0.00%
3620  NP_418490.1      96.55%    failed      0.00%
3621  NP_418491.1      95.59%    failed      0.00%
3622  NP_418492.1      99.17%    failed      0.57%
3623  NP_418493.1      94.77%    failed      0.00%
3624  NP_418494.1      96.16%    failed      0.00%
3625  NP_418495.2      98.49%    failed      2.96%
3626  NP_418496.1      98.21%    failed      0.26%
3627  NP_418497.1      97.45%    failed      0.00%
3628  NP_418498.1      95.57%    failed      0.00%
3629  NP_418499.1      98.98%    failed      0.03%
3630  NP_418500.1      98.41%    failed      0.00%
3631  NP_418501.1      96.49%    failed      0.00%
3632  NP_418502.1      98.16%    failed      0.00%
3633  NP_418503.1      94.27%    failed      0.00%
3634  NP_418504.1      96.08%    failed      0.00%
3635  NP_418505.2      94.52%    failed      0.00%
3636  NP_418506.1      97.25%    failed      0.00%
3637  NP_418507.2      94.69%    failed      0.00%
3638  NP_418508.1      97.52%    failed      0.00%
3639  NP_418509.1      98.15%    failed      0.67%
3640  NP_418510.1      97.38%    failed      0.00%
3641  NP_418511.1      95.91%    failed      0.00%
3642  NP_418512.1      97.50%    failed      0.00%
3643  NP_418513.4      97.62%    failed      0.00%
3644  NP_418514.1      98.80%    failed      0.03%
3645  NP_418516.1      97.98%    failed      0.01%
3646  NP_418517.1      98.84%    failed      0.76%
3647  NP_418518.1      98.51%    failed      0.00%
3648  NP_418519.1      96.97%    failed      0.00%
3649  NP_418520.1      98.19%    failed      0.00%
3650  NP_418522.1      97.74%    failed      0.23%
3651  NP_418523.1      97.16%    failed      0.00%
3652  NP_418524.1      98.44%    failed      0.00%
3653  NP_418525.1      98.80%    failed      0.00%
3654  NP_418526.1      98.07%    failed      0.00%
3655  NP_418529.1      97.29%    failed      0.00%
3656  NP_418530.1      97.90%    failed      0.00%
3657  NP_418531.1      98.82%    passed     17.50%
3658  NP_418532.1      99.11%    failed      1.13%
3659  NP_418533.1      94.04%    failed      0.00%
3660  NP_418534.4      97.66%    failed      0.00%
3661  NP_418535.1      95.99%    failed      0.00%
3662  NP_418536.1      97.09%    failed      0.00%
3663  NP_418537.1      98.22%    failed      0.00%
3664  NP_418538.2      95.61%    failed      0.00%
3665  NP_418539.1      96.43%    failed      0.00%
3666  NP_418540.1      97.97%    failed      0.01%
3667  NP_418541.2      93.94%    failed      0.00%
3668  NP_418542.1      97.58%    failed      1.96%
3669  NP_418543.1      96.38%    failed      0.01%
3670  NP_418544.2      96.20%    failed      0.00%
3671  NP_418545.1      98.32%    failed      0.00%
3672  NP_418546.1      95.60%    failed      0.00%
3673  NP_418547.1      96.42%    failed      0.00%
3674  NP_418548.1      98.08%    failed      1.18%
3675  NP_418549.1      95.64%    failed      0.00%
3676  NP_418550.1      99.39%    passed     73.10%
3677  NP_418551.1      99.28%    failed      1.35%
3678  NP_418552.1      99.21%    failed      1.03%
3679  NP_418553.1      95.95%    failed      0.00%
3680  NP_418554.1      96.11%    failed      0.00%
3681  NP_418555.1      94.26%    failed      0.00%
3682  NP_418556.1      96.44%    failed      0.00%
3683  NP_418557.1      95.89%    failed      0.00%
3684  NP_418558.2      98.47%    failed      0.00%
3685  NP_418559.1      95.46%    failed      0.00%
3686  NP_418560.1      99.10%    failed      0.01%
3687  NP_418561.1      96.52%    failed      0.00%
3688  NP_418562.4      96.16%    failed      0.00%
3689  NP_418564.2      98.73%    failed      0.00%
3690  NP_418565.1      96.64%    failed      0.00%
3691  NP_418566.1      99.22%    failed      0.00%
3692  NP_418567.1      95.60%    failed      0.00%
3693  NP_418568.2      99.06%    failed      0.00%
3694  NP_418569.1      97.68%    failed      0.00%
3695  NP_418570.1      97.25%    failed      0.00%
3696  NP_418571.1      98.49%    failed      0.08%
3697  NP_418572.4      99.16%    failed      0.00%
3698  NP_418573.1      98.58%    failed      2.11%
3699  NP_418574.1      96.97%    failed      0.00%
3700  NP_418575.1      99.04%    failed      0.00%
3701  NP_418576.1      98.95%    failed      0.03%
3702  NP_418577.1      98.04%    passed     37.58%
3703  NP_418578.1      95.17%    failed      0.00%
3704  NP_418579.2      97.39%    failed      0.00%
3705  NP_418580.2      95.99%    failed      0.00%
3706  NP_418581.1      99.17%    passed     15.33%
3707  NP_418582.1      99.17%    failed      1.02%
3708  NP_418583.1      91.11%    failed      0.00%
3709  NP_418584.1      97.42%    failed      0.00%
3710  NP_418585.4      97.19%    failed      0.00%
3711  NP_418586.4      98.55%    failed      1.67%
3712  NP_418587.1      96.96%    failed      0.00%
3713  NP_418588.1      95.87%    failed      0.00%
3714  NP_418589.1      98.77%    failed      0.24%
3715  NP_418590.1      96.43%    failed      0.00%
3716  NP_418591.1      95.06%    failed      0.00%
3717  NP_418592.1      97.46%    failed      0.00%
3718  NP_418593.1      99.18%    failed      1.48%
3719  NP_418594.1      96.58%    failed      0.00%
3720  NP_418595.1      96.64%    failed      0.00%
3721  NP_418596.1      97.32%    failed      0.00%
3722  NP_418597.1      99.48%    failed      0.97%
3723  NP_418598.1      96.53%    failed      0.00%
3724  NP_418599.1      98.87%    failed      1.05%
3725  NP_418600.4      93.47%    failed      0.00%
3726  NP_418601.1      98.05%    failed      0.00%
3727  NP_418602.1      98.93%    failed      0.01%
3728  NP_418603.1      98.14%    failed      0.00%
3729  NP_418604.1      98.24%    failed      0.02%
3730  NP_418605.1      98.94%    failed      0.00%
3731  NP_418606.1      98.30%    failed      0.00%
3732  NP_418607.1      96.89%    failed      0.00%
3733  NP_418608.6      95.66%    failed      0.00%
3734  NP_418609.4      99.27%    failed      2.32%
3735  NP_418610.4      99.12%    failed      1.50%
3736  NP_418611.1      98.00%    failed      0.00%
3737  NP_418612.1      97.99%    failed      0.01%
3738  NP_418613.2      97.16%    failed      2.78%
3739  NP_418614.4      96.27%    failed      0.00%
3740  NP_418615.1      99.19%    passed     18.24%
3741  NP_418616.1      98.76%    failed      0.17%
3742  NP_418617.1      98.27%    failed      0.00%
3743  NP_418618.1      97.72%    failed      0.02%
3744  NP_418619.1      98.17%    failed      1.17%
3745  NP_418620.1      99.27%    failed      1.59%
3746  NP_418621.5      98.95%    failed      0.20%
3747  NP_418622.1      99.17%    passed     18.64%
3748  NP_418623.1      99.40%    failed      0.60%
3749  NP_418624.1      98.80%    failed      0.00%
3750  NP_418625.1      97.88%    failed      0.17%
3751  NP_418627.4      98.30%    failed      0.00%
3752  NP_418628.4      98.35%    failed      0.00%
3753  NP_418629.1      96.23%    failed      0.00%
3754  NP_418630.1      98.23%    failed      0.01%
3755  NP_418631.2      97.42%    failed      0.00%
3756  NP_418632.1      97.70%    failed      0.00%
3757  NP_418633.4      98.99%    failed      0.02%
3758  NP_418634.1      94.81%    failed      0.00%
3759  NP_418635.1      98.03%    failed      0.35%
3760  NP_418637.1      98.52%    failed      0.12%
3761  NP_418638.2      99.45%    passed      9.62%
3762  NP_418639.1      96.41%    failed      0.00%
3763  NP_418640.1      98.30%    failed      0.71%
3764  NP_418641.1      95.37%    failed      0.00%
3765  NP_418642.1      89.89%    failed      0.00%
3766  NP_418643.1      99.09%    passed      8.59%
3767  NP_418645.2      99.33%    passed     35.98%
3768  NP_418646.1      99.07%    failed      0.00%
3769  NP_418647.1      98.59%    failed      0.03%
3770  NP_418648.1      97.45%    failed      0.00%
3771  NP_418651.3      97.26%    failed      0.00%
3772  NP_418652.2      97.34%    failed      0.00%
3773  NP_418653.1      97.33%    failed      0.00%
3774  NP_418654.1      96.33%    failed      0.00%
3775  NP_418655.1      98.53%    failed      0.00%
3776  NP_418656.1      96.39%    failed      0.00%
3777  NP_418658.1      98.76%    passed     12.73%
3778  NP_418659.1      94.28%    failed      0.00%
3779  NP_418660.1      95.58%    failed      0.12%
3780  NP_418661.1      96.20%    failed      0.00%
3781  NP_418662.1      97.47%    failed      0.00%
3782  NP_418663.1      92.79%    failed      0.00%
3783  NP_418664.2      98.97%    failed      0.00%
3784  NP_418665.1      98.77%    passed      6.13%
3785  NP_418666.1      97.50%    failed      0.00%
3786  NP_418667.1      99.65%    passed      8.28%
3787  NP_418669.1      98.95%    passed      8.02%
3788  NP_418670.1      98.10%    failed      0.00%
3789  NP_418672.4      98.42%    failed      0.03%
3790  NP_418673.4      98.80%    passed      6.32%
3791  NP_418674.2      95.15%    failed      0.00%
3792  NP_418675.1      97.32%    failed      0.00%
3793  NP_418676.1      98.89%    failed      0.00%
3794  NP_418679.1      92.37%    failed      0.00%
3795  NP_418680.1      98.82%    failed      0.31%
3796  NP_418681.1      95.96%    failed      0.00%
3797  NP_418682.1      97.06%    failed      0.00%
3798  NP_418683.4      97.11%    failed      0.00%
3799  NP_418684.1      95.99%    failed      0.00%
3800  NP_418685.1      97.33%    failed      0.00%
3801  NP_418686.1      96.48%    failed      0.00%
3802  NP_418687.1      97.96%    failed      0.00%
3803  NP_418688.1      97.25%    failed      0.00%
3804  NP_418689.1      98.50%    failed      0.72%
3805  NP_418690.4      97.28%    failed      0.00%
3806  NP_418692.2      99.03%    failed      0.02%
3807  NP_418693.1      97.58%    failed      0.00%
3808  NP_418697.1      99.12%    failed      0.00%
3809  NP_418698.1      96.45%    failed      0.00%
3810  NP_418699.4      96.75%    failed      0.00%
3811  NP_418700.2      97.01%    failed      0.00%
3812  NP_418704.1      96.93%    failed      0.00%
3813  NP_418707.1      97.95%    failed      0.00%
3814  NP_418708.1      97.45%    failed      0.00%
3815  NP_418709.1      97.33%    failed      0.00%
3816  NP_418710.4      97.59%    failed      0.00%
3817  NP_418711.1      93.79%    failed      0.00%
3818  NP_418712.1      97.46%    failed      0.00%
3819  NP_418713.1      98.61%    failed      0.00%
3820  NP_418714.1      99.27%    passed      9.05%
3821  NP_418715.2      97.37%    failed      0.00%
3822  NP_418716.1      96.40%    failed      0.00%
3823  NP_418717.1      94.74%    failed      0.00%
3824  NP_418718.4      97.58%    failed      0.00%
3825  NP_418719.1      97.90%    failed      0.00%
3826  NP_418720.1      97.91%    failed      1.05%
3827  NP_418721.1      98.31%    failed      0.01%
3828  NP_418722.1      98.85%    failed      0.43%
3829  NP_418723.1      97.85%    failed      0.01%
3830  NP_418724.1      96.49%    failed      0.00%
3831  NP_418725.4      97.01%    failed      0.00%
3832  NP_418726.1      98.01%    failed      0.00%
3833  NP_418727.1      98.55%    failed      0.33%
3834  NP_418729.1      97.38%    failed      0.48%
3835  NP_418730.4      97.05%    failed      0.00%
3836  NP_418731.2      98.09%    failed      0.45%
3837  NP_418732.1      98.39%    failed      0.09%
3838  NP_418733.1      98.41%    failed      0.00%
3839  NP_418734.1      98.54%    failed      0.00%
3840  NP_418735.2      98.56%    failed      1.21%
3841  NP_418736.3      98.07%    failed      0.00%
3842  NP_418737.1      92.95%    failed      0.00%
3843  NP_418738.1      98.59%    failed      0.00%
3844  NP_418739.1      98.66%    failed      0.00%
3845  NP_418740.1      97.59%    failed      0.00%
3846  NP_418741.1      96.41%    failed      0.00%
3847  NP_418742.1      96.84%    failed      0.00%
3848  NP_418743.1      96.10%    failed      0.00%
3849  NP_418744.1      97.94%    failed      0.00%
3850  NP_418745.3      97.78%    failed      0.02%
3851  NP_418746.4      98.96%    failed      0.08%
3852  NP_418747.1      97.57%    failed      0.00%
3853  NP_418748.1      96.87%    failed      0.00%
3854  NP_418749.1      98.77%    failed      0.00%
3855  NP_418750.2      98.18%    failed      0.00%
3856  NP_418751.4      98.52%    failed      0.11%
3857  NP_418752.1      96.85%    failed      0.00%
3858  NP_418753.3      97.70%    failed      0.00%
3859  NP_418754.2      97.95%    failed      0.00%
3860  NP_418755.4      96.93%    failed      0.00%
3861  NP_418756.1      96.58%    failed      0.00%
3862  NP_418757.1      96.71%    failed      0.00%
3863  NP_418760.1      96.23%    failed      0.00%
3864  NP_418761.1      99.57%    failed      0.65%
3865  NP_418765.1      97.21%    failed      0.00%
3866  NP_418766.4      96.32%    failed      0.00%
3867  NP_418767.4      99.09%    failed      1.60%
3868  NP_418768.1      96.28%    failed      0.00%
3869  NP_418769.1      95.75%    failed      0.00%
3870  NP_418770.2      90.61%    failed      0.00%
3871  NP_418771.1      97.56%    failed      0.00%
3872  NP_418772.4      97.45%    failed      0.00%
3873  NP_418773.1      99.46%    passed     18.26%
3874  NP_418774.2      94.25%    failed      0.00%
3875  NP_418775.1      95.58%    failed      0.00%
3876  NP_418776.1      96.36%    failed      0.00%
3877  NP_418778.4      97.27%    failed      0.00%
3878  NP_418779.2      93.87%    failed      0.00%
3879  NP_418780.2      98.68%    failed      0.00%
3880  NP_418781.1      98.03%    failed      0.05%
3881  NP_418782.1      98.56%    failed      0.00%
3882  NP_418783.2      98.74%    failed      0.00%
3883  NP_418784.4      97.94%    failed      0.00%
3884  NP_418785.1      98.07%    failed      0.00%
3885  NP_418786.4      98.19%    failed      0.00%
3886  NP_418787.1      97.90%    failed      0.02%
3887  NP_418788.1      97.25%    failed      0.00%
3888  NP_418789.1      98.90%    failed      0.01%
3889  NP_418790.1      98.81%    failed      0.11%
3890  NP_418791.1      98.19%    failed      1.40%
3891  NP_418792.1      95.75%    failed      0.00%
3892  NP_418793.1      98.39%    failed      0.00%
3893  NP_418794.1      97.13%    failed      0.00%
3894  NP_418796.1      97.70%    failed      0.01%
3895  NP_418797.1      95.86%    failed      0.00%
3896  NP_418798.1      97.92%    failed      0.00%
3897  NP_418799.1      96.47%    failed      0.00%
3898  NP_418800.1      96.73%    failed      0.00%
3899  NP_418801.1      98.08%    failed      0.00%
3900  NP_418802.1      96.44%    failed      0.00%
3901  NP_418803.1      97.29%    failed      0.00%
3902  NP_418804.1      98.28%    failed      0.00%
3903  NP_418805.1      97.42%    failed      0.00%
3904  NP_418806.1      96.31%    failed      0.00%
3905  NP_418807.4      96.71%    failed      0.07%
3906  NP_418808.1      95.54%    failed      0.00%
3907  NP_418809.4      94.82%    failed      0.00%
3908  NP_418810.1      99.13%    failed      0.01%
3909  NP_418811.2      98.64%    failed      0.00%
3910  NP_418812.1      98.27%    failed      0.00%
3911  NP_418813.1      97.68%    failed      0.02%
3912  NP_418814.1      98.74%    failed      0.19%
3913  NP_418815.1      98.16%    failed      0.00%
3914  NP_418816.1      96.19%    failed      0.00%
3915  NP_418817.1      96.39%    failed      0.00%
3916  NP_418818.1      98.09%    failed      0.00%
3917  NP_418819.1      99.63%    failed      0.88%
3918  NP_418820.1      98.17%    failed      0.00%
3919  YP_001165307.1   98.72%    failed      0.00%
3920  YP_001165308.1   99.74%    passed     68.74%
3921  YP_001165309.1   99.49%    failed      1.10%
3922  YP_001165313.1   99.76%    failed      0.14%
3923  YP_001165314.1   99.54%    failed      0.00%
3924  YP_001165315.1   99.51%    failed      0.69%
3925  YP_001165316.1   99.54%    failed      0.00%
3926  YP_001165317.1   99.54%    passed      9.65%
3927  YP_001165318.1   99.75%    passed      9.80%
3928  YP_001165319.1   99.75%    passed     36.99%
3929  YP_001165320.1   99.78%    failed      4.55%
3930  YP_001165321.1   99.77%    failed      2.45%
3931  YP_001165325.1   99.85%    passed     58.73%
3932  YP_001165328.2   99.78%    failed      0.00%
3933  YP_001165331.1   99.77%    failed      0.00%
3934  YP_001165332.1   99.26%    passed      7.06%
3935  YP_001165333.1   99.46%    failed      0.36%
3936  YP_001165334.1   99.27%    failed      0.05%
3937  YP_001491546.1   99.78%    passed     27.70%
3938  YP_001491548.1   99.67%    failed      0.67%
3939  YP_002791237.1   99.65%    passed     65.91%
3940  YP_002791238.1   99.74%    passed     15.11%
3941  YP_002791239.1   99.73%    passed     19.21%
3942  YP_002791240.1   99.83%    failed      2.26%
3943  YP_002791241.1   99.33%    failed      0.00%
3944  YP_002791242.1   99.74%    failed      0.09%
3945  YP_002791243.1   99.81%    passed      5.53%
3946  YP_002791244.1   99.83%    passed      7.57%
3947  YP_002791245.1   99.78%    passed     19.30%
3948  YP_002791246.1   99.84%    passed     75.52%
3949  YP_002791247.1   99.85%    passed     13.53%
3950  YP_002791248.1   99.86%    passed     10.23%
3951  YP_002791249.1   99.78%    failed      0.13%
3952  YP_002791250.1   99.82%    passed      6.94%
3953  YP_002791251.1   99.79%    failed      0.48%
3954  YP_002791252.1   99.63%    failed      1.84%
3955  YP_002791253.1   99.79%    passed      6.20%
3956  YP_002791254.1   99.67%    failed      0.70%
3957  YP_002791255.1   99.85%    failed      1.16%
3958  YP_002791256.1   99.85%    failed      2.26%
3959  YP_002791257.1   99.85%    failed      0.98%
3960  YP_002791258.1   99.79%    passed     61.99%
3961  YP_002791259.1   99.87%    passed      9.89%
3962  YP_002791260.1   99.71%    passed     11.47%
3963  YP_002791261.1   99.86%    passed     74.40%
3964  YP_003933616.1   99.86%    failed      0.81%
3965  YP_004831120.1   99.77%    passed      8.77%
3966  YP_008592385.1   99.83%    passed     72.27%
3967  YP_009029994.1   96.64%    failed      0.00%
3968  YP_009029995.1   99.66%    passed      9.18%
3969  YP_009518733.1   98.71%    failed      0.00%
3970  YP_009518734.1   98.27%    failed      0.02%
3971  YP_009518735.1   99.58%    failed      0.62%
3972  YP_009518736.1   99.89%    passed     60.12%
3973  YP_009518737.1   99.89%    passed     23.98%
3974  YP_009518738.1   99.83%    passed     52.63%
3975  YP_009518739.1   98.66%    failed      3.04%
3976  YP_009518740.1   99.27%    passed      6.49%
3977  YP_009518741.1   96.94%    failed      0.00%
3978  YP_009518742.1   99.07%    passed      5.07%
3979  YP_009518743.1   99.66%    passed     19.95%
3980  YP_009518744.1   98.05%    failed      0.00%
3981  YP_009518745.1   99.41%    passed     15.59%
3982  YP_009518746.1   98.91%    failed      1.11%
3983  YP_009518747.1   99.81%    failed      0.00%
3984  YP_009518748.2   99.15%    failed      0.00%
3985  YP_009518749.1   99.69%    failed      3.83%
3986  YP_009518750.1   99.78%    passed     42.00%
3987  YP_009518751.1   96.54%    failed      0.00%
3988  YP_009518752.1   99.44%    passed     15.37%
3989  YP_009518753.1   99.01%    failed      3.10%
3990  YP_009518754.1   99.61%    failed      0.02%
3991  YP_009518755.1   98.50%    failed      0.11%
3992  YP_009518756.1   99.51%    failed      4.56%
3993  YP_009518757.1   99.77%    failed      2.97%
3994  YP_009518758.1   99.33%    passed     30.47%
3995  YP_009518759.1   99.72%    passed     29.59%
3996  YP_009518760.1   99.83%    passed     43.54%
3997  YP_009518761.1   99.50%    passed     63.21%
3998  YP_009518762.2   99.94%    passed     88.82%
3999  YP_009518763.1   99.17%    failed      0.56%
4000  YP_009518764.1   96.35%    failed      0.00%
4001  YP_009518765.1   98.74%    passed      9.00%
4002  YP_009518766.1   99.89%    passed     14.96%
4003  YP_009518767.1   99.71%    passed      9.63%
4004  YP_009518768.1   99.46%    passed      5.88%
4005  YP_009518769.1   99.27%    failed      0.00%
4006  YP_009518770.2   97.38%    failed      0.03%
4007  YP_009518771.1   99.75%    passed     15.13%
4008  YP_009518772.1   99.57%    failed      3.18%
4009  YP_009518773.1   99.52%    failed      3.50%
4010  YP_009518774.1   99.83%    passed     51.68%
4011  YP_009518775.1   99.54%    failed      0.00%
4012  YP_009518776.1   98.51%    failed      0.00%
4013  YP_009518777.1   99.04%    failed      1.04%
4014  YP_009518778.1   97.25%    failed      0.00%
4015  YP_009518779.1   99.70%    failed      0.03%
4016  YP_009518780.1   99.51%    failed      0.18%
4017  YP_009518781.1   97.45%    failed      0.00%
4018  YP_009518782.1   99.23%    failed      0.13%
4019  YP_009518783.1   99.90%    passed     55.41%
4020  YP_009518784.1   99.68%    passed     65.37%
4021  YP_009518785.1   96.93%    failed      0.00%
4022  YP_009518786.1   96.57%    failed      0.00%
4023  YP_009518787.1   99.70%    failed      0.03%
4024  YP_009518788.1   98.48%    failed      0.00%
4025  YP_009518789.1   99.83%    passed     94.13%
4026  YP_009518790.1   99.50%    passed     28.79%
4027  YP_009518791.1   99.77%    passed     14.34%
4028  YP_009518792.1   99.61%    failed      0.01%
4029  YP_009518793.1   99.23%    failed      0.48%
4030  YP_009518794.1   99.71%    passed     70.28%
4031  YP_009518795.2   99.58%    failed      0.11%
4032  YP_009518796.1   99.53%    passed     11.46%
4033  YP_009518797.1   99.49%    passed     17.84%
4034  YP_009518798.1   99.05%    passed     23.10%
4035  YP_009518799.1   97.80%    failed      0.00%
4036  YP_009518800.1   95.07%    failed      0.00%
4037  YP_009518801.1   99.57%    passed     51.63%
4038  YP_009518802.1   99.62%    passed     56.04%
4039  YP_009518803.1   99.27%    passed     24.06%
4040  YP_009518804.1   99.02%    passed     61.54%
4041  YP_009518805.1   99.63%    passed     95.52%
4042  YP_009518806.1   99.59%    failed      0.18%
4043  YP_009518807.1   99.17%    failed      0.50%
4044  YP_009518808.1   97.89%    failed      0.00%
4045  YP_009518809.1   98.72%    failed      0.00%
4046  YP_009518810.1   99.61%    passed     52.55%
4047  YP_009518811.1   97.88%    failed      0.00%
4048  YP_009518812.1   99.82%    passed     47.45%
4049  YP_009518813.1   99.78%    failed      0.43%
4050  YP_009518814.1   99.33%    passed      9.79%
4051  YP_009518815.1   96.87%    failed      0.03%
4052  YP_009518816.1   99.62%    passed     68.60%
4053  YP_009518818.1   99.55%    passed     22.25%
4054  YP_009518819.1   99.25%    failed      0.01%
4055  YP_009518820.1   99.59%    passed     32.42%
4056  YP_009518821.1   99.11%    failed      0.00%
4057  YP_009518822.1   98.17%    failed      0.00%
4058  YP_009518824.1   98.71%    failed      1.22%
4059  YP_009518825.1   97.05%    failed      0.00%
4060  YP_009518826.1   99.79%    passed     87.57%
4061  YP_009518827.1   99.74%    failed      0.07%
4062  YP_009518828.1   98.71%    failed      0.31%
4063  YP_009518830.1   99.74%    passed     18.02%
4064  YP_009518831.1   99.62%    failed      2.27%
4065  YP_009518832.1   99.78%    passed     21.34%
4066  YP_009518833.1   99.32%    passed     57.24%
4067  YP_009518834.1   95.95%    failed      0.00%
4068  YP_010051172.1   93.59%    failed      0.00%
4069  YP_010051173.1   99.88%    passed     48.79%
4070  YP_010051174.1   99.75%    passed     22.99%
4071  YP_010051175.1   99.86%    passed     34.69%
4072  YP_010051176.1   99.73%    failed      1.08%
4073  YP_010051177.1   99.92%    passed     48.12%
4074  YP_010051178.1   99.85%    passed     25.03%
4075  YP_010051179.1   99.81%    failed      4.27%
4076  YP_010051180.1   98.06%    failed      0.05%
4077  YP_010051181.1   99.86%    passed     51.53%
4078  YP_010051182.1   99.66%    passed     22.82%
4079  YP_010051183.1   99.88%    failed      1.00%
4080  YP_010051184.1   99.82%    passed     46.99%
4081  YP_010051185.1   99.73%    failed      2.40%
4082  YP_010051186.1   99.55%    passed     13.57%
4083  YP_010051187.1   99.74%    passed     10.45%
4084  YP_010051188.1   99.89%    passed     91.47%
4085  YP_010051189.1   99.91%    passed     85.19%
4086  YP_010051190.1   99.61%    failed      4.94%
4087  YP_010051191.1   99.93%    passed     43.70%
4088  YP_010051192.1   99.90%    passed     62.00%
4089  YP_010051193.1   99.84%    passed     11.94%
4090  YP_010051194.1   94.31%    failed      0.00%
4091  YP_010051195.1   99.62%    failed      4.23%
4092  YP_010051196.1   99.78%    failed      0.52%
4093  YP_010051197.1   97.70%    failed      0.00%
4094  YP_010051198.1   99.85%    passed     32.50%
4095  YP_010051199.1   97.34%    failed      0.00%
4096  YP_010051200.1   99.78%    passed     76.37%
4097  YP_010051201.1   99.90%    passed     27.45%
4098  YP_010051202.1   99.93%    passed     92.71%
4099  YP_010051203.1   99.70%    failed      4.24%
4100  YP_010051204.1   99.81%    passed     50.53%
4101  YP_010051205.1   99.86%    passed     27.39%
4102  YP_010051206.1   99.82%    passed     28.42%
4103  YP_010051207.1   99.94%    passed     88.68%
4104  YP_010051208.1   99.36%    failed      0.20%
4105  YP_010051209.1   99.81%    passed     56.89%
4106  YP_010051210.1   99.71%    passed     10.43%
4107  YP_010051211.1   99.85%    passed     12.75%
4108  YP_010051212.1   99.81%    passed     78.35%
4109  YP_010051213.1   99.86%    passed     23.34%
4110  YP_010051214.1   99.87%    passed      9.20%
4111  YP_010051215.1   99.82%    passed     35.28%
4112  YP_010051216.1   99.74%    passed     39.88%
4113  YP_010051217.1   97.61%    failed      0.16%
4114  YP_010283908.1   99.92%    passed     76.47%
4115  YP_010283909.1   99.85%    passed     89.36%
4116  YP_010283910.1   99.49%    failed      2.24%
4117  YP_010283911.1   94.75%    failed      0.00%
4118  YP_010283912.1   99.87%    passed     50.27%
4119  YP_010283913.1   99.77%    passed     79.48%
4120  YP_010283914.1   99.67%    failed      1.15%
4121  YP_010283915.1   94.12%    failed      0.00%
4122  YP_010283916.1   94.17%    failed      0.00%
4123  YP_010283917.1   99.86%    passed     23.22%
4124  YP_010283918.1   99.86%    passed     74.10%
4125  YP_010283919.1   99.86%    passed     20.25%
4126  YP_010283920.1   99.91%    passed     58.90%
4127  YP_010283921.1   99.86%    passed     19.25%
4128  YP_013606033.1   99.52%    passed     13.98%
4129  YP_013606034.1   99.88%    passed     25.23%
4130  YP_025292.1      99.60%    failed      2.01%
4131  YP_025293.1      96.85%    failed      0.00%
4132  YP_025294.2      95.39%    failed      0.00%
4133  YP_025295.1      99.60%    failed      1.71%
4134  YP_025297.1      99.72%    passed      9.07%
4135  YP_025298.1      99.72%    passed     11.48%
4136  YP_025299.1      99.72%    passed      9.07%
4137  YP_025300.1      97.29%    failed      0.00%
4138  YP_025301.1      99.61%    passed      8.83%
4139  YP_025302.1      96.12%    failed      0.00%
4140  YP_025303.1      99.67%    passed     38.72%
4141  YP_025304.1      98.76%    failed      0.00%
4142  YP_025305.1      97.61%    failed      0.00%
4143  YP_025306.1      96.76%    failed      0.00%
4144  YP_025307.1      96.33%    failed      0.00%
4145  YP_025308.1      93.96%    failed      0.00%
4146  YP_025309.2      98.01%    failed      0.00%
4147  YP_025310.1      98.22%    failed      0.12%
4148  YP_026160.1      99.47%    failed      0.03%
4149  YP_026161.1      98.14%    failed      0.00%
4150  YP_026162.2      97.37%    failed      0.00%
4151  YP_026163.2      99.03%    failed      0.02%
4152  YP_026164.1      91.66%    failed      0.00%
4153  YP_026168.2      97.66%    failed      0.00%
4154  YP_026169.1      96.76%    failed      0.00%
4155  YP_026170.1      89.60%    failed      0.00%
4156  YP_026171.3      96.56%    failed      0.00%
4157  YP_026172.1      95.56%    failed      0.00%
4158  YP_026173.1      97.70%    failed      0.00%
4159  YP_026174.2      99.37%    failed      0.00%
4160  YP_026180.1      98.50%    failed      0.00%
4161  YP_026181.1      97.44%    failed      0.00%
4162  YP_026182.1      96.11%    failed      0.00%
4163  YP_026183.1      96.11%    failed      0.00%
4164  YP_026185.1      96.82%    failed      0.00%
4165  YP_026186.1      96.35%    failed      0.00%
4166  YP_026187.1      96.59%    failed      0.00%
4167  YP_026188.1      94.68%    failed      0.00%
4168  YP_026189.1      87.80%    failed      0.00%
4169  YP_026190.1      96.73%    failed      0.00%
4170  YP_026191.1      97.19%    failed      0.00%
4171  YP_026192.1      97.15%    failed      0.00%
4172  YP_026195.1      97.53%    failed      0.00%
4173  YP_026196.1      94.07%    failed      0.00%
4174  YP_026197.1      98.72%    passed     25.48%
4175  YP_026199.1      91.73%    failed      0.00%
4176  YP_026200.1      96.17%    failed      0.00%
4177  YP_026201.1      97.42%    failed      0.00%
4178  YP_026202.1      96.50%    failed      0.00%
4179  YP_026203.3      96.44%    failed      0.00%
4180  YP_026204.1      96.36%    failed      0.00%
4181  YP_026205.1      93.87%    failed      0.00%
4182  YP_026207.1      93.75%    failed      0.00%
4183  YP_026208.1      89.84%    failed      0.00%
4184  YP_026209.1      96.85%    failed      0.00%
4185  YP_026210.1      98.56%    failed      1.57%
4186  YP_026211.1      97.00%    failed      0.00%
4187  YP_026212.2      97.85%    failed      0.00%
4188  YP_026213.1      97.78%    failed      0.00%
4189  YP_026214.1      97.58%    failed      0.00%
4190  YP_026215.2      98.61%    failed      0.00%
4191  YP_026216.2      98.73%    failed      0.23%
4192  YP_026217.1      96.48%    failed      0.00%
4193  YP_026218.1      93.60%    failed      0.00%
4194  YP_026219.1      97.29%    failed      0.00%
4195  YP_026220.1      97.78%    failed      0.00%
4196  YP_026221.1      96.42%    failed      0.00%
4197  YP_026222.1      97.34%    failed      0.00%
4198  YP_026223.1      97.05%    failed      0.00%
4199  YP_026224.1      88.67%    failed      0.00%
4200  YP_026225.1      92.69%    failed      0.00%
4201  YP_026226.4      90.71%    failed      0.00%
4202  YP_026227.1      99.72%    passed     46.57%
4203  YP_026228.1      98.24%    failed      0.00%
4204  YP_026229.1      99.60%    passed      5.63%
4205  YP_026230.1      97.80%    failed      0.00%
4206  YP_026231.1      96.65%    failed      0.00%
4207  YP_026232.1      96.59%    failed      0.00%
4208  YP_026233.1      96.93%    failed      0.00%
4209  YP_026237.1      96.93%    failed      0.00%
4210  YP_026238.1      98.35%    failed      0.00%
4211  YP_026239.1      98.16%    failed      0.00%
4212  YP_026240.1      98.25%    failed      0.19%
4213  YP_026241.1      93.55%    failed      0.00%
4214  YP_026242.1      98.07%    failed      0.06%
4215  YP_026243.1      96.12%    failed      0.00%
4216  YP_026244.1      95.01%    failed      0.00%
4217  YP_026245.1      98.15%    failed      0.31%
4218  YP_026246.1      97.76%    failed      0.00%
4219  YP_026247.1      97.52%    failed      0.02%
4220  YP_026248.1      95.05%    failed      0.00%
4221  YP_026251.1      94.60%    failed      0.00%
4222  YP_026252.1      96.03%    failed      0.00%
4223  YP_026253.1      96.98%    failed      0.00%
4224  YP_026254.1      96.63%    failed      0.00%
4225  YP_026255.1      97.15%    failed      0.02%
4226  YP_026256.2      98.20%    failed      0.00%
4227  YP_026257.1      97.12%    failed      0.00%
4228  YP_026258.1      96.30%    failed      0.00%
4229  YP_026259.1      96.70%    failed      0.14%
4230  YP_026260.1      97.49%    failed      0.00%
4231  YP_026261.1      97.96%    failed      0.02%
4232  YP_026262.1      97.62%    failed      0.00%
4233  YP_026263.3      95.11%    failed      0.00%
4234  YP_026264.1      98.35%    failed      0.00%
4235  YP_026265.1      98.35%    failed      0.00%
4236  YP_026266.1      97.27%    failed      0.00%
4237  YP_026267.1      97.86%    failed      0.08%
4238  YP_026268.1      97.82%    failed      0.00%
4239  YP_026269.1      97.99%    failed      0.11%
4240  YP_026270.1      98.63%    failed      0.00%
4241  YP_026271.1      97.91%    failed      0.00%
4242  YP_026272.1      96.89%    failed      0.00%
4243  YP_026273.1      96.12%    failed      0.00%
4244  YP_026274.1      95.13%    failed      0.00%
4245  YP_026275.1      96.25%    failed      0.00%
4246  YP_026276.1      96.64%    failed      0.00%
4247  YP_026277.1      98.67%    failed      0.00%
4248  YP_026278.1      93.31%    failed      0.00%
4249  YP_026279.1      99.47%    failed      0.00%
4250  YP_026280.1      97.94%    failed      0.58%
4251  YP_026281.1      99.12%    failed      0.00%
4252  YP_026282.1      97.98%    failed      0.00%
4253  YP_026283.1      99.67%    passed     20.55%
4254  YP_026284.1      99.61%    failed      4.18%
4255  YP_026285.1      97.50%    failed      0.00%
4256  YP_026286.1      95.99%    failed      0.00%
4257  YP_026287.1      98.66%    failed      0.82%
4258  YP_026288.1      96.81%    failed      0.00%
4259  YP_026290.1      97.56%    failed      0.00%
4260  YP_026291.2      97.92%    failed      0.00%
4261  YP_588435.1      99.41%    passed     55.83%
4262  YP_588437.1      99.63%    failed      0.75%
4263  YP_588439.1      99.63%    passed     23.85%
4264  YP_588440.1      99.52%    failed      0.27%
4265  YP_588441.1      99.42%    failed      0.14%
4266  YP_588442.1      99.48%    passed     51.33%
4267  YP_588443.1      99.77%    failed      0.90%
4268  YP_588444.1      99.70%    passed     50.33%
4269  YP_588445.1      99.27%    passed      8.13%
4270  YP_588446.1      99.54%    failed      0.18%
4271  YP_588447.1      99.42%    failed      0.00%
4272  YP_588449.3      99.63%    passed     11.70%
4273  YP_588450.2      99.56%    failed      1.75%
4274  YP_588451.1      99.55%    failed      1.02%
4275  YP_588452.1      99.51%    failed      0.05%
4276  YP_588453.1      99.29%    failed      0.00%
4277  YP_588454.1      99.38%    failed      0.99%
4278  YP_588455.2      99.72%    passed     16.71%
4279  YP_588456.1      99.37%    failed      0.35%
4280  YP_588458.1      99.33%    passed     25.62%
4281  YP_588459.1      99.16%    failed      0.07%
4282  YP_588460.1      99.72%    failed      0.05%
4283  YP_588461.1      99.33%    failed      1.37%
4284  YP_588462.1      99.11%    failed      0.00%
4285  YP_588463.1      99.47%    passed     60.98%
4286  YP_588464.1      99.42%    failed      0.07%
4287  YP_588465.1      99.47%    failed      0.00%
4288  YP_588466.1      99.47%    failed      4.83%
4289  YP_588467.1      99.42%    passed      7.03%
4290  YP_588468.1      99.47%    passed      8.00%
4291  YP_588469.1      99.21%    passed     44.91%
4292  YP_588470.1      99.45%    passed      8.08%
4293  YP_588471.1      99.22%    passed     40.84%
4294  YP_588472.1      99.32%    failed      0.22%
4295  YP_588473.1      99.46%    failed      0.59%
4296  YP_588474.1      99.54%    failed      0.04%
4297  YP_588476.1      99.26%    failed      0.34%
4298  YP_588477.1      99.32%    failed      2.67%
4299  YP_588478.1      99.37%    failed      0.00%
4300  YP_588479.2      99.57%    failed      0.00%
4301  WP_001181005.1   99.17%    failed      0.61%
4302  WP_005539416.1   99.27%    failed      2.10%
4303  WP_005539760.1   99.65%    failed      0.02%
4304  WP_005542826.1   99.37%    failed      3.60%
4305  WP_005543325.1   99.00%    failed      0.00%
4306  WP_005544066.1   98.49%    failed      0.02%
4307  WP_005544465.1   99.39%    failed      0.00%
4308  WP_005544470.1   99.55%    failed      2.86%
4309  WP_005548786.1   99.01%    failed      0.09%
4310  WP_005596065.1   99.48%    failed      0.00%
4311  WP_005596075.1   99.06%    failed      0.00%
4312  WP_005598105.1   99.40%    failed      2.57%
4313  WP_005613503.1   99.55%    failed      0.30%
4314  WP_005625828.1   99.44%    passed     31.39%
4315  WP_005625868.1   99.70%    failed      0.36%
4316  WP_005625871.1   98.67%    failed      0.00%
4317  WP_005625873.1   99.06%    failed      0.00%
4318  WP_005625877.1   98.96%    failed      0.07%
4319  WP_005625879.1   99.19%    failed      0.02%
4320  WP_005625881.1   98.56%    failed      0.28%
4321  WP_005625886.1   99.32%    failed      0.03%
4322  WP_005625888.1   99.49%    failed      0.21%
4323  WP_005625897.1   99.12%    failed      0.00%
4324  WP_005626527.1   98.39%    failed      0.48%
4325  WP_005626581.1   98.75%    failed      0.00%
4326  WP_005627389.1   99.07%    failed      4.75%
4327  WP_005627617.1   99.42%    passed     33.59%
4328  WP_005627620.1   99.00%    failed      1.82%
4329  WP_005627632.1   99.43%    failed      0.00%
4330  WP_005628151.1   97.58%    failed      0.22%
4331  WP_005628170.1   99.14%    failed      0.00%
4332  WP_005628746.1   98.98%    failed      1.60%
4333  WP_005628783.1   98.29%    failed      0.00%
4334  WP_005628871.1   98.81%    failed      0.00%
4335  WP_005628952.1   99.30%    passed      7.03%
4336  WP_005629111.1   98.27%    failed      0.20%
4337  WP_005629246.1   98.75%    failed      0.00%
4338  WP_005629251.1   97.90%    failed      0.00%
4339  WP_005629464.1   99.12%    failed      0.13%
4340  WP_005629669.1   98.35%    failed      0.00%
4341  WP_005629736.1   99.19%    failed      0.88%
4342  WP_005630043.1   97.69%    failed      0.00%
4343  WP_005630123.1   97.54%    failed      0.07%
4344  WP_005630160.1   98.59%    failed      0.08%
4345  WP_005630220.1   98.84%    failed      0.04%
4346  WP_005630575.1   98.64%    failed      0.07%
4347  WP_005630808.1   98.96%    failed      0.00%
4348  WP_005630840.1   98.86%    failed      0.00%
4349  WP_005630954.1   99.28%    failed      0.00%
4350  WP_005631184.1   99.45%    passed     12.28%
4351  WP_005631186.1   99.16%    passed     17.81%
4352  WP_005631431.1   98.79%    failed      0.14%
4353  WP_005631673.1   99.45%    failed      0.01%
4354  WP_005631770.1   98.16%    failed      1.68%
4355  WP_005631924.1   99.03%    failed      0.03%
4356  WP_005632089.1   99.38%    failed      0.08%
4357  WP_005632504.1   97.79%    failed      0.00%
4358  WP_005632750.1   98.25%    failed      0.11%
4359  WP_005632753.1   98.33%    failed      0.00%
4360  WP_005632756.1   99.21%    failed      0.01%
4361  WP_005632773.1   98.51%    failed      0.00%
4362  WP_005632782.1   99.49%    failed      3.67%
4363  WP_005632797.1   97.53%    failed      0.01%
4364  WP_005632808.1   98.09%    failed      0.00%
4365  WP_005633867.1   98.92%    failed      0.12%
4366  WP_005634417.1   99.41%    failed      0.02%
4367  WP_005634891.1   99.62%    passed     45.39%
4368  WP_005635481.1   99.18%    passed     25.15%
4369  WP_005637214.1   98.23%    failed      0.00%
4370  WP_005639269.1   97.94%    passed      6.30%
4371  WP_005642378.1   98.72%    failed      0.00%
4372  WP_005642563.1   98.58%    failed      0.00%
4373  WP_005643896.1   99.22%    failed      3.07%
4374  WP_005645090.1   98.40%    failed      0.00%
4375  WP_005645552.1   98.07%    failed      0.00%
4376  WP_005645731.1   96.93%    failed      0.00%
4377  WP_005646416.1   97.28%    failed      0.00%
4378  WP_005647046.1   98.42%    failed      0.00%
4379  WP_005647229.1   98.69%    failed      0.00%
4380  WP_005647241.1   98.92%    failed      0.00%
4381  WP_005647267.1   97.54%    failed      0.00%
4382  WP_005647270.1   98.19%    failed      0.00%
4383  WP_005647284.1   97.47%    failed      0.00%
4384  WP_005647404.1   98.16%    failed      0.01%
4385  WP_005647567.1   98.07%    failed      0.00%
4386  WP_005647570.1   96.91%    failed      0.00%
4387  WP_005647600.1   99.14%    failed      0.02%
4388  WP_005647620.1   97.54%    failed      0.00%
4389  WP_005647674.1   99.21%    passed      5.89%
4390  WP_005647733.1   98.19%    passed      5.41%
4391  WP_005647833.1   97.90%    failed      0.00%
4392  WP_005647840.1   98.72%    failed      0.00%
4393  WP_005647842.1   96.59%    failed      0.00%
4394  WP_005647844.1   97.37%    failed      0.00%
4395  WP_005647864.1   98.27%    failed      0.00%
4396  WP_005647883.1   98.31%    failed      0.00%
4397  WP_005647910.1   99.31%    passed     12.77%
4398  WP_005647913.1   99.04%    failed      0.02%
4399  WP_005647965.1   98.71%    failed      0.01%
4400  WP_005647973.1   96.11%    failed      0.00%
4401  WP_005647974.1   99.32%    failed      0.64%
4402  WP_005647993.1   99.07%    failed      0.00%
4403  WP_005647998.1   98.20%    failed      0.75%
4404  WP_005648000.1   98.25%    failed      0.00%
4405  WP_005648011.1   99.38%    failed      0.81%
4406  WP_005648026.1   98.80%    failed      0.51%
4407  WP_005648113.1   97.73%    failed      4.37%
4408  WP_005648125.1   98.72%    passed      7.75%
4409  WP_005648226.1   97.99%    failed      0.00%
4410  WP_005648303.1   99.11%    failed      0.20%
4411  WP_005648336.1   98.91%    failed      0.00%
4412  WP_005648338.1   99.08%    failed      0.00%
4413  WP_005648344.1   99.21%    failed      3.39%
4414  WP_005648352.1   98.04%    failed      0.00%
4415  WP_005648375.1   98.87%    failed      0.00%
4416  WP_005648400.1   98.97%    failed      0.01%
4417  WP_005648410.1   98.84%    failed      0.00%
4418  WP_005648425.1   98.91%    failed      0.00%
4419  WP_005648477.1   99.28%    passed      9.38%
4420  WP_005648534.1   99.75%    failed      0.64%
4421  WP_005648561.1   98.46%    failed      0.00%
4422  WP_005648572.1   98.84%    failed      0.21%
4423  WP_005648623.1   97.59%    failed      0.00%
4424  WP_005648665.1   98.33%    failed      0.00%
4425  WP_005648666.1   96.70%    failed      0.00%
4426  WP_005648709.1   98.60%    failed      0.00%
4427  WP_005648714.1   98.42%    failed      0.00%
4428  WP_005648735.1   99.07%    failed      0.01%
4429  WP_005648746.1   98.56%    failed      0.00%
4430  WP_005648813.1   99.45%    failed      0.06%
4431  WP_005648822.1   99.22%    failed      2.01%
4432  WP_005648824.1   98.62%    failed      0.04%
4433  WP_005648856.1   98.80%    failed      0.00%
4434  WP_005648966.1   96.63%    failed      0.00%
4435  WP_005648994.1   98.88%    failed      2.09%
4436  WP_005649034.1   98.03%    failed      0.00%
4437  WP_005649040.1   98.62%    failed      0.00%
4438  WP_005649046.1   99.37%    failed      2.21%
4439  WP_005649106.1   98.82%    failed      1.94%
4440  WP_005649108.1   98.28%    failed      0.00%
4441  WP_005649190.1   98.88%    failed      0.01%
4442  WP_005649191.1   98.17%    failed      0.00%
4443  WP_005649214.1   99.18%    failed      0.43%
4444  WP_005649350.1   99.49%    passed     15.51%
4445  WP_005649361.1   98.56%    failed      0.00%
4446  WP_005649383.1   98.00%    failed      0.00%
4447  WP_005649391.1   98.23%    failed      0.06%
4448  WP_005649396.1   98.86%    failed      0.00%
4449  WP_005649402.1   96.33%    failed      0.00%
4450  WP_005649427.1   98.60%    failed      0.00%
4451  WP_005649437.1   97.42%    failed      0.00%
4452  WP_005649445.1   98.53%    failed      0.00%
4453  WP_005649467.1   98.16%    failed      0.00%
4454  WP_005649475.1   96.65%    failed      0.00%
4455  WP_005649491.1   99.31%    failed      1.97%
4456  WP_005649496.1   98.45%    failed      0.41%
4457  WP_005649511.1   98.80%    failed      0.00%
4458  WP_005649513.1   97.70%    failed      0.00%
4459  WP_005649523.1   96.11%    failed      0.00%
4460  WP_005649540.1   98.80%    failed      0.06%
4461  WP_005649559.1   97.58%    failed      0.00%
4462  WP_005649577.1   99.24%    failed      0.81%
4463  WP_005649665.1   97.99%    failed      0.00%
4464  WP_005649699.1   96.97%    failed      0.00%
4465  WP_005649826.1   98.23%    failed      0.00%
4466  WP_005649848.1   98.76%    failed      1.80%
4467  WP_005649850.1   94.77%    failed      0.00%
4468  WP_005649852.1   97.02%    failed      0.00%
4469  WP_005649857.1   99.26%    failed      0.73%
4470  WP_005649877.1   96.19%    failed      0.00%
4471  WP_005649880.1   95.20%    failed      0.00%
4472  WP_005649892.1   97.83%    failed      0.18%
4473  WP_005649928.1   97.90%    failed      0.00%
4474  WP_005649949.1   97.67%    failed      0.00%
4475  WP_005649956.1   99.08%    failed      1.00%
4476  WP_005649965.1   99.32%    failed      0.25%
4477  WP_005649967.1   95.38%    failed      0.00%
4478  WP_005649974.1   98.23%    failed      0.00%
4479  WP_005650033.1   98.45%    failed      0.00%
4480  WP_005650087.1   96.98%    failed      0.00%
4481  WP_005650128.1   99.22%    failed      0.00%
4482  WP_005650156.1   98.56%    failed      0.00%
4483  WP_005650217.1   99.14%    passed      6.14%
4484  WP_005650218.1   95.54%    failed      0.00%
4485  WP_005650345.1   98.84%    failed      0.53%
4486  WP_005650353.1   99.34%    passed      9.30%
4487  WP_005650386.1   98.58%    failed      0.03%
4488  WP_005650404.1   99.21%    failed      0.22%
4489  WP_005650445.1   99.29%    passed      5.98%
4490  WP_005650450.1   98.86%    failed      0.01%
4491  WP_005650452.1   98.30%    failed      0.07%
4492  WP_005650453.1   98.80%    failed      1.85%
4493  WP_005650455.1   94.98%    failed      0.00%
4494  WP_005650535.1   99.05%    passed      6.38%
4495  WP_005650594.1   98.70%    failed      0.03%
4496  WP_005650601.1   97.74%    failed      0.00%
4497  WP_005650606.1   98.15%    failed      0.00%
4498  WP_005650678.1   98.80%    passed      6.16%
4499  WP_005650692.1   98.72%    failed      1.18%
4500  WP_005650701.1   97.11%    failed      0.00%
4501  WP_005650775.1   98.76%    passed     16.88%
4502  WP_005650782.1   96.15%    failed      0.00%
4503  WP_005650820.1   99.42%    failed      0.00%
4504  WP_005650837.1   99.21%    failed      0.00%
4505  WP_005650892.1   99.01%    failed      0.00%
4506  WP_005651072.1   97.32%    failed      0.04%
4507  WP_005651258.1   98.43%    failed      0.00%
4508  WP_005651366.1   99.20%    failed      0.00%
4509  WP_005651413.1   98.03%    failed      0.39%
4510  WP_005651417.1   98.11%    failed      0.00%
4511  WP_005651442.1   99.45%    passed     14.81%
4512  WP_005651560.1   98.94%    failed      0.91%
4513  WP_005651580.1   99.30%    failed      0.00%
4514  WP_005651583.1   99.21%    failed      0.51%
4515  WP_005651632.1   98.63%    failed      0.00%
4516  WP_005651674.1   98.69%    failed      0.00%
4517  WP_005651675.1   97.47%    failed      0.00%
4518  WP_005651693.1   99.09%    failed      0.00%
4519  WP_005651701.1   97.90%    failed      0.00%
4520  WP_005651712.1   95.92%    failed      0.00%
4521  WP_005651773.1   96.48%    failed      0.00%
4522  WP_005651790.1   98.35%    failed      0.05%
4523  WP_005651791.1   97.69%    failed      0.03%
4524  WP_005651797.1   97.41%    failed      0.01%
4525  WP_005651799.1   97.50%    failed      0.00%
4526  WP_005651812.1   97.42%    failed      0.00%
4527  WP_005651852.1   98.57%    failed      0.00%
4528  WP_005651858.1   99.45%    failed      0.00%
4529  WP_005652027.1   98.39%    failed      3.48%
4530  WP_005652031.1   98.37%    failed      0.00%
4531  WP_005652035.1   99.33%    failed      0.00%
4532  WP_005652096.1   98.60%    failed      0.35%
4533  WP_005652140.1   98.07%    failed      0.08%
4534  WP_005652235.1   98.77%    failed      0.00%
4535  WP_005652269.1   98.33%    failed      0.00%
4536  WP_005652322.1   97.20%    failed      0.00%
4537  WP_005652350.1   98.27%    failed      0.00%
4538  WP_005652354.1   98.72%    passed     18.60%
4539  WP_005652369.1   98.39%    failed      0.00%
4540  WP_005652371.1   97.81%    failed      0.00%
4541  WP_005652382.1   96.46%    failed      0.00%
4542  WP_005652432.1   95.94%    failed      0.00%
4543  WP_005652434.1   97.30%    failed      0.00%
4544  WP_005652627.1   97.43%    failed      0.08%
4545  WP_005652640.1   96.15%    failed      0.00%
4546  WP_005652728.1   99.42%    passed     15.26%
4547  WP_005652747.1   97.66%    failed      0.04%
4548  WP_005652758.1   98.75%    failed      0.48%
4549  WP_005652786.1   98.68%    failed      3.26%
4550  WP_005652821.1   99.29%    failed      0.07%
4551  WP_005652847.1   99.23%    failed      1.30%
4552  WP_005652947.1   98.33%    failed      0.00%
4553  WP_005652999.1   99.54%    failed      4.12%
4554  WP_005653154.1   98.92%    failed      0.09%
4555  WP_005653280.1   99.61%    failed      0.00%
4556  WP_005653382.1   98.40%    failed      0.00%
4557  WP_005653397.1   99.14%    failed      3.16%
4558  WP_005653606.1   98.65%    failed      0.00%
4559  WP_005653635.1   99.08%    failed      0.00%
4560  WP_005653671.1   97.63%    failed      0.00%
4561  WP_005653793.1   96.70%    failed      0.00%
4562  WP_005653794.1   98.04%    failed      0.00%
4563  WP_005653814.1   93.82%    failed      0.00%
4564  WP_005653834.1   97.91%    failed      0.05%
4565  WP_005653863.1   98.60%    failed      0.28%
4566  WP_005653865.1   99.34%    failed      1.06%
4567  WP_005654045.1   99.10%    failed      0.07%
4568  WP_005654053.1   98.11%    failed      0.00%
4569  WP_005654127.1   98.97%    failed      1.73%
4570  WP_005654151.1   98.23%    failed      0.00%
4571  WP_005654167.1   99.35%    failed      1.14%
4572  WP_005654219.1   97.66%    failed      0.00%
4573  WP_005654296.1   97.48%    failed      0.00%
4574  WP_005654301.1   96.05%    failed      0.00%
4575  WP_005654344.1   99.44%    failed      3.27%
4576  WP_005654374.1   98.06%    failed      0.00%
4577  WP_005654382.1   98.31%    failed      0.00%
4578  WP_005654445.1   98.29%    failed      0.39%
4579  WP_005654471.1   98.24%    passed     12.94%
4580  WP_005654480.1   97.74%    failed      0.00%
4581  WP_005654516.1   98.09%    failed      0.00%
4582  WP_005654693.1   97.35%    failed      0.00%
4583  WP_005654696.1   98.95%    failed      0.00%
4584  WP_005654778.1   96.85%    failed      0.00%
4585  WP_005654786.1   97.86%    failed      0.00%
4586  WP_005654861.1   98.99%    failed      0.03%
4587  WP_005654959.1   97.16%    failed      0.00%
4588  WP_005655029.1   95.96%    failed      0.00%
4589  WP_005655034.1   98.83%    failed      0.00%
4590  WP_005655267.1   98.19%    failed      0.00%
4591  WP_005655473.1   99.19%    failed      3.10%
4592  WP_005655513.1   96.47%    failed      0.00%
4593  WP_005655521.1   97.80%    failed      0.23%
4594  WP_005655572.1   97.58%    failed      0.00%
4595  WP_005655593.1   98.58%    failed      0.00%
4596  WP_005655641.1   98.51%    failed      0.00%
4597  WP_005655643.1   98.76%    failed      2.88%
4598  WP_005655733.1   98.03%    failed      0.00%
4599  WP_005655841.1   99.20%    failed      0.05%
4600  WP_005655860.1   98.08%    failed      0.30%
4601  WP_005655956.1   96.40%    failed      0.00%
4602  WP_005655985.1   97.33%    failed      0.00%
4603  WP_005656008.1   98.35%    passed      8.15%
4604  WP_005656158.1   99.61%    passed     12.47%
4605  WP_005656206.1   99.05%    failed      0.10%
4606  WP_005656225.1   97.84%    failed      0.00%
4607  WP_005656255.1   99.45%    passed      8.07%
4608  WP_005656358.1   97.65%    failed      0.00%
4609  WP_005656371.1   99.49%    failed      0.60%
4610  WP_005656373.1   99.09%    failed      1.73%
4611  WP_005656529.1   97.57%    failed      0.00%
4612  WP_005656697.1   98.38%    failed      0.06%
4613  WP_005656744.1   97.47%    failed      0.00%
4614  WP_005657282.1   97.33%    failed      0.00%
4615  WP_005657352.1   98.55%    failed      0.00%
4616  WP_005657488.1   98.79%    failed      0.12%
4617  WP_005657657.1   98.45%    failed      0.00%
4618  WP_005657798.1   97.93%    failed      0.00%
4619  WP_005657800.1   98.70%    failed      0.00%
4620  WP_005657804.1   97.18%    failed      0.00%
4621  WP_005657841.1   97.58%    failed      0.00%
4622  WP_005658208.1   98.11%    failed      0.00%
4623  WP_005658306.1   99.12%    failed      0.00%
4624  WP_005658446.1   99.51%    passed     19.74%
4625  WP_005658466.1   98.32%    failed      0.00%
4626  WP_005658680.1   98.97%    failed      0.00%
4627  WP_005658683.1   98.48%    failed      0.11%
4628  WP_005659127.1   98.66%    failed      0.03%
4629  WP_005659678.1   98.53%    failed      1.34%
4630  WP_005659757.1   99.00%    failed      0.00%
4631  WP_005659892.1   98.80%    failed      0.07%
4632  WP_005660149.1   97.51%    failed      0.00%
4633  WP_005660595.1   98.76%    failed      0.16%
4634  WP_005660680.1   96.48%    failed      0.00%
4635  WP_005660876.1   97.63%    failed      0.00%
4636  WP_005661154.1   97.04%    failed      0.00%
4637  WP_005661211.1   99.26%    failed      0.32%
4638  WP_005661219.1   97.89%    failed      0.00%
4639  WP_005661259.1   99.21%    failed      4.12%
4640  WP_005661387.1   98.03%    failed      0.00%
4641  WP_005661551.1   98.00%    failed      0.01%
4642  WP_005661561.1   97.95%    failed      0.00%
4643  WP_005661954.1   96.70%    failed      0.00%
4644  WP_005662331.1   97.94%    failed      0.00%
4645  WP_005662421.1   98.06%    failed      0.00%
4646  WP_005662665.1   98.27%    failed      0.00%
4647  WP_005662813.1   97.94%    failed      0.00%
4648  WP_005662887.1   99.26%    failed      0.31%
4649  WP_005663077.1   97.33%    failed      0.00%
4650  WP_005663264.1   97.86%    failed      0.10%
4651  WP_005663293.1   95.99%    failed      0.00%
4652  WP_005663309.1   98.92%    failed      0.01%
4653  WP_005663315.1   98.09%    failed      0.08%
4654  WP_005663323.1   98.76%    failed      0.00%
4655  WP_005663537.1   99.15%    failed      0.00%
4656  WP_005663812.1   98.87%    failed      4.70%
4657  WP_005663910.1   99.39%    passed     39.30%
4658  WP_005664106.1   99.07%    failed      0.10%
4659  WP_005664214.1   97.42%    failed      0.00%
4660  WP_005664327.1   96.40%    failed      0.00%
4661  WP_005664344.1   97.95%    failed      0.00%
4662  WP_005664434.1   97.79%    failed      0.24%
4663  WP_005664572.1   98.72%    failed      0.00%
4664  WP_005665007.1   98.56%    failed      0.00%
4665  WP_005665016.1   94.24%    failed      0.00%
4666  WP_005665148.1   99.17%    failed      0.00%
4667  WP_005665886.1   94.62%    failed      0.00%
4668  WP_005665936.1   97.61%    failed      0.00%
4669  WP_005665973.1   97.58%    failed      0.00%
4670  WP_005666039.1   97.96%    failed      0.00%
4671  WP_005666065.1   96.34%    failed      0.00%
4672  WP_005666147.1   98.03%    failed      0.00%
4673  WP_005666204.1   96.85%    failed      0.00%
4674  WP_005666423.1   89.22%    failed      0.00%
4675  WP_005666442.1   97.19%    failed      0.00%
4676  WP_005666536.1   97.85%    failed      0.00%
4677  WP_005666620.1   97.74%    failed      0.00%
4678  WP_005666622.1   97.82%    failed      0.00%
4679  WP_005666700.1   96.69%    failed      0.00%
4680  WP_005666735.1   99.09%    failed      0.00%
4681  WP_005666869.1   98.25%    failed      0.94%
4682  WP_005666933.1   98.97%    failed      1.61%
4683  WP_005667179.1   96.66%    failed      0.00%
4684  WP_005667227.1   98.15%    failed      0.00%
4685  WP_005667389.1   98.66%    failed      0.00%
4686  WP_005667393.1   97.41%    failed      0.01%
4687  WP_005667400.1   98.34%    failed      0.27%
4688  WP_005667563.1   97.50%    failed      0.00%
4689  WP_005667564.1   96.84%    failed      0.00%
4690  WP_005667625.1   95.57%    failed      0.00%
4691  WP_005668011.1   95.25%    failed      0.00%
4692  WP_005668014.1   97.70%    failed      0.00%
4693  WP_005668021.1   97.31%    failed      0.04%
4694  WP_005668023.1   99.24%    failed      0.00%
4695  WP_005668096.1   97.22%    failed      0.00%
4696  WP_005668108.1   99.17%    failed      0.86%
4697  WP_005668148.1   97.83%    failed      2.61%
4698  WP_005668173.1   96.15%    failed      0.01%
4699  WP_005669329.1   96.57%    failed      0.00%
4700  WP_005669389.1   98.70%    failed      0.00%
4701  WP_005669745.1   98.15%    failed      1.82%
4702  WP_005670174.1   98.84%    failed      0.00%
4703  WP_005670186.1   95.61%    failed      0.00%
4704  WP_005670537.1   97.84%    failed      0.00%
4705  WP_005671149.1   96.74%    failed      0.00%
4706  WP_005671546.1   95.40%    failed      0.00%
4707  WP_005672105.1   97.66%    failed      0.00%
4708  WP_005672404.1   99.44%    failed      1.07%
4709  WP_005672747.1   99.15%    passed      5.84%
4710  WP_005686318.1   95.07%    failed      0.00%
4711  WP_005686372.1   99.32%    passed     31.94%
4712  WP_005686388.1   98.77%    failed      0.07%
4713  WP_005686427.1   98.79%    failed      2.85%
4714  WP_005686506.1   98.31%    failed      0.28%
4715  WP_005686665.1   97.40%    failed      0.00%
4716  WP_005686672.1   98.81%    failed      0.00%
4717  WP_005686697.1   98.29%    failed      0.01%
4718  WP_005686915.1   98.59%    failed      0.34%
4719  WP_005687041.1   99.19%    passed     12.08%
4720  WP_005687043.1   99.23%    failed      0.01%
4721  WP_005687358.1   98.46%    failed      0.03%
4722  WP_005687477.1   97.18%    failed      0.00%
4723  WP_005687499.1   98.00%    failed      0.00%
4724  WP_005687916.1   98.73%    failed      0.01%
4725  WP_005688499.1   98.83%    failed      0.73%
4726  WP_005688500.1   99.44%    failed      0.00%
4727  WP_005688501.1   98.57%    failed      0.09%
4728  WP_005688502.1   99.60%    passed      5.42%
4729  WP_005688622.1   98.51%    failed      0.84%
4730  WP_005688698.1   95.88%    failed      0.00%
4731  WP_005688980.1   98.92%    failed      0.93%
4732  WP_005689023.1   98.07%    failed      0.40%
4733  WP_005689200.1   98.18%    failed      0.00%
4734  WP_005689698.1   97.94%    failed      0.00%
4735  WP_005689987.1   97.88%    failed      0.00%
4736  WP_005690872.1   98.47%    failed      0.01%
4737  WP_005691143.1   97.37%    failed      0.00%
4738  WP_005691176.1   98.79%    failed      0.10%
4739  WP_005691222.1   99.24%    passed     11.55%
4740  WP_005691264.1   98.79%    failed      0.02%
4741  WP_005691265.1   99.24%    failed      0.00%
4742  WP_005691510.1   97.46%    failed      0.00%
4743  WP_005691542.1   98.92%    failed      0.18%
4744  WP_005691699.1   96.03%    failed      0.00%
4745  WP_005691796.1   97.29%    failed      0.00%
4746  WP_005692076.1   98.25%    failed      0.00%
4747  WP_005692348.1   99.67%    passed      9.91%
4748  WP_005692390.1   97.63%    failed      0.00%
4749  WP_005692755.1   92.59%    failed      0.00%
4750  WP_005693026.1   96.35%    failed      0.00%
4751  WP_005693127.1   98.51%    failed      0.00%
4752  WP_005693128.1   98.83%    failed      0.00%
4753  WP_005693130.1   96.67%    failed      0.00%
4754  WP_005693132.1   95.03%    failed      0.00%
4755  WP_005693134.1   95.41%    failed      0.00%
4756  WP_005693139.1   98.10%    failed      0.00%
4757  WP_005693140.1   95.92%    failed      0.00%
4758  WP_005693141.1   97.87%    failed      0.00%
4759  WP_005693142.1   95.09%    failed      0.00%
4760  WP_005693144.1   90.70%    failed      0.00%
4761  WP_005693146.1   99.12%    failed      0.70%
4762  WP_005693147.1   98.81%    failed      0.02%
4763  WP_005693148.1   96.44%    failed      0.00%
4764  WP_005693149.1   93.50%    failed      0.00%
4765  WP_005693150.1   98.68%    failed      0.01%
4766  WP_005693152.1   96.93%    failed      0.00%
4767  WP_005693153.1   97.57%    failed      0.00%
4768  WP_005693155.1   96.71%    failed      0.00%
4769  WP_005693156.1   98.18%    failed      1.05%
4770  WP_005693157.1   96.97%    failed      0.48%
4771  WP_005693158.1   97.13%    failed      0.00%
4772  WP_005693159.1   98.19%    passed     16.60%
4773  WP_005693161.1   98.45%    failed      0.04%
4774  WP_005693163.1   96.41%    failed      0.00%
4775  WP_005693164.1   98.21%    failed      0.00%
4776  WP_005693165.1   98.26%    failed      0.00%
4777  WP_005693167.1   98.11%    failed      0.00%
4778  WP_005693169.1   99.53%    passed     21.56%
4779  WP_005693170.1   98.35%    failed      0.00%
4780  WP_005693174.1   97.85%    failed      0.00%
4781  WP_005693175.1   96.81%    failed      0.00%
4782  WP_005693176.1   97.65%    failed      0.00%
4783  WP_005693177.1   96.33%    failed      0.00%
4784  WP_005693178.1   97.63%    failed      0.00%
4785  WP_005693180.1   96.55%    failed      0.00%
4786  WP_005693181.1   98.54%    failed      0.00%
4787  WP_005693182.1   97.27%    failed      0.02%
4788  WP_005693184.1   97.20%    failed      0.00%
4789  WP_005693189.1   98.18%    failed      0.00%
4790  WP_005693190.1   98.90%    failed      0.08%
4791  WP_005693192.1   99.42%    failed      0.80%
4792  WP_005693193.1   95.30%    failed      0.00%
4793  WP_005693194.1   98.46%    failed      0.61%
4794  WP_005693195.1   99.29%    failed      0.18%
4795  WP_005693196.1   98.35%    failed      0.00%
4796  WP_005693197.1   97.09%    failed      0.00%
4797  WP_005693198.1   97.94%    failed      0.00%
4798  WP_005693201.1   97.97%    failed      0.01%
4799  WP_005693202.1   99.08%    failed      0.00%
4800  WP_005693204.1   92.53%    failed      0.00%
4801  WP_005693206.1   98.50%    failed      0.02%
4802  WP_005693208.1   98.11%    failed      0.00%
4803  WP_005693211.1   95.05%    failed      0.00%
4804  WP_005693212.1   96.21%    failed      0.00%
4805  WP_005693214.1   98.34%    failed      0.00%
4806  WP_005693216.1   96.76%    failed      0.00%
4807  WP_005693221.1   97.54%    failed      0.00%
4808  WP_005693225.1   97.29%    failed      0.70%
4809  WP_005693230.1   96.87%    failed      0.00%
4810  WP_005693231.1   97.54%    failed      0.00%
4811  WP_005693233.1   97.36%    failed      0.00%
4812  WP_005693234.1   95.35%    failed      0.00%
4813  WP_005693236.1   98.92%    failed      0.00%
4814  WP_005693238.1   95.73%    failed      0.00%
4815  WP_005693239.1   96.56%    failed      0.00%
4816  WP_005693240.1   96.62%    failed      0.00%
4817  WP_005693244.1   98.50%    failed      0.00%
4818  WP_005693246.1   96.81%    failed      0.00%
4819  WP_005693249.1   95.91%    failed      0.00%
4820  WP_005693250.1   96.87%    failed      0.00%
4821  WP_005693251.1   97.05%    failed      0.00%
4822  WP_005693252.1   98.43%    passed      5.99%
4823  WP_005693253.1   97.88%    failed      0.00%
4824  WP_005693254.1   97.85%    failed      0.00%
4825  WP_005693256.1   98.61%    failed      0.48%
4826  WP_005693258.1   99.17%    failed      0.01%
4827  WP_005693259.1   92.77%    failed      0.00%
4828  WP_005693261.1   97.73%    failed      0.00%
4829  WP_005693262.1   97.26%    failed      0.00%
4830  WP_005693263.1   98.42%    failed      0.00%
4831  WP_005693264.1   93.62%    failed      0.00%
4832  WP_005693265.1   96.44%    failed      0.00%
4833  WP_005693266.1   97.69%    failed      0.00%
4834  WP_005693268.1   93.09%    failed      0.00%
4835  WP_005693269.1   97.24%    failed      0.00%
4836  WP_005693270.1   94.48%    failed      0.00%
4837  WP_005693271.1   99.03%    failed      1.49%
4838  WP_005693272.1   99.31%    failed      3.61%
4839  WP_005693274.1   95.92%    failed      0.00%
4840  WP_005693280.1   96.78%    failed      0.00%
4841  WP_005693281.1   96.92%    failed      0.00%
4842  WP_005693282.1   98.59%    failed      0.04%
4843  WP_005693283.1   94.90%    failed      0.00%
4844  WP_005693284.1   97.86%    failed      0.00%
4845  WP_005693285.1   98.64%    failed      3.64%
4846  WP_005693287.1   98.09%    failed      0.00%
4847  WP_005693290.1   91.00%    failed      0.00%
4848  WP_005693291.1   97.01%    failed      0.00%
4849  WP_005693293.1   97.82%    failed      0.00%
4850  WP_005693296.1   95.90%    failed      0.00%
4851  WP_005693298.1   96.36%    failed      0.00%
4852  WP_005693302.1   96.79%    failed      0.00%
4853  WP_005693305.1   96.85%    failed      0.00%
4854  WP_005693307.1   97.18%    failed      0.00%
4855  WP_005693313.1   98.49%    failed      0.66%
4856  WP_005693314.1   97.71%    failed      0.46%
4857  WP_005693317.1   98.76%    failed      0.00%
4858  WP_005693319.1   97.68%    failed      0.00%
4859  WP_005693323.1   98.45%    failed      0.87%
4860  WP_005693325.1   97.01%    failed      0.00%
4861  WP_005693326.1   95.87%    failed      0.00%
4862  WP_005693328.1   97.13%    failed      0.00%
4863  WP_005693329.1   96.24%    failed      0.00%
4864  WP_005693330.1   98.39%    passed      7.97%
4865  WP_005693332.1   86.40%    failed      0.00%
4866  WP_005693333.1   97.12%    failed      0.00%
4867  WP_005693335.1   97.06%    failed      0.00%
4868  WP_005693336.1   96.36%    failed      0.00%
4869  WP_005693337.1   92.68%    failed      0.00%
4870  WP_005693338.1   94.98%    failed      0.00%
4871  WP_005693342.1   95.66%    failed      0.00%
4872  WP_005693343.1   96.37%    failed      0.00%
4873  WP_005693345.1   95.83%    failed      0.00%
4874  WP_005693348.1   96.68%    failed      0.00%
4875  WP_005693349.1   97.93%    failed      0.01%
4876  WP_005693350.1   97.47%    failed      0.01%
4877  WP_005693351.1   96.08%    failed      0.00%
4878  WP_005693356.1   97.33%    failed      0.00%
4879  WP_005693357.1   95.68%    failed      0.00%
4880  WP_005693359.1   98.19%    failed      0.00%
4881  WP_005693360.1   97.70%    failed      0.00%
4882  WP_005693365.1   97.33%    failed      0.25%
4883  WP_005693372.1   96.79%    failed      0.00%
4884  WP_005693380.1   98.37%    failed      0.00%
4885  WP_005693381.1   97.76%    failed      0.00%
4886  WP_005693382.1   93.53%    failed      0.00%
4887  WP_005693388.1   98.42%    failed      0.00%
4888  WP_005693391.1   98.10%    failed      0.00%
4889  WP_005693393.1   97.42%    failed      0.00%
4890  WP_005693396.1   99.00%    failed      0.00%
4891  WP_005693397.1   98.80%    failed      0.00%
4892  WP_005693400.1   95.62%    failed      0.00%
4893  WP_005693404.1   98.09%    failed      0.00%
4894  WP_005693405.1   96.60%    failed      0.00%
4895  WP_005693407.1   99.16%    failed      0.07%
4896  WP_005693408.1   98.28%    failed      0.00%
4897  WP_005693409.1   98.66%    failed      0.00%
4898  WP_005693411.1   97.90%    failed      0.00%
4899  WP_005693412.1   97.88%    failed      0.00%
4900  WP_005693413.1   98.27%    failed      0.02%
4901  WP_005693414.1   98.30%    failed      0.00%
4902  WP_005693415.1   98.03%    failed      0.00%
4903  WP_005693416.1   99.46%    passed     14.49%
4904  WP_005693417.1   98.61%    failed      0.03%
4905  WP_005693418.1   94.80%    failed      0.00%
4906  WP_005693419.1   97.55%    failed      0.00%
4907  WP_005693425.1   97.37%    failed      0.00%
4908  WP_005693426.1   97.82%    failed      0.00%
4909  WP_005693427.1   97.46%    failed      0.00%
4910  WP_005693428.1   96.73%    failed      0.00%
4911  WP_005693429.1   97.22%    failed      0.00%
4912  WP_005693435.1   95.96%    failed      0.00%
4913  WP_005693436.1   97.33%    failed      0.00%
4914  WP_005693438.1   98.66%    failed      0.28%
4915  WP_005693439.1   98.21%    failed      0.00%
4916  WP_005693444.1   97.46%    failed      0.00%
4917  WP_005693446.1   95.10%    failed      0.00%
4918  WP_005693448.1   96.08%    failed      0.00%
4919  WP_005693450.1   96.49%    failed      0.00%
4920  WP_005693451.1   97.18%    failed      0.00%
4921  WP_005693453.1   96.19%    failed      0.00%
4922  WP_005693454.1   97.54%    failed      0.00%
4923  WP_005693455.1   97.96%    failed      0.03%
4924  WP_005693456.1   96.59%    failed      0.00%
4925  WP_005693457.1   96.62%    failed      0.00%
4926  WP_005693459.1   97.55%    failed      0.00%
4927  WP_005693461.1   98.68%    failed      0.01%
4928  WP_005693464.1   98.62%    failed      0.00%
4929  WP_005693467.1   96.38%    failed      0.00%
4930  WP_005693468.1   98.56%    failed      0.01%
4931  WP_005693469.1   96.47%    failed      0.00%
4932  WP_005693470.1   98.76%    passed     31.73%
4933  WP_005693471.1   95.38%    failed      0.00%
4934  WP_005693472.1   95.30%    failed      0.00%
4935  WP_005693473.1   97.45%    failed      0.00%
4936  WP_005693475.1   97.41%    failed      0.03%
4937  WP_005693476.1   98.89%    failed      1.19%
4938  WP_005693484.1   95.27%    failed      0.00%
4939  WP_005693485.1   99.08%    failed      1.92%
4940  WP_005693486.1   97.97%    failed      0.00%
4941  WP_005693487.1   97.29%    failed      0.00%
4942  WP_005693488.1   97.18%    failed      0.00%
4943  WP_005693490.1   97.74%    failed      0.00%
4944  WP_005693492.1   98.08%    failed      0.02%
4945  WP_005693493.1   99.29%    passed     11.47%
4946  WP_005693495.1   99.28%    passed      7.12%
4947  WP_005693497.1   98.75%    failed      0.00%
4948  WP_005693500.1   98.64%    failed      0.00%
4949  WP_005693501.1   99.57%    failed      2.32%
4950  WP_005693504.1   99.41%    failed      0.96%
4951  WP_005693505.1   99.54%    passed     20.05%
4952  WP_005693506.1   98.51%    failed      0.10%
4953  WP_005693508.1   98.52%    failed      0.00%
4954  WP_005693510.1   98.65%    failed      0.23%
4955  WP_005693512.1   99.31%    failed      4.56%
4956  WP_005693513.1   99.33%    failed      0.73%
4957  WP_005693516.1   99.40%    failed      2.26%
4958  WP_005693520.1   95.92%    failed      0.00%
4959  WP_005693523.1   98.83%    failed      0.03%
4960  WP_005693524.1   97.15%    failed      0.00%
4961  WP_005693526.1   97.53%    failed      0.00%
4962  WP_005693530.1   98.53%    passed      5.11%
4963  WP_005693531.1   99.49%    failed      1.27%
4964  WP_005693532.1   96.09%    failed      0.00%
4965  WP_005693533.1   99.05%    failed      3.10%
4966  WP_005693534.1   98.98%    failed      0.00%
4967  WP_005693539.1   98.54%    failed      0.10%
4968  WP_005693540.1   98.92%    failed      0.00%
4969  WP_005693541.1   97.15%    failed      0.00%
4970  WP_005693543.1   95.00%    failed      0.00%
4971  WP_005693545.1   99.69%    passed     16.31%
4972  WP_005693547.1   98.03%    failed      0.00%
4973  WP_005693548.1   96.18%    failed      0.00%
4974  WP_005693550.1   97.50%    failed      1.79%
4975  WP_005693553.1   94.93%    failed      0.00%
4976  WP_005693555.1   94.00%    failed      0.00%
4977  WP_005693557.1   96.76%    failed      0.00%
4978  WP_005693559.1   97.58%    failed      0.00%
4979  WP_005693560.1   96.74%    failed      0.00%
4980  WP_005693563.1   98.13%    failed      0.00%
4981  WP_005693564.1   97.87%    failed      0.23%
4982  WP_005693566.1   95.06%    failed      0.00%
4983  WP_005693567.1   98.52%    failed      0.05%
4984  WP_005693568.1   98.52%    failed      0.00%
4985  WP_005693569.1   98.38%    failed      0.04%
4986  WP_005693575.1   98.18%    failed      0.00%
4987  WP_005693577.1   97.91%    failed      0.00%
4988  WP_005693578.1   98.27%    passed     23.25%
4989  WP_005693580.1   96.95%    failed      0.00%
4990  WP_005693582.1   96.55%    failed      0.00%
4991  WP_005693583.1   97.47%    failed      0.00%
4992  WP_005693586.1   97.72%    failed      0.00%
4993  WP_005693587.1   97.66%    failed      0.00%
4994  WP_005693592.1   98.89%    failed      0.13%
4995  WP_005693598.1   97.11%    failed      0.00%
4996  WP_005693601.1   97.41%    failed      0.00%
4997  WP_005693602.1   95.37%    failed      0.00%
4998  WP_005693604.1   97.77%    failed      0.00%
4999  WP_005693605.1   96.53%    failed      0.00%
5000  WP_005693608.1   98.35%    failed      0.00%
5001  WP_005693612.1   96.32%    failed      0.00%
5002  WP_005693614.1   98.09%    failed      0.02%
5003  WP_005693619.1   96.66%    failed      0.00%
5004  WP_005693623.1   96.28%    failed      0.00%
5005  WP_005693624.1   98.36%    failed      0.02%
5006  WP_005693625.1   93.02%    failed      0.00%
5007  WP_005693627.1   98.68%    failed      0.01%
5008  WP_005693629.1   97.09%    failed      0.00%
5009  WP_005693630.1   96.82%    failed      0.00%
5010  WP_005693633.1   98.35%    failed      0.00%
5011  WP_005693634.1   98.71%    failed      0.05%
5012  WP_005693636.1   98.09%    failed      0.00%
5013  WP_005693637.1   99.07%    passed      6.64%
5014  WP_005693640.1   98.47%    failed      0.00%
5015  WP_005693641.1   99.03%    failed      0.27%
5016  WP_005693644.1   92.94%    failed      0.00%
5017  WP_005693645.1   96.23%    failed      0.00%
5018  WP_005693646.1   95.46%    failed      0.00%
5019  WP_005693647.1   97.42%    failed      0.00%
5020  WP_005693648.1   97.63%    failed      0.00%
5021  WP_005693649.1   97.20%    failed      0.00%
5022  WP_005693652.1   97.29%    failed      0.00%
5023  WP_005693653.1   97.84%    passed      6.98%
5024  WP_005693654.1   97.33%    failed      0.00%
5025  WP_005693659.1   88.64%    failed      0.00%
5026  WP_005693662.1   97.93%    failed      0.00%
5027  WP_005693665.1   98.08%    failed      0.06%
5028  WP_005693667.1   97.33%    failed      0.00%
5029  WP_005693668.1   97.54%    failed      0.00%
5030  WP_005693669.1   97.66%    failed      0.00%
5031  WP_005693671.1   96.04%    failed      0.00%
5032  WP_005693672.1   98.88%    failed      0.09%
5033  WP_005693676.1   96.54%    failed      0.00%
5034  WP_005693682.1   98.66%    passed      8.47%
5035  WP_005693683.1   98.74%    failed      0.00%
5036  WP_005693684.1   99.00%    failed      0.92%
5037  WP_005693686.1   97.68%    failed      0.00%
5038  WP_005693687.1   96.79%    failed      0.00%
5039  WP_005693688.1   97.93%    failed      0.00%
5040  WP_005693689.1   98.40%    failed      0.35%
5041  WP_005693690.1   97.09%    failed      0.00%
5042  WP_005693694.1   97.70%    failed      0.00%
5043  WP_005693695.1   97.75%    failed      0.00%
5044  WP_005693698.1   96.71%    failed      0.00%
5045  WP_005693699.1   98.24%    failed      0.00%
5046  WP_005693701.1   96.93%    failed      0.00%
5047  WP_005693703.1   93.55%    failed      0.00%
5048  WP_005693704.1   97.66%    failed      0.00%
5049  WP_005693705.1   97.89%    failed      0.00%
5050  WP_005693707.1   97.21%    failed      0.00%
5051  WP_005693712.1   99.27%    passed     22.64%
5052  WP_005693713.1   95.99%    failed      0.00%
5053  WP_005693714.1   97.49%    failed      0.00%
5054  WP_005693715.1   95.54%    failed      0.00%
5055  WP_005693717.1   99.10%    failed      0.00%
5056  WP_005693718.1   94.77%    failed      0.00%
5057  WP_005693720.1   97.74%    failed      0.00%
5058  WP_005693721.1   93.06%    failed      0.00%
5059  WP_005693722.1   97.87%    failed      0.00%
5060  WP_005693724.1   98.65%    failed      0.00%
5061  WP_005693726.1   98.61%    failed      0.00%
5062  WP_005693727.1   98.90%    failed      4.16%
5063  WP_005693728.1   96.43%    failed      0.00%
5064  WP_005693730.1   98.41%    failed      0.58%
5065  WP_005693731.1   97.88%    failed      0.40%
5066  WP_005693732.1   98.43%    failed      0.00%
5067  WP_005693737.1   98.58%    failed      0.00%
5068  WP_005693739.1   96.35%    failed      0.00%
5069  WP_005693740.1   97.18%    failed      0.00%
5070  WP_005693742.1   96.48%    failed      0.00%
5071  WP_005693744.1   99.21%    failed      0.86%
5072  WP_005693745.1   96.31%    failed      0.01%
5073  WP_005693747.1   98.19%    failed      0.02%
5074  WP_005693748.1   97.84%    failed      0.00%
5075  WP_005693754.1   97.42%    failed      0.00%
5076  WP_005693756.1   99.27%    passed     16.02%
5077  WP_005693758.1   97.45%    failed      0.00%
5078  WP_005693761.1   97.90%    failed      0.00%
5079  WP_005693763.1   97.47%    failed      0.00%
5080  WP_005693764.1   96.55%    failed      0.00%
5081  WP_005693765.1   98.21%    failed      0.00%
5082  WP_005693768.1   96.32%    failed      0.00%
5083  WP_005693769.1   99.24%    failed      1.27%
5084  WP_005693770.1   97.80%    failed      0.02%
5085  WP_005693773.1   96.48%    failed      0.00%
5086  WP_005693774.1   96.76%    failed      0.00%
5087  WP_005693775.1   98.44%    failed      0.01%
5088  WP_005693776.1   97.09%    failed      0.00%
5089  WP_005693780.1   95.49%    failed      0.00%
5090  WP_005693781.1   98.53%    passed     15.04%
5091  WP_005693782.1   98.11%    failed      0.00%
5092  WP_005693783.1   94.86%    failed      0.00%
5093  WP_005693784.1   98.91%    failed      0.04%
5094  WP_005693785.1   97.01%    failed      0.00%
5095  WP_005693786.1   96.57%    failed      0.00%
5096  WP_005693788.1   99.14%    failed      0.21%
5097  WP_005693789.1   98.60%    failed      0.00%
5098  WP_005693791.1   98.17%    failed      4.43%
5099  WP_005693792.1   95.03%    failed      0.00%
5100  WP_005693794.1   98.36%    failed      0.00%
5101  WP_005693795.1   96.60%    failed      0.00%
5102  WP_005693796.1   97.05%    failed      0.00%
5103  WP_005693797.1   97.57%    failed      0.00%
5104  WP_005693799.1   98.56%    failed      0.00%
5105  WP_005693802.1   97.66%    failed      0.00%
5106  WP_005693803.1   97.48%    failed      0.00%
5107  WP_005693804.1   98.03%    failed      0.00%
5108  WP_005693805.1   98.07%    failed      0.00%
5109  WP_005693808.1   98.32%    failed      0.06%
5110  WP_005693809.1   96.56%    failed      0.00%
5111  WP_005693810.1   99.09%    failed      0.26%
5112  WP_005693811.1   97.62%    failed      0.00%
5113  WP_005693814.1   96.29%    failed      0.00%
5114  WP_005693817.1   99.08%    failed      2.84%
5115  WP_005693818.1   96.97%    failed      0.00%
5116  WP_005693820.1   97.14%    failed      0.00%
5117  WP_005693822.1   98.47%    failed      0.00%
5118  WP_005693825.1   97.99%    failed      0.00%
5119  WP_005693826.1   99.15%    failed      0.05%
5120  WP_005693827.1   97.05%    failed      0.00%
5121  WP_005693828.1   96.64%    failed      0.00%
5122  WP_005693829.1   98.10%    failed      0.01%
5123  WP_005693830.1   93.46%    failed      0.00%
5124  WP_005693831.1   96.59%    failed      0.00%
5125  WP_005693834.1   97.34%    failed      0.00%
5126  WP_005693835.1   99.14%    failed      3.81%
5127  WP_005693839.1   97.90%    failed      0.02%
5128  WP_005693840.1   98.85%    failed      0.12%
5129  WP_005693842.1   98.64%    failed      0.36%
5130  WP_005693844.1   96.32%    failed      0.00%
5131  WP_005693845.1   97.69%    failed      0.00%
5132  WP_005693846.1   97.70%    failed      0.38%
5133  WP_005693847.1   94.32%    failed      0.00%
5134  WP_005693848.1   98.83%    failed      0.27%
5135  WP_005693849.1   99.08%    failed      0.04%
5136  WP_005693852.1   95.52%    failed      0.00%
5137  WP_005693853.1   92.12%    failed      0.00%
5138  WP_005693854.1   97.50%    failed      0.00%
5139  WP_005693855.1   94.95%    failed      0.00%
5140  WP_005693856.1   96.53%    failed      0.00%
5141  WP_005693857.1   98.73%    failed      0.30%
5142  WP_005693858.1   98.72%    failed      0.08%
5143  WP_005693861.1   93.67%    failed      0.00%
5144  WP_005693863.1   97.33%    failed      0.00%
5145  WP_005693864.1   97.96%    failed      0.00%
5146  WP_005693865.1   95.11%    failed      0.00%
5147  WP_005693866.1   98.10%    failed      0.00%
5148  WP_005693870.1   97.37%    failed      0.00%
5149  WP_005693872.1   97.48%    failed      0.00%
5150  WP_005693874.1   98.30%    failed      0.00%
5151  WP_005693879.1   98.20%    failed      0.01%
5152  WP_005693880.1   95.58%    failed      0.00%
5153  WP_005693881.1   96.85%    failed      0.00%
5154  WP_005693883.1   97.66%    failed      0.00%
5155  WP_005693884.1   96.27%    failed      0.00%
5156  WP_005693885.1   98.24%    passed     11.38%
5157  WP_005693886.1   97.20%    failed      0.00%
5158  WP_005693887.1   98.18%    failed      0.00%
5159  WP_005693888.1   97.35%    failed      0.00%
5160  WP_005693890.1   97.58%    failed      0.00%
5161  WP_005693893.1   97.50%    failed      0.01%
5162  WP_005693898.1   98.33%    failed      0.00%
5163  WP_005693900.1   99.29%    failed      0.10%
5164  WP_005693901.1   94.35%    failed      0.00%
5165  WP_005693902.1   94.44%    failed      0.00%
5166  WP_005693904.1   96.94%    failed      0.00%
5167  WP_005693910.1   99.48%    passed     13.92%
5168  WP_005693912.1   98.57%    failed      0.00%
5169  WP_005693915.1   98.43%    failed      0.00%
5170  WP_005693917.1   98.05%    failed      0.00%
5171  WP_005693918.1   96.76%    failed      0.00%
5172  WP_005693920.1   98.06%    failed      2.73%
5173  WP_005693923.1   99.33%    failed      0.05%
5174  WP_005693928.1   97.46%    failed      0.00%
5175  WP_005693930.1   97.85%    failed      0.00%
5176  WP_005693932.1   96.81%    failed      0.00%
5177  WP_005693935.1   97.98%    failed      0.00%
5178  WP_005693936.1   97.24%    failed      0.00%
5179  WP_005693938.1   98.30%    failed      0.05%
5180  WP_005693940.1   97.77%    failed      0.00%
5181  WP_005693942.1   97.56%    failed      0.00%
5182  WP_005693943.1   99.25%    passed     19.35%
5183  WP_005693944.1   98.47%    failed      0.31%
5184  WP_005693946.1   99.21%    failed      0.02%
5185  WP_005693948.1   98.39%    passed      5.26%
5186  WP_005693950.1   99.27%    failed      2.80%
5187  WP_005693951.1   99.25%    failed      2.62%
5188  WP_005693952.1   98.63%    failed      0.92%
5189  WP_005693954.1   96.50%    failed      0.00%
5190  WP_005693956.1   99.05%    failed      0.00%
5191  WP_005693957.1   97.06%    failed      0.00%
5192  WP_005693961.1   99.20%    failed      0.11%
5193  WP_005693962.1   97.28%    failed      0.00%
5194  WP_005693963.1   97.80%    failed      0.00%
5195  WP_005693964.1   98.84%    failed      4.43%
5196  WP_005693965.1   99.55%    failed      4.44%
5197  WP_005693970.1   92.34%    failed      0.00%
5198  WP_005693971.1   99.28%    passed      8.29%
5199  WP_005693973.1   97.33%    failed      0.00%
5200  WP_005693974.1   98.45%    failed      0.54%
5201  WP_005693976.1   95.84%    failed      0.00%
5202  WP_005693978.1   98.68%    failed      0.00%
5203  WP_005693980.1   97.66%    failed      0.00%
5204  WP_005693981.1   97.58%    failed      0.00%
5205  WP_005693982.1   87.88%    failed      0.00%
5206  WP_005693983.1   98.05%    failed      0.00%
5207  WP_005693987.1   97.49%    failed      0.01%
5208  WP_005693989.1   99.12%    passed     20.12%
5209  WP_005693992.1   92.57%    failed      0.00%
5210  WP_005693993.1   94.84%    failed      0.00%
5211  WP_005693994.1   98.44%    failed      0.00%
5212  WP_005693995.1   93.03%    failed      0.00%
5213  WP_005693997.1   96.19%    failed      0.00%
5214  WP_005693998.1   95.89%    failed      0.00%
5215  WP_005693999.1   93.41%    failed      0.00%
5216  WP_005694002.1   94.71%    failed      0.00%
5217  WP_005694003.1   94.14%    failed      0.00%
5218  WP_005694009.1   97.42%    failed      0.18%
5219  WP_005694011.1   96.69%    failed      0.00%
5220  WP_005694014.1   97.70%    failed      0.00%
5221  WP_005694021.1   96.64%    failed      0.00%
5222  WP_005694022.1   96.76%    failed      0.00%
5223  WP_005694025.1   98.02%    failed      0.02%
5224  WP_005694029.1   98.71%    passed     14.38%
5225  WP_005694030.1   95.58%    failed      0.00%
5226  WP_005694031.1   97.69%    failed      0.00%
5227  WP_005694032.1   97.51%    failed      0.15%
5228  WP_005694033.1   97.74%    failed      0.00%
5229  WP_005694036.1   97.26%    failed      0.00%
5230  WP_005694037.1   95.45%    failed      0.00%
5231  WP_005694039.1   92.74%    failed      0.00%
5232  WP_005694040.1   95.46%    failed      0.00%
5233  WP_005694042.1   94.20%    failed      0.00%
5234  WP_005694044.1   98.07%    failed      0.00%
5235  WP_005694045.1   98.43%    failed      0.00%
5236  WP_005694048.1   98.27%    failed      0.00%
5237  WP_005694049.1   98.76%    failed      3.00%
5238  WP_005694050.1   98.82%    failed      0.00%
5239  WP_005694052.1   98.65%    failed      0.05%
5240  WP_005694053.1   92.43%    failed      0.00%
5241  WP_005694057.1   97.09%    failed      0.00%
5242  WP_005694058.1   95.05%    failed      0.00%
5243  WP_005694060.1   96.13%    failed      0.00%
5244  WP_005694061.1   95.08%    failed      0.00%
5245  WP_005694062.1   97.48%    failed      0.00%
5246  WP_005694065.1   96.50%    failed      0.00%
5247  WP_005694067.1   96.79%    failed      0.00%
5248  WP_005694070.1   95.80%    failed      0.00%
5249  WP_005694071.1   96.08%    failed      0.00%
5250  WP_005694080.1   98.59%    passed      5.66%
5251  WP_005694081.1   96.91%    failed      0.00%
5252  WP_005694085.1   95.87%    failed      0.00%
5253  WP_005694086.1   98.07%    failed      0.00%
5254  WP_005694088.1   97.09%    failed      0.00%
5255  WP_005694093.1   97.45%    passed      6.32%
5256  WP_005694094.1   97.70%    failed      1.14%
5257  WP_005694095.1   97.13%    failed      0.00%
5258  WP_005694098.1   96.37%    failed      0.00%
5259  WP_005694099.1   97.94%    failed      0.00%
5260  WP_005694100.1   98.51%    failed      0.00%
5261  WP_005694101.1   96.97%    failed      0.00%
5262  WP_005694102.1   97.79%    failed      2.70%
5263  WP_005694104.1   97.56%    failed      0.00%
5264  WP_005694105.1   97.72%    failed      0.00%
5265  WP_005694108.1   98.03%    failed      0.01%
5266  WP_005694109.1   98.72%    failed      3.75%
5267  WP_005694110.1   97.90%    failed      0.00%
5268  WP_005694111.1   97.40%    failed      0.00%
5269  WP_005694112.1   98.04%    failed      0.41%
5270  WP_005694115.1   96.41%    failed      0.00%
5271  WP_005694116.1   98.40%    failed      0.00%
5272  WP_005694117.1   96.34%    failed      0.00%
5273  WP_005694122.1   98.09%    failed      0.00%
5274  WP_005694124.1   97.90%    failed      0.00%
5275  WP_005694125.1   95.87%    failed      0.00%
5276  WP_005694127.1   97.12%    failed      0.00%
5277  WP_005694128.1   96.90%    failed      0.00%
5278  WP_005694129.1   97.82%    failed      0.22%
5279  WP_005694133.1   97.25%    failed      0.00%
5280  WP_005694135.1   94.95%    failed      0.00%
5281  WP_005694141.1   98.11%    failed      0.00%
5282  WP_005694142.1   95.41%    failed      0.00%
5283  WP_005694143.1   99.20%    failed      0.89%
5284  WP_005694144.1   99.13%    failed      0.39%
5285  WP_005694147.1   97.58%    failed      0.00%
5286  WP_005694148.1   98.34%    failed      0.84%
5287  WP_005694149.1   98.56%    failed      1.34%
5288  WP_005694154.1   96.03%    failed      0.00%
5289  WP_005694158.1   98.20%    failed      0.01%
5290  WP_005694166.1   98.73%    failed      0.26%
5291  WP_005694168.1   98.07%    failed      0.01%
5292  WP_005694169.1   99.41%    failed      0.10%
5293  WP_005694170.1   98.07%    failed      0.00%
5294  WP_005694171.1   98.23%    failed      0.00%
5295  WP_005694173.1   98.99%    passed     16.79%
5296  WP_005694177.1   97.13%    failed      0.00%
5297  WP_005694178.1   98.34%    failed      0.02%
5298  WP_005694179.1   96.33%    failed      0.00%
5299  WP_005694180.1   97.18%    failed      0.00%
5300  WP_005694182.1   97.96%    failed      0.00%
5301  WP_005694183.1   97.95%    failed      0.00%
5302  WP_005694185.1   97.64%    failed      0.00%
5303  WP_005694186.1   97.94%    failed      0.00%
5304  WP_005694187.1   97.17%    failed      0.00%
5305  WP_005694190.1   96.78%    failed      0.00%
5306  WP_005694191.1   98.02%    failed      0.00%
5307  WP_005694192.1   93.93%    failed      0.00%
5308  WP_005694193.1   97.13%    failed      0.00%
5309  WP_005694194.1   96.06%    failed      0.00%
5310  WP_005694195.1   94.58%    failed      0.00%
5311  WP_005694197.1   96.38%    failed      0.00%
5312  WP_005694198.1   97.22%    failed      0.00%
5313  WP_005694199.1   98.54%    failed      0.01%
5314  WP_005694200.1   97.15%    failed      0.00%
5315  WP_005694204.1   93.07%    failed      0.00%
5316  WP_005694208.1   97.85%    failed      0.00%
5317  WP_005694212.1   93.73%    failed      0.00%
5318  WP_005694213.1   96.44%    failed      0.00%
5319  WP_005694214.1   96.81%    failed      0.00%
5320  WP_005694216.1   97.52%    failed      0.00%
5321  WP_005694217.1   98.29%    failed      0.01%
5322  WP_005694220.1   94.71%    failed      0.00%
5323  WP_005694221.1   95.77%    failed      0.00%
5324  WP_005694223.1   97.52%    failed      0.00%
5325  WP_005694229.1   92.67%    failed      0.00%
5326  WP_005694230.1   98.16%    failed      0.00%
5327  WP_005694231.1   98.11%    failed      0.00%
5328  WP_005694232.1   95.38%    failed      0.00%
5329  WP_005694235.1   97.50%    failed      0.00%
5330  WP_005694236.1   97.62%    failed      0.00%
5331  WP_005694238.1   95.95%    failed      0.00%
5332  WP_005694239.1   98.69%    failed      0.00%
5333  WP_005694240.1   98.82%    failed      0.01%
5334  WP_005694241.1   96.78%    failed      0.00%
5335  WP_005694242.1   94.29%    failed      0.00%
5336  WP_005694243.1   97.48%    failed      0.00%
5337  WP_005694244.1   97.13%    failed      0.00%
5338  WP_005694247.1   97.65%    failed      0.00%
5339  WP_005694249.1   96.88%    failed      0.00%
5340  WP_005694252.1   97.25%    failed      0.00%
5341  WP_005694258.1   97.35%    failed      0.00%
5342  WP_005694260.1   98.44%    failed      0.19%
5343  WP_005694261.1   98.05%    failed      0.00%
5344  WP_005694262.1   98.08%    failed      0.00%
5345  WP_005694263.1   98.23%    failed      0.00%
5346  WP_005694264.1   98.18%    failed      0.00%
5347  WP_005694270.1   98.45%    failed      2.72%
5348  WP_005694271.1   97.37%    failed      0.00%
5349  WP_005694272.1   98.49%    failed      0.00%
5350  WP_005694273.1   97.09%    failed      0.00%
5351  WP_005694274.1   97.06%    failed      0.00%
5352  WP_005694279.1   91.76%    failed      0.00%
5353  WP_005694284.1   99.25%    passed      5.18%
5354  WP_005694286.1   96.82%    failed      0.00%
5355  WP_005694288.1   98.15%    failed      0.00%
5356  WP_005694289.1   96.68%    failed      0.00%
5357  WP_005694291.1   94.48%    failed      0.00%
5358  WP_005694293.1   92.89%    failed      0.00%
5359  WP_005694297.1   94.90%    failed      0.00%
5360  WP_005694299.1   96.65%    failed      0.00%
5361  WP_005694300.1   98.23%    failed      0.00%
5362  WP_005694301.1   97.86%    failed      0.00%
5363  WP_005694302.1   96.81%    failed      0.00%
5364  WP_005694303.1   98.14%    failed      0.15%
5365  WP_005694305.1   98.35%    failed      0.35%
5366  WP_005694306.1   93.93%    failed      0.00%
5367  WP_005694308.1   94.55%    failed      0.00%
5368  WP_005694309.1   97.42%    failed      0.00%
5369  WP_005694310.1   98.35%    failed      0.05%
5370  WP_005694311.1   99.19%    failed      0.03%
5371  WP_005694314.1   90.80%    failed      0.00%
5372  WP_005694316.1   96.26%    failed      0.00%
5373  WP_005694317.1   97.62%    failed      0.00%
5374  WP_005694320.1   97.13%    failed      0.00%
5375  WP_005694321.1   92.94%    failed      0.00%
5376  WP_005694325.1   97.29%    failed      0.00%
5377  WP_005694327.1   97.70%    failed      0.00%
5378  WP_005694328.1   97.76%    failed      0.00%
5379  WP_005694331.1   99.25%    failed      0.77%
5380  WP_005694334.1   99.08%    failed      2.27%
5381  WP_005694335.1   98.03%    failed      2.78%
5382  WP_005694336.1   94.14%    failed      0.00%
5383  WP_005694337.1   97.21%    failed      0.00%
5384  WP_005694338.1   99.05%    failed      0.07%
5385  WP_005694339.1   94.04%    failed      0.00%
5386  WP_005694340.1   96.48%    failed      0.00%
5387  WP_005694341.1   98.92%    failed      1.26%
5388  WP_005694343.1   96.54%    failed      0.00%
5389  WP_005694344.1   96.39%    failed      0.00%
5390  WP_005694345.1   98.16%    failed      0.58%
5391  WP_005694346.1   98.07%    failed      0.61%
5392  WP_005694347.1   95.28%    failed      0.00%
5393  WP_005694349.1   98.73%    passed     11.70%
5394  WP_005694350.1   98.47%    failed      0.01%
5395  WP_005694351.1   98.36%    failed      0.00%
5396  WP_005694352.1   97.31%    failed      0.00%
5397  WP_005694353.1   99.24%    failed      0.00%
5398  WP_005694355.1   97.62%    failed      0.00%
5399  WP_005694357.1   96.89%    failed      0.00%
5400  WP_005694358.1   97.82%    failed      0.00%
5401  WP_005694359.1   97.58%    failed      0.00%
5402  WP_005694360.1   98.51%    passed     18.47%
5403  WP_005694361.1   98.03%    failed      0.00%
5404  WP_005694362.1   95.81%    failed      0.00%
5405  WP_005694364.1   97.60%    failed      0.00%
5406  WP_005694366.1   98.52%    passed      9.00%
5407  WP_005694367.1   98.80%    failed      0.00%
5408  WP_005694368.1   96.28%    failed      0.00%
5409  WP_005694369.1   96.74%    failed      0.00%
5410  WP_005694370.1   98.15%    failed      0.00%
5411  WP_005694374.1   95.47%    failed      0.00%
5412  WP_005694377.1   99.26%    failed      0.17%
5413  WP_005694380.1   97.73%    failed      0.00%
5414  WP_005694381.1   95.38%    failed      0.00%
5415  WP_005694382.1   99.04%    passed      6.93%
5416  WP_005694384.1   98.44%    failed      0.00%
5417  WP_005694386.1   93.93%    failed      0.00%
5418  WP_005694387.1   96.72%    failed      0.00%
5419  WP_005694389.1   98.30%    failed      0.00%
5420  WP_005694391.1   97.99%    failed      0.00%
5421  WP_005694392.1   96.07%    failed      0.00%
5422  WP_005694394.1   92.93%    failed      0.00%
5423  WP_005694395.1   98.80%    failed      4.33%
5424  WP_005694398.1   97.29%    failed      0.63%
5425  WP_005694400.1   98.21%    failed      0.49%
5426  WP_005694402.1   97.17%    failed      0.00%
5427  WP_005694403.1   98.46%    failed      0.00%
5428  WP_005694411.1   97.29%    failed      0.00%
5429  WP_005694412.1   96.36%    failed      0.00%
5430  WP_005694414.1   96.82%    failed      0.05%
5431  WP_005694415.1   98.51%    failed      0.00%
5432  WP_005694416.1   96.48%    failed      0.00%
5433  WP_005694419.1   97.22%    failed      0.00%
5434  WP_005694421.1   96.86%    failed      0.00%
5435  WP_005694422.1   96.82%    failed      0.00%
5436  WP_005694423.1   95.95%    failed      0.00%
5437  WP_005694426.1   97.12%    failed      0.00%
5438  WP_005694427.1   96.94%    failed      0.00%
5439  WP_005694428.1   97.65%    failed      0.00%
5440  WP_005694432.1   95.05%    failed      0.00%
5441  WP_005694435.1   98.11%    failed      0.22%
5442  WP_005694436.1   98.06%    failed      0.00%
5443  WP_005694437.1   97.50%    failed      0.00%
5444  WP_005694443.1   98.32%    failed      0.00%
5445  WP_005694444.1   98.73%    failed      0.00%
5446  WP_005694445.1   96.15%    failed      0.00%
5447  WP_005694450.1   94.86%    failed      0.00%
5448  WP_005694451.1   90.28%    failed      0.00%
5449  WP_005694454.1   97.37%    failed      0.48%
5450  WP_005694455.1   99.16%    failed      0.01%
5451  WP_005694456.1   93.62%    failed      0.00%
5452  WP_005694457.1   97.36%    failed      0.00%
5453  WP_005694461.1   97.83%    failed      0.00%
5454  WP_005694464.1   98.69%    failed      0.00%
5455  WP_005694465.1   97.37%    failed      0.00%
5456  WP_005694466.1   98.74%    failed      0.00%
5457  WP_005694468.1   94.81%    failed      0.00%
5458  WP_005694470.1   98.15%    failed      0.00%
5459  WP_005694471.1   98.88%    failed      0.00%
5460  WP_005694476.1   98.99%    failed      0.19%
5461  WP_005694477.1   97.90%    failed      0.38%
5462  WP_005694481.1   99.04%    failed      0.02%
5463  WP_005694483.1   94.88%    failed      0.00%
5464  WP_005694485.1   98.57%    failed      0.00%
5465  WP_005694486.1   98.53%    failed      0.90%
5466  WP_005694487.1   97.82%    failed      0.00%
5467  WP_005694489.1   98.51%    passed     19.56%
5468  WP_005694490.1   97.96%    failed      0.18%
5469  WP_005694491.1   96.57%    failed      0.00%
5470  WP_005694492.1   98.75%    failed      0.01%
5471  WP_005694496.1   98.46%    failed      0.06%
5472  WP_005694497.1   97.02%    failed      0.00%
5473  WP_005694498.1   97.49%    failed      0.00%
5474  WP_005694502.1   96.34%    failed      0.00%
5475  WP_005694504.1   98.35%    failed      0.00%
5476  WP_005694505.1   97.32%    failed      0.00%
5477  WP_005694510.1   98.97%    failed      0.02%
5478  WP_005694515.1   97.85%    failed      0.50%
5479  WP_005694517.1   98.09%    failed      0.01%
5480  WP_005694518.1   97.70%    failed      0.02%
5481  WP_005694519.1   94.53%    failed      0.00%
5482  WP_005694521.1   98.23%    passed      5.19%
5483  WP_005694526.1   91.53%    failed      0.00%
5484  WP_005694527.1   96.32%    failed      0.00%
5485  WP_005694530.1   98.97%    failed      0.06%
5486  WP_005694533.1   97.76%    failed      0.10%
5487  WP_005694537.1   96.56%    failed      0.00%
5488  WP_005694539.1   93.23%    failed      0.00%
5489  WP_005694541.1   97.31%    failed      0.00%
5490  WP_005694542.1   97.86%    failed      0.00%
5491  WP_005694543.1   97.82%    failed      0.00%
5492  WP_005694544.1   96.56%    failed      0.00%
5493  WP_005694545.1   98.27%    failed      0.05%
5494  WP_005694547.1   96.23%    failed      0.00%
5495  WP_005694548.1   97.81%    failed      0.00%
5496  WP_005694551.1   98.52%    failed      0.00%
5497  WP_005694554.1   94.95%    failed      0.00%
5498  WP_005694555.1   94.73%    failed      0.00%
5499  WP_005694556.1   96.60%    failed      0.00%
5500  WP_005694560.1   96.70%    failed      0.00%
5501  WP_005694562.1   96.51%    failed      0.00%
5502  WP_005694565.1   99.49%    failed      0.69%
5503  WP_005694568.1   95.91%    failed      0.00%
5504  WP_005694569.1   97.51%    failed      0.00%
5505  WP_005694570.1   97.82%    failed      0.01%
5506  WP_005694572.1   98.78%    failed      0.01%
5507  WP_005694580.1   97.41%    failed      0.00%
5508  WP_005694581.1   89.58%    failed      0.00%
5509  WP_005694583.1   98.47%    failed      0.00%
5510  WP_005694586.1   97.28%    failed      0.00%
5511  WP_005694588.1   98.00%    failed      0.01%
5512  WP_005694589.1   98.46%    failed      0.00%
5513  WP_005694590.1   96.75%    failed      0.00%
5514  WP_005694593.1   96.30%    failed      0.00%
5515  WP_005694594.1   95.03%    failed      0.00%
5516  WP_005694595.1   99.18%    passed     19.20%
5517  WP_005694602.1   96.11%    failed      0.00%
5518  WP_005694604.1   99.16%    passed     94.25%
5519  WP_005694606.1   97.66%    failed      0.00%
5520  WP_005694608.1   96.58%    failed      0.00%
5521  WP_005694609.1   96.53%    failed      0.00%
5522  WP_005694610.1   95.48%    failed      0.00%
5523  WP_005694611.1   97.56%    failed      0.00%
5524  WP_005694613.1   97.08%    failed      0.00%
5525  WP_005694618.1   98.84%    failed      0.13%
5526  WP_005694621.1   98.83%    failed      0.40%
5527  WP_005694623.1   97.33%    failed      0.00%
5528  WP_005694624.1   97.25%    failed      0.00%
5529  WP_005694625.1   95.34%    failed      0.00%
5530  WP_005694630.1   96.09%    failed      0.00%
5531  WP_005694634.1   97.99%    failed      0.04%
5532  WP_005694635.1   98.45%    failed      0.55%
5533  WP_005694639.1   98.64%    failed      0.00%
5534  WP_005694641.1   97.45%    failed      0.00%
5535  WP_005694643.1   96.38%    failed      0.00%
5536  WP_005694644.1   96.32%    failed      0.00%
5537  WP_005694645.1   99.32%    failed      2.91%
5538  WP_005694646.1   97.47%    failed      0.00%
5539  WP_005694653.1   97.79%    failed      0.02%
5540  WP_005694655.1   96.43%    failed      0.00%
5541  WP_005694658.1   99.00%    failed      1.97%
5542  WP_005694659.1   97.37%    failed      2.10%
5543  WP_010868917.1   98.83%    failed      0.62%
5544  WP_010868920.1   98.30%    passed      5.87%
5545  WP_010868921.1   97.16%    failed      0.00%
5546  WP_010868922.1   98.53%    failed      0.00%
5547  WP_010868923.1   99.13%    failed      0.02%
5548  WP_010868924.1   96.64%    failed      0.00%
5549  WP_010868926.1   97.25%    failed      0.00%
5550  WP_010868927.1   96.84%    failed      0.09%
5551  WP_010868928.1   95.29%    failed      0.00%
5552  WP_010868929.1   96.37%    failed      0.00%
5553  WP_010868937.1   94.04%    failed      0.00%
5554  WP_010868939.1   97.37%    failed      0.00%
5555  WP_010868940.1   94.93%    failed      0.00%
5556  WP_010868941.1   98.44%    failed      0.04%
5557  WP_010868942.1   97.96%    failed      0.01%
5558  WP_010868943.1   98.76%    failed      2.59%
5559  WP_010868944.1   97.69%    failed      0.00%
5560  WP_010868945.1   98.17%    failed      0.00%
5561  WP_010868949.1   98.60%    failed      0.00%
5562  WP_010868950.1   98.41%    failed      0.00%
5563  WP_010868951.1   99.31%    failed      0.28%
5564  WP_010868952.1   99.29%    failed      0.09%
5565  WP_010868953.1   98.83%    failed      0.25%
5566  WP_010868956.1   95.16%    failed      0.00%
5567  WP_010868957.1   97.71%    failed      0.00%
5568  WP_010868958.1   94.55%    failed      0.00%
5569  WP_010868960.1   98.43%    failed      1.15%
5570  WP_010868963.1   98.77%    failed      2.52%
5571  WP_010868964.1   94.32%    failed      0.00%
5572  WP_010868966.1   97.83%    failed      0.00%
5573  WP_010868967.1   97.61%    failed      0.00%
5574  WP_010868968.1   97.35%    failed      0.00%
5575  WP_010868969.1   97.21%    failed      0.00%
5576  WP_010868970.1   97.98%    failed      0.00%
5577  WP_010868971.1   95.44%    failed      0.00%
5578  WP_010868972.1   94.21%    failed      0.00%
5579  WP_010868975.1   98.92%    passed      9.47%
5580  WP_010868977.1   98.39%    passed     43.90%
5581  WP_010868979.1   96.76%    failed      0.00%
5582  WP_010868980.1   98.07%    failed      0.00%
5583  WP_010868983.1   98.31%    failed      0.00%
5584  WP_010868984.1   92.49%    failed      0.00%
5585  WP_010868985.1   95.87%    failed      0.00%
5586  WP_010868986.1   95.10%    failed      0.00%
5587  WP_010868987.1   96.53%    failed      0.00%
5588  WP_010868988.1   97.92%    failed      0.07%
5589  WP_010868989.1   97.37%    failed      0.00%
5590  WP_010868991.1   96.44%    failed      0.00%
5591  WP_010868993.1   97.57%    failed      0.00%
5592  WP_010868995.1   95.84%    failed      0.00%
5593  WP_010868996.1   97.22%    failed      0.00%
5594  WP_010868997.1   96.74%    failed      0.00%
5595  WP_010868999.1   95.24%    failed      0.00%
5596  WP_010869001.1   97.90%    failed      0.00%
5597  WP_010869002.1   95.60%    failed      0.00%
5598  WP_010869007.1   98.20%    failed      0.00%
5599  WP_010869008.1   93.53%    failed      0.00%
5600  WP_010869009.1   93.88%    failed      0.00%
5601  WP_010869010.1   99.04%    failed      0.01%
5602  WP_010869011.1   94.38%    failed      0.00%
5603  WP_010869014.1   98.25%    failed      3.88%
5604  WP_010869015.1   94.22%    failed      0.00%
5605  WP_010869016.1   98.72%    failed      0.00%
5606  WP_010869017.1   98.26%    failed      0.00%
5607  WP_010869019.1   96.30%    failed      0.00%
5608  WP_010869020.1   95.27%    failed      0.00%
5609  WP_010869021.1   97.25%    failed      0.00%
5610  WP_010869022.1   91.55%    failed      0.00%
5611  WP_010869023.1   99.23%    passed      7.30%
5612  WP_010869024.1   96.34%    failed      0.00%
5613  WP_010869025.1   98.69%    failed      0.00%
5614  WP_010869026.1   93.38%    failed      0.00%
5615  WP_010869027.1   97.06%    failed      0.00%
5616  WP_010869028.1   94.62%    failed      0.00%
5617  WP_010869030.1   99.18%    failed      0.08%
5618  WP_010869031.1   97.62%    failed      0.00%
5619  WP_010869032.1   99.17%    failed      0.00%
5620  WP_010869033.1   97.80%    failed      0.00%
5621  WP_010869035.1   95.36%    failed      0.00%
5622  WP_010869036.1   98.77%    failed      0.00%
5623  WP_010869037.1   93.09%    failed      0.00%
5624  WP_010869038.1   91.30%    failed      0.00%
5625  WP_010869039.1   96.53%    failed      0.00%
5626  WP_010869041.1   98.51%    failed      0.00%
5627  WP_010869042.1   99.37%    passed     62.06%
5628  WP_010869043.1   93.72%    failed      0.00%
5629  WP_010869046.1   95.88%    failed      0.00%
5630  WP_010869047.1   95.58%    failed      0.00%
5631  WP_010869048.1   98.34%    failed      0.00%
5632  WP_010869050.1   97.75%    failed      0.00%
5633  WP_010869051.1   97.77%    failed      0.00%
5634  WP_010869053.1   98.39%    failed      0.00%
5635  WP_010869054.1   99.17%    failed      0.00%
5636  WP_010869057.1   98.96%    failed      0.01%
5637  WP_010869058.1   97.37%    failed      0.00%
5638  WP_010869059.1   95.68%    failed      0.00%
5639  WP_010869060.1   92.98%    failed      0.00%
5640  WP_010869061.1   96.92%    failed      0.00%
5641  WP_010869062.1   97.34%    failed      0.00%
5642  WP_010869063.1   95.24%    failed      0.00%
5643  WP_010869064.1   95.19%    failed      0.00%
5644  WP_010869065.1   97.41%    failed      0.00%
5645  WP_010869067.1   97.29%    failed      0.00%
5646  WP_010869070.1   96.28%    failed      0.00%
5647  WP_010869072.1   93.13%    failed      0.00%
5648  WP_010869073.1   93.74%    failed      0.00%
5649  WP_010869074.1   98.31%    passed      7.52%
5650  WP_010869077.1   96.22%    failed      0.00%
5651  WP_010869079.1   96.80%    failed      0.00%
5652  WP_010869080.1   99.32%    failed      0.01%
5653  WP_010869081.1   99.18%    failed      0.00%
5654  WP_010869082.1   98.35%    failed      0.00%
5655  WP_010869085.1   98.91%    failed      0.00%
5656  WP_010869086.1   95.04%    failed      0.00%
5657  WP_010869087.1   96.85%    failed      0.11%
5658  WP_010869088.1   98.35%    failed      0.00%
5659  WP_010869089.1   98.88%    passed     64.20%
5660  WP_010869090.1   96.51%    failed      0.00%
5661  WP_010869091.1   98.18%    failed      0.00%
5662  WP_010869093.1   97.27%    failed      0.00%
5663  WP_010869094.1   98.23%    failed      0.00%
5664  WP_010869097.1   98.80%    passed      5.08%
5665  WP_010869098.1   98.97%    failed      0.01%
5666  WP_010869099.1   98.64%    failed      0.00%
5667  WP_010869100.1   97.62%    failed      0.00%
5668  WP_010869101.1   97.35%    failed      0.00%
5669  WP_010869102.1   97.93%    failed      0.02%
5670  WP_010869105.1   97.48%    failed      0.00%
5671  WP_010869106.1   99.12%    failed      0.01%
5672  WP_010869107.1   94.66%    failed      0.00%
5673  WP_010869108.1   96.11%    failed      0.00%
5674  WP_010869109.1   97.48%    failed      0.00%
5675  WP_010869110.1   98.55%    failed      0.00%
5676  WP_010869112.1   97.32%    failed      0.00%
5677  WP_010869113.1   97.56%    failed      0.00%
5678  WP_010869114.1   98.67%    failed      0.15%
5679  WP_010869115.1   97.04%    failed      0.00%
5680  WP_010869116.1   99.22%    failed      0.00%
5681  WP_010869120.1   98.44%    failed      0.00%
5682  WP_010869121.1   96.87%    failed      0.00%
5683  WP_010869124.1   98.27%    failed      0.00%
5684  WP_010869126.1   96.97%    failed      0.00%
5685  WP_010869127.1   95.82%    failed      0.00%
5686  WP_010869128.1   97.95%    failed      0.00%
5687  WP_010869130.1   96.89%    failed      0.00%
5688  WP_010869131.1   96.24%    failed      0.00%
5689  WP_010869132.1   97.00%    failed      0.00%
5690  WP_010869133.1   95.91%    failed      0.00%
5691  WP_010869134.1   95.69%    failed      0.00%
5692  WP_010869135.1   96.33%    failed      0.00%
5693  WP_010869136.1   97.11%    failed      0.00%
5694  WP_010869137.1   96.84%    failed      0.00%
5695  WP_010869138.1   97.71%    failed      0.00%
5696  WP_010869139.1   98.36%    failed      0.00%
5697  WP_010869142.1   97.17%    failed      0.00%
5698  WP_010869143.1   99.14%    passed     17.21%
5699  WP_010869144.1   96.92%    failed      0.00%
5700  WP_010869145.1   98.75%    failed      1.19%
5701  WP_010869150.1   97.62%    failed      0.00%
5702  WP_010869151.1   97.09%    failed      0.17%
5703  WP_010869153.1   95.97%    failed      0.00%
5704  WP_010869156.1   98.14%    failed      0.00%
5705  WP_010869157.1   95.60%    failed      0.00%
5706  WP_010869158.1   96.16%    failed      0.00%
5707  WP_010869159.1   95.45%    failed      0.00%
5708  WP_010869160.1   98.79%    passed     10.10%
5709  WP_010869167.1   98.19%    failed      0.00%
5710  WP_010869168.1   95.30%    failed      0.00%
5711  WP_010869171.1   97.03%    failed      0.00%
5712  WP_010869172.1   93.35%    failed      0.00%
5713  WP_010869173.1   95.38%    failed      0.00%
5714  WP_010869174.1   97.50%    failed      0.00%
5715  WP_010869175.1   96.81%    failed      0.00%
5716  WP_010869177.1   96.25%    failed      0.00%
5717  WP_010869179.1   98.71%    passed     32.07%
5718  WP_010869182.1   98.56%    failed      0.00%
5719  WP_010869183.1   94.90%    failed      0.00%
5720  WP_010869184.1   96.46%    failed      0.00%
5721  WP_010869186.1   98.02%    failed      0.00%
5722  WP_010869187.1   97.66%    failed      0.00%
5723  WP_010869188.1   95.95%    failed      0.00%
5724  WP_010869189.1   96.06%    failed      0.00%
5725  WP_010869192.1   96.18%    failed      0.00%
5726  WP_010869193.1   97.69%    failed      0.00%
5727  WP_010869195.1   96.44%    failed      0.00%
5728  WP_010869196.1   96.21%    failed      0.00%
5729  WP_010869197.1   96.60%    failed      0.00%
5730  WP_010869199.1   98.81%    passed      7.08%
5731  WP_010869200.1   97.53%    failed      0.01%
5732  WP_010869201.1   97.60%    failed      0.00%
5733  WP_010869202.1   99.01%    failed      1.90%
5734  WP_010869203.1   98.94%    failed      0.74%
5735  WP_010869204.1   96.28%    failed      0.00%
5736  WP_010869205.1   98.54%    failed      0.08%
5737  WP_010869207.1   98.61%    failed      0.03%
5738  WP_010869209.1   97.52%    failed      0.00%
5739  WP_010869210.1   98.73%    failed      0.00%
5740  WP_010869211.1   99.59%    passed      9.16%
5741  WP_010869213.1   99.16%    failed      0.00%
5742  WP_010869214.1   97.63%    failed      0.00%
5743  WP_010869215.1   98.96%    failed      0.00%
5744  WP_010869216.1   97.17%    failed      0.00%
5745  WP_010869218.1   98.55%    failed      0.00%
5746  WP_010869219.1   96.36%    failed      0.00%
5747  WP_010869221.1   94.49%    failed      0.00%
5748  WP_010869222.1   97.70%    failed      0.00%
5749  WP_010869223.1   99.16%    passed     20.10%
5750  WP_010869224.1   98.52%    failed      0.00%
5751  WP_010869227.1   99.18%    failed      2.76%
5752  WP_010869228.1   98.48%    failed      0.00%
5753  WP_010869229.1   95.83%    failed      0.00%
5754  WP_010869230.1   96.68%    failed      0.00%
5755  WP_010869233.1   94.93%    failed      0.00%
5756  WP_010869234.1   96.35%    failed      0.00%
5757  WP_010869240.1   96.68%    failed      0.00%
5758  WP_010869241.1   98.88%    failed      2.13%
5759  WP_010869243.1   96.66%    failed      0.00%
5760  WP_010869247.1   96.16%    failed      0.00%
5761  WP_010869249.1   95.59%    failed      0.00%
5762  WP_010869250.1   98.76%    failed      0.00%
5763  WP_010869253.1   96.42%    failed      0.00%
5764  WP_010869255.1   96.63%    failed      0.00%
5765  WP_010869256.1   98.37%    failed      0.00%
5766  WP_010869257.1   97.49%    failed      0.00%
5767  WP_010869258.1   96.79%    failed      0.00%
5768  WP_010869259.1   98.09%    failed      2.07%
5769  WP_010869260.1   98.35%    failed      0.00%
5770  WP_010869261.1   98.68%    passed      8.08%
5771  WP_010869263.1   96.53%    failed      0.00%
5772  WP_010869264.1   97.30%    failed      0.00%
5773  WP_010869267.1   92.49%    failed      0.00%
5774  WP_010869271.1   93.43%    failed      0.00%
5775  WP_010869274.1   97.57%    failed      0.00%
5776  WP_010869275.1   97.01%    failed      0.00%
5777  WP_010869278.1   98.67%    failed      0.00%
5778  WP_010869281.1   99.06%    passed      5.06%
5779  WP_010869282.1   98.03%    failed      0.00%
5780  WP_010869284.1   98.04%    failed      0.00%
5781  WP_010869285.1   97.84%    failed      0.03%
5782  WP_011962024.1   97.01%    failed      0.00%
5783  WP_011962151.1   98.32%    failed      0.00%
5784  WP_012054840.1   97.37%    failed      0.00%
5785  WP_012055087.1   98.31%    failed      0.01%
5786  WP_012055221.1   96.73%    failed      0.00%
5787  WP_013527849.1   98.92%    failed      0.50%
5788  WP_015702000.1   97.98%    failed      0.00%
5789  WP_020910106.1   97.07%    failed      0.00%
5790  WP_021018385.1   99.02%    failed      0.00%
5791  WP_032803489.1   97.11%    failed      0.00%
5792  WP_032828325.1   89.59%    failed      0.00%
5793  WP_032828327.1   96.79%    failed      0.00%
5794  WP_032828329.1   98.63%    failed      2.23%
5795  WP_032828331.1   98.88%    failed      0.19%
5796  WP_032828332.1   96.67%    failed      0.00%
5797  WP_032828333.1   91.76%    failed      0.00%
5798  WP_032828334.1   99.24%    failed      0.15%
5799  WP_032828335.1   97.53%    failed      0.00%
5800  WP_032828336.1   97.36%    failed      0.00%
5801  WP_032828337.1   98.50%    failed      0.00%
5802  WP_032828343.1   96.04%    failed      0.00%
5803  WP_032828348.1   99.34%    failed      3.20%
5804  WP_032828356.1   97.74%    failed      0.01%
5805  WP_032828363.1   96.24%    failed      0.00%
5806  WP_032828365.1   95.94%    failed      0.00%
5807  WP_032828366.1   97.21%    failed      0.00%
5808  WP_032828367.1   98.35%    failed      0.08%
5809  WP_032828368.1   99.13%    failed      0.31%
5810  WP_032828369.1   98.88%    failed      1.03%
5811  WP_032828375.1   97.48%    failed      0.00%
5812  WP_032828376.1   97.17%    failed      0.00%
5813  WP_032828379.1   97.50%    failed      0.00%
5814  WP_032828380.1   98.17%    failed      0.52%
5815  WP_032828382.1   98.14%    failed      0.07%
5816  WP_032828384.1   96.52%    failed      0.00%
5817  WP_032828385.1   97.89%    failed      0.00%
5818  WP_032828386.1   96.20%    failed      0.00%
5819  WP_032828387.1   98.56%    failed      1.08%
5820  WP_032828392.1   98.31%    failed      0.04%
5821  WP_032828395.1   96.63%    failed      0.00%
5822  WP_032828396.1   94.97%    failed      0.00%
5823  WP_032828401.1   97.74%    failed      0.00%
5824  WP_032828405.1   95.19%    failed      0.00%
5825  WP_032828409.1   94.41%    failed      0.00%
5826  WP_032828410.1   96.18%    failed      0.00%
5827  WP_032828415.1   96.60%    failed      0.00%
5828  WP_032828419.1   97.58%    failed      0.00%
5829  WP_032828421.1   96.15%    failed      0.00%
5830  WP_032828422.1   97.68%    passed     13.85%
5831  WP_032828424.1   96.21%    failed      0.00%
5832  WP_032828439.1   94.85%    failed      0.00%
5833  WP_032828440.1   96.52%    failed      0.00%
5834  WP_032828442.1   96.93%    failed      0.00%
5835  WP_032828450.1   94.44%    failed      0.00%
5836  WP_032828451.1   97.50%    failed      0.00%
5837  WP_032828455.1   96.99%    failed      0.00%
5838  WP_032828456.1   97.94%    failed      0.01%
5839  WP_032828458.1   95.26%    failed      0.00%
5840  WP_032828459.1   98.03%    failed      0.03%
5841  WP_032828466.1   98.20%    failed      0.04%
5842  WP_032828468.1   97.00%    failed      0.00%
5843  WP_032828469.1   97.95%    failed      0.00%
5844  WP_032828472.1   98.89%    failed      0.00%
5845  WP_032828476.1   98.18%    failed      0.00%
5846  WP_032828482.1   98.35%    failed      0.00%
5847  WP_032828485.1   99.00%    failed      0.00%
5848  WP_050396688.1   96.93%    failed      0.00%
5849  WP_050396694.1   99.04%    passed      5.50%
5850  WP_050396695.1   97.61%    failed      0.00%
5851  WP_050396697.1   96.69%    failed      0.00%
5852  WP_075913459.1   99.64%    passed     39.34%
5853  WP_080003770.1   96.15%    failed      0.02%
5854  WP_080003771.1   99.50%    passed     59.07%
5855  WP_080003777.1   99.29%    failed      0.03%
5856  WP_080003778.1   97.23%    failed      0.00%
5857  WP_080003783.1   99.57%    failed      0.82%
5858  WP_080613215.1   98.20%    failed      0.00%
5859  WP_100066292.1   99.38%    passed     10.94%
5860  WP_100066293.1   99.37%    failed      0.01%
5861  WP_100066294.1   96.93%    failed      0.00%
5862  WP_100066296.1   96.45%    failed      0.00%
5863  WP_105163169.1   97.38%    failed      0.00%
5864  WP_105163174.1   97.33%    failed      0.00%
5865  WP_146104763.1   91.76%    failed      0.00%
5866  WP_146104764.1   98.41%    failed      0.00%
5867  WP_162837812.1   97.72%    failed      0.00%
5868  WP_164927854.1   95.94%    failed      0.00%
5869  WP_164927855.1   97.62%    failed      0.00%
5870  WP_164927856.1   99.65%    passed     93.70%
5871  WP_164927857.1   96.95%    failed      0.00%
5872  WP_164927858.1   97.94%    failed      0.17%
5873  WP_164927859.1   91.99%    failed      0.00%
5874  WP_164927860.1   95.79%    failed      0.00%
5875  WP_164927861.1   97.77%    failed      0.07%
5876  WP_164927862.1   89.53%    failed      0.00%
5877  WP_164927863.1   97.33%    failed      0.00%
5878  WP_164927865.1   98.57%    failed      0.71%
5879  WP_164927866.1   96.52%    failed      0.01%
5880  WP_164927867.1   93.59%    failed      0.00%
5881  WP_164927868.1   98.65%    failed      0.02%
5882  WP_164927869.1   99.29%    failed      0.06%
5883  WP_164927870.1   97.90%    failed      0.00%
5884  WP_164927871.1   97.86%    failed      0.01%
5885  WP_164927873.1   97.90%    failed      0.00%
5886  WP_164927874.1   97.93%    failed      0.00%
5887  WP_164927875.1   99.48%    passed     34.45%
5888  WP_164927876.1   94.17%    failed      0.00%
5889  WP_164927877.1   95.54%    failed      0.00%
5890  WP_165442159.1   98.75%    failed      0.00%
5891  WP_165442160.1   91.12%    failed      0.00%
5892  WP_165442161.1   99.64%    passed     18.14%
5893  WP_165442162.1   99.61%    failed      0.00%
5894  WP_165442163.1   95.74%    failed      0.00%
5895  WP_165442164.1   97.80%    failed      1.83%
5896  WP_165442165.1   98.49%    failed      0.38%
5897  WP_165442166.1   97.15%    failed      0.00%
WARNING: 5897 sequences contain more than 50% gaps/ambiguity
****  TOTAL            97.51%  5427 sequences failed composition chi2 test (p-value<5%; df=19)
NOTE: NP_415114.1 is identical to NP_414557.1 but kept for subsequent analysis
NOTE: NP_416407.1 is identical to NP_414562.1 but kept for subsequent analysis
NOTE: NP_416408.1 is identical to NP_414563.1 but kept for subsequent analysis
NOTE: NP_415084.2 is identical to NP_414793.2 but kept for subsequent analysis
NOTE: NP_414808.1 is identical to NP_414798.1 but kept for subsequent analysis
NOTE: NP_414809.1 is identical to NP_414799.1 but kept for subsequent analysis
NOTE: NP_414907.2 is identical to NP_414832.2 but kept for subsequent analysis
NOTE: NP_414906.1 is identical to NP_414833.1 but kept for subsequent analysis
NOTE: NP_415921.2 is identical to NP_414894.2 but kept for subsequent analysis
NOTE: NP_415920.1 is identical to NP_414895.1 but kept for subsequent analysis
NOTE: NP_418704.1 is identical to NP_415922.1 but kept for subsequent analysis
NOTE: YP_009518787.1 is identical to YP_009518779.1 but kept for subsequent analysis
NOTE: YP_025299.1 is identical to YP_025297.1 but kept for subsequent analysis
NOTE: 28 identical sequences (see below) will be ignored for subsequent analysis
NOTE: NP_416895.2 (identical to NP_414557.1) is ignored but added at the end
NOTE: NP_417902.1 (identical to NP_414562.1) is ignored but added at the end
NOTE: YP_009518739.1 (identical to NP_414562.1) is ignored but added at the end
NOTE: NP_417901.1 (identical to NP_414563.1) is ignored but added at the end
NOTE: YP_009518740.1 (identical to NP_414563.1) is ignored but added at the end
NOTE: NP_415189.2 (identical to NP_414793.2) is ignored but added at the end
NOTE: NP_415847.2 (identical to NP_414793.2) is ignored but added at the end
NOTE: NP_416535.2 (identical to NP_414793.2) is ignored but added at the end
NOTE: NP_416696.2 (identical to NP_414793.2) is ignored but added at the end
NOTE: NP_417456.2 (identical to NP_414793.2) is ignored but added at the end
NOTE: NP_417685.2 (identical to NP_414793.2) is ignored but added at the end
NOTE: NP_417962.2 (identical to NP_414793.2) is ignored but added at the end
NOTE: YP_009518770.2 (identical to NP_414793.2) is ignored but added at the end
NOTE: YP_588445.1 (identical to NP_414799.1) is ignored but added at the end
NOTE: NP_415072.2 (identical to NP_414832.2) is ignored but added at the end
NOTE: NP_415546.2 (identical to NP_414832.2) is ignored but added at the end
NOTE: NP_416592.2 (identical to NP_414832.2) is ignored but added at the end
NOTE: NP_415073.1 (identical to NP_414833.1) is ignored but added at the end
NOTE: NP_415545.1 (identical to NP_414833.1) is ignored but added at the end
NOTE: NP_416593.1 (identical to NP_414833.1) is ignored but added at the end
NOTE: NP_417338.3 (identical to NP_414894.2) is ignored but added at the end
NOTE: NP_417516.3 (identical to NP_414894.2) is ignored but added at the end
NOTE: NP_418692.2 (identical to NP_414894.2) is ignored but added at the end
NOTE: YP_026163.2 (identical to NP_414894.2) is ignored but added at the end
NOTE: NP_416500.1 (identical to NP_414895.1) is ignored but added at the end
NOTE: NP_417337.1 (identical to NP_414895.1) is ignored but added at the end
NOTE: NP_417517.1 (identical to NP_414895.1) is ignored but added at the end
NOTE: NP_418693.1 (identical to NP_414895.1) is ignored but added at the end
Alignment was printed to /home/ingridlohana/bioinformatica/resultados_pipeline/arvore_iqtree.uniqueseq.phy

For your convenience alignment with unique sequences printed to /home/ingridlohana/bioinformatica/resultados_pipeline/arvore_iqtree.uniqueseq.phy

Create initial parsimony tree by phylogenetic likelihood library (PLL)... 679.678 seconds
Generating 1000 samples for ultrafast bootstrap (seed: 660915)...

NOTE: 2046 MB RAM (1 GB) is required!
WARNING: Memory required per CPU-core (1.99864 GB) is higher than your computer RAM per CPU-core (0 GB), thus multiple runs may exceed RAM!
Estimate model parameters (epsilon = 0.100)
1. Initial log-likelihood: -7427487.106

******************************************************
CHECKPOINT: Resuming analysis from /home/ingridlohana/bioinformatica/resultados_pipeline/arvore_iqtree.ckp.gz

IQ-TREE multicore version 2.0.7 for Linux 64-bit built Nov 30 2024
Developed by Bui Quang Minh, Nguyen Lam Tung, Olga Chernomor,
Heiko Schmidt, Dominik Schrempf, Michael Woodhams.

Host:    IngridLohana (AVX512, FMA3, 3 GB RAM)
Command: iqtree2 -s /home/ingridlohana/bioinformatica/resultados_pipeline/alinhamento_mafft.fasta -m JTT -bb 1000 -mem 2G -pre /home/ingridlohana/bioinformatica/resultados_pipeline/arvore_iqtree
Seed:    407006 (Using SPRNG - Scalable Parallel Random Number Generator)
Time:    Wed Aug 26 17:30:23 2026
Kernel:  AVX+FMA - 1 threads (4 CPU cores detected)

HINT: Use -nt option to specify number of threads because your CPU has 4 cores!
HINT: -nt AUTO will automatically determine the best number of threads to use.

Reading alignment file /home/ingridlohana/bioinformatica/resultados_pipeline/alinhamento_mafft.fasta ... Fasta format detected
Alignment most likely contains protein sequences
Alignment has 5897 sequences with 12457 columns, 11863 distinct patterns
8761 parsimony-informative, 2164 singleton sites, 1532 constant sites
                Gap/Ambiguity  Composition  p-value
   1  NP_414542.1      99.83%    failed      0.00%
   2  NP_414543.1      93.42%    failed      0.00%
   3  NP_414544.1      97.51%    failed      0.00%
   4  NP_414545.1      96.56%    failed      0.00%
   5  NP_414546.1      99.21%    failed      0.02%
   6  NP_414547.1      97.93%    failed      0.00%
   7  NP_414548.1      96.18%    failed      0.00%
   8  NP_414549.1      97.46%    failed      0.00%
   9  NP_414550.1      98.43%    failed      0.01%
  10  NP_414551.1      98.49%    failed      0.00%
  11  NP_414552.1      98.10%    failed      0.00%
  12  NP_414554.1      98.92%    failed      0.09%
  13  NP_414555.1      94.88%    failed      0.00%
  14  NP_414556.1      96.98%    failed      0.00%
  15  NP_414557.1      97.03%    failed      0.00%
  16  NP_414559.1      99.45%    failed      0.80%
  17  NP_414560.1      96.89%    failed      0.00%
  18  NP_414561.1      97.58%    failed      0.17%
  19  NP_414562.1      98.66%    failed      3.04%
  20  NP_414563.1      99.27%    passed      6.49%
  21  NP_414564.1      99.30%    failed      0.00%
  22  NP_414565.1      99.42%    failed      3.29%
  23  NP_414566.1      97.49%    failed      0.00%
  24  NP_414567.1      92.47%    failed      0.00%
  25  NP_414568.1      98.68%    failed      0.00%
  26  NP_414569.1      98.80%    failed      0.10%
  27  NP_414570.1      97.46%    failed      0.00%
  28  NP_414571.1      97.56%    failed      0.00%
  29  NP_414572.1      97.81%    failed      0.00%
  30  NP_414573.1      96.93%    failed      0.00%
  31  NP_414574.1      91.39%    failed      0.00%
  32  NP_414576.4      98.95%    failed      1.77%
  33  NP_414577.2      98.43%    failed      0.03%
  34  NP_414578.2      97.90%    failed      0.00%
  35  NP_414579.4      95.85%    failed      0.07%
  36  NP_414580.1      96.75%    failed      0.00%
  37  NP_414581.1      96.95%    failed      0.00%
  38  NP_414582.1      95.95%    failed      0.00%
  39  NP_414583.2      97.94%    failed      0.00%
  40  NP_414584.1      97.49%    failed      0.00%
  41  NP_414585.1      96.56%    failed      0.00%
  42  NP_414586.1      99.24%    passed     14.57%
  43  NP_414587.1      96.44%    failed      0.00%
  44  NP_414588.1      98.59%    failed      0.81%
  45  NP_414589.1      95.02%    failed      0.00%
  46  NP_414590.1      98.72%    passed     36.34%
  47  NP_414591.1      97.75%    failed      0.00%
  48  NP_414592.1      99.00%    failed      0.35%
  49  NP_414593.1      97.81%    failed      0.02%
  50  NP_414594.1      97.36%    failed      0.00%
  51  NP_414595.1      96.56%    failed      0.00%
  52  NP_414596.1      93.71%    failed      0.00%
  53  NP_414597.1      97.82%    failed      0.00%
  54  NP_414600.1      98.24%    failed      0.28%
  55  NP_414601.1      92.23%    failed      0.00%
  56  NP_414602.1      93.71%    failed      0.00%
  57  NP_414603.1      98.15%    failed      1.31%
  58  NP_414604.1      95.99%    failed      0.00%
  59  NP_414605.1      95.46%    failed      0.00%
  60  NP_414606.1      97.66%    failed      0.19%
  61  NP_414607.1      97.96%    failed      0.00%
  62  NP_414608.1      98.14%    failed      0.00%
  63  NP_414609.1      95.70%    failed      0.00%
  64  NP_414610.1      97.37%    failed      0.00%
  65  NP_414611.1      95.58%    failed      0.00%
  66  NP_414613.1      98.39%    failed      0.26%
  67  NP_414614.1      96.26%    failed      0.00%
  68  NP_414615.4      97.09%    failed      0.00%
  69  NP_414616.1      95.80%    failed      0.00%
  70  NP_414617.1      99.78%    passed     11.39%
  71  NP_414618.4      97.48%    failed      0.00%
  72  NP_414620.1      98.69%    failed      0.00%
  73  NP_414622.1      97.32%    failed      0.00%
  74  NP_414623.1      98.78%    failed      0.03%
  75  NP_414624.1      97.49%    failed      0.00%
  76  NP_414625.1      99.03%    failed      0.41%
  77  NP_414626.1      95.28%    failed      0.00%
  78  NP_414627.1      96.03%    failed      0.00%
  79  NP_414628.1      96.37%    failed      0.00%
  80  NP_414629.1      97.11%    failed      0.00%
  81  NP_414630.1      96.48%    failed      0.00%
  82  NP_414631.1      96.68%    failed      0.00%
  83  NP_414632.1      97.15%    failed      0.00%
  84  NP_414633.1      96.06%    failed      0.00%
  85  NP_414634.1      97.54%    failed      0.00%
  86  NP_414635.1      97.78%    failed      0.00%
  87  NP_414636.1      96.63%    failed      0.00%
  88  NP_414637.1      96.93%    failed      0.00%
  89  NP_414638.1      97.55%    failed      0.00%
  90  NP_414639.2      98.64%    failed      0.00%
  91  NP_414640.1      92.77%    failed      0.00%
  92  NP_414641.1      98.96%    failed      0.19%
  93  NP_414643.1      99.48%    passed     13.53%
  94  NP_414644.1      98.02%    failed      0.00%
  95  NP_414645.1      98.35%    failed      0.00%
  96  NP_414646.1      97.21%    failed      0.00%
  97  NP_414648.1      96.79%    failed      0.00%
  98  NP_414649.1      96.30%    failed      0.00%
  99  NP_414650.1      98.83%    failed      3.53%
 100  NP_414651.1      97.62%    failed      0.00%
 101  NP_414652.1      98.53%    failed      2.18%
 102  NP_414653.1      97.72%    failed      0.00%
 103  NP_414654.1      96.33%    failed      0.00%
 104  NP_414655.1      97.96%    failed      0.00%
 105  NP_414656.1      92.88%    failed      0.00%
 106  NP_414657.1      94.94%    failed      0.00%
 107  NP_414658.1      96.19%    failed      0.00%
 108  NP_414659.1      95.05%    failed      0.00%
 109  NP_414660.1      93.06%    failed      0.00%
 110  NP_414661.2      99.04%    failed      0.01%
 111  NP_414662.1      97.88%    failed      0.41%
 112  NP_414663.1      97.69%    failed      2.33%
 113  NP_414664.4      99.08%    failed      2.47%
 114  NP_414665.1      95.86%    failed      0.00%
 115  NP_414666.1      93.61%    failed      0.00%
 116  NP_414667.4      98.57%    failed      0.00%
 117  NP_414668.1      98.23%    failed      0.73%
 118  NP_414669.1      97.53%    failed      0.00%
 119  NP_414670.1      97.94%    failed      0.00%
 120  NP_414671.1      98.83%    passed     23.02%
 121  NP_414672.1      96.72%    failed      0.00%
 122  NP_414673.1      98.99%    failed      1.32%
 123  NP_414674.1      97.59%    failed      0.00%
 124  NP_414675.1      97.73%    failed      0.00%
 125  NP_414676.1      97.88%    failed      0.00%
 126  NP_414677.1      96.69%    failed      0.00%
 127  NP_414678.1      98.41%    failed      0.00%
 128  NP_414679.1      98.39%    failed      0.00%
 129  NP_414680.4      98.48%    failed      0.00%
 130  NP_414681.1      93.06%    failed      0.00%
 131  NP_414682.1      98.03%    failed      0.01%
 132  NP_414683.1      98.44%    failed      0.00%
 133  NP_414684.1      98.72%    failed      0.74%
 134  NP_414685.4      96.27%    failed      0.00%
 135  NP_414686.3      97.53%    failed      0.00%
 136  NP_414687.1      98.79%    failed      0.00%
 137  NP_414688.1      98.12%    failed      0.14%
 138  NP_414689.4      98.59%    failed      0.00%
 139  NP_414690.4      93.51%    failed      0.00%
 140  NP_414691.1      93.22%    failed      0.00%
 141  NP_414692.1      94.00%    failed      0.00%
 142  NP_414693.1      97.87%    failed      0.00%
 143  NP_414694.1      97.62%    failed      0.00%
 144  NP_414695.1      94.70%    failed      0.00%
 145  NP_414696.1      96.58%    failed      0.00%
 146  NP_414697.1      96.20%    failed      0.00%
 147  NP_414698.1      99.08%    failed      1.29%
 148  NP_414699.1      98.34%    failed      0.00%
 149  NP_414700.1      97.86%    failed      0.00%
 150  NP_414701.1      98.14%    failed      0.00%
 151  NP_414702.1      95.95%    failed      0.00%
 152  NP_414703.1      96.19%    failed      0.00%
 153  NP_414704.4      96.91%    failed      0.00%
 154  NP_414705.1      98.97%    failed      0.02%
 155  NP_414706.2      97.83%    failed      0.00%
 156  NP_414708.1      97.80%    failed      0.00%
 157  NP_414709.1      92.86%    failed      0.00%
 158  NP_414710.1      97.88%    failed      0.00%
 159  NP_414711.1      98.07%    failed      0.01%
 160  NP_414712.1      97.73%    failed      0.00%
 161  NP_414713.1      98.07%    failed      0.00%
 162  NP_414714.1      98.51%    failed      0.00%
 163  NP_414715.1      96.81%    failed      0.00%
 164  NP_414716.1      97.97%    failed      0.02%
 165  NP_414717.2      97.71%    failed      0.00%
 166  NP_414718.1      96.39%    failed      0.00%
 167  NP_414719.1      93.50%    failed      0.00%
 168  NP_414720.1      98.71%    failed      0.00%
 169  NP_414721.1      97.26%    failed      0.00%
 170  NP_414722.1      98.79%    failed      0.06%
 171  NP_414723.1      97.90%    failed      0.00%
 172  NP_414724.1      96.93%    failed      0.00%
 173  NP_414725.1      98.41%    failed      0.00%
 174  NP_414726.1      90.69%    failed      0.00%
 175  NP_414727.1      97.44%    failed      0.00%
 176  NP_414728.1      94.28%    failed      0.00%
 177  NP_414729.4      98.96%    passed     29.48%
 178  NP_414730.1      96.53%    failed      0.00%
 179  NP_414731.2      99.33%    passed     11.22%
 180  NP_414732.1      98.55%    failed      0.00%
 181  NP_414733.1      98.88%    failed      0.00%
 182  NP_414734.1      98.11%    failed      0.01%
 183  NP_414735.4      97.80%    failed      0.00%
 184  NP_414736.1      95.41%    failed      0.00%
 185  NP_414737.1      98.11%    failed      0.01%
 186  NP_414738.1      98.92%    failed      0.04%
 187  NP_414739.1      97.82%    failed      0.00%
 188  NP_414740.1      98.26%    failed      0.00%
 189  NP_414741.1      97.25%    failed      0.00%
 190  NP_414742.1      98.47%    failed      3.67%
 191  NP_414743.1      97.86%    failed      0.00%
 192  NP_414744.1      97.56%    failed      0.00%
 193  NP_414745.1      97.86%    failed      0.00%
 194  NP_414746.1      98.34%    failed      0.03%
 195  NP_414747.1      96.37%    failed      0.00%
 196  NP_414748.1      97.99%    failed      4.38%
 197  NP_414749.2      98.07%    failed      0.01%
 198  NP_414750.1      98.76%    passed     20.39%
 199  NP_414751.1      98.05%    failed      0.02%
 200  NP_414752.1      97.90%    failed      0.00%
 201  NP_414754.1      97.94%    failed      0.02%
 202  NP_414755.1      98.74%    failed      0.14%
 203  NP_414756.2      93.47%    failed      0.00%
 204  NP_414757.1      98.46%    failed      0.00%
 205  NP_414758.1      97.95%    passed     10.24%
 206  NP_414759.1      98.03%    failed      0.13%
 207  NP_414760.1      99.26%    passed      8.96%
 208  NP_414761.1      99.31%    failed      0.17%
 209  NP_414762.1      98.00%    failed      0.05%
 210  NP_414763.1      98.68%    passed     36.93%
 211  NP_414766.1      97.18%    failed      0.00%
 212  NP_414767.1      99.22%    failed      1.22%
 213  NP_414768.1      98.94%    failed      4.91%
 214  NP_414769.1      98.80%    passed     19.06%
 215  NP_414772.1      96.11%    failed      0.00%
 216  NP_414773.1      98.78%    failed      0.95%
 217  NP_414774.1      96.68%    failed      0.02%
 218  NP_414776.1      97.18%    failed      0.00%
 219  NP_414777.1      97.05%    failed      0.00%
 220  NP_414778.1      96.65%    failed      0.00%
 221  NP_414779.1      99.09%    passed     10.54%
 222  NP_414780.1      99.16%    passed     17.79%
 223  NP_414781.1      98.73%    failed      0.00%
 224  NP_414782.1      98.78%    passed     21.91%
 225  NP_414783.1      99.37%    failed      1.64%
 226  NP_414784.1      98.76%    failed      0.69%
 227  NP_414785.4      98.82%    failed      0.38%
 228  NP_414786.4      97.81%    failed      0.00%
 229  NP_414787.4      97.70%    failed      0.00%
 230  NP_414788.1      97.62%    failed      0.00%
 231  NP_414790.1      96.93%    failed      0.00%
 232  NP_414793.2      97.38%    failed      0.03%
 233  NP_414794.4      96.25%    failed      0.00%
 234  NP_414795.1      97.51%    failed      0.00%
 235  NP_414796.2      97.21%    failed      0.00%
 236  NP_414798.1      98.66%    passed      6.04%
 237  NP_414799.1      99.27%    passed      8.13%
 238  NP_414801.1      96.92%    failed      0.00%
 239  NP_414802.2      97.58%    failed      0.00%
 240  NP_414803.1      94.74%    failed      0.00%
 241  NP_414804.1      96.31%    failed      0.00%
 242  NP_414805.1      95.70%    failed      0.00%
 243  NP_414806.1      97.98%    failed      0.00%
 244  NP_414807.1      97.32%    failed      0.00%
 245  NP_414808.1      98.66%    passed      6.04%
 246  NP_414809.1      99.27%    passed      8.13%
 247  NP_414811.1      98.33%    failed      1.99%
 248  NP_414812.1      98.14%    failed      0.00%
 249  NP_414813.1      97.72%    failed      0.00%
 250  NP_414814.1      98.83%    failed      0.00%
 251  NP_414815.1      96.26%    failed      0.00%
 252  NP_414817.1      97.45%    failed      0.00%
 253  NP_414818.1      94.12%    failed      0.00%
 254  NP_414819.1      97.45%    failed      0.00%
 255  NP_414820.1      98.16%    failed      0.01%
 256  NP_414821.1      98.36%    failed      0.02%
 257  NP_414822.1      99.12%    failed      1.70%
 258  NP_414823.2      98.11%    failed      0.04%
 259  NP_414824.1      95.61%    failed      0.00%
 260  NP_414825.1      93.25%    failed      0.00%
 261  NP_414826.1      98.22%    failed      0.00%
 262  NP_414827.1      98.43%    failed      0.00%
 263  NP_414828.1      98.43%    failed      0.01%
 264  NP_414829.1      99.40%    failed      3.86%
 265  NP_414830.1      99.30%    failed      2.51%
 266  NP_414832.2      99.21%    failed      0.00%
 267  NP_414833.1      97.69%    failed      0.12%
 268  NP_414835.2      98.42%    failed      0.01%
 269  NP_414837.2      99.37%    failed      0.03%
 270  NP_414838.2      96.46%    failed      0.00%
 271  NP_414839.1      97.72%    failed      0.00%
 272  NP_414840.1      98.08%    failed      0.03%
 273  NP_414841.1      96.19%    failed      0.00%
 274  NP_414842.4      98.15%    failed      0.00%
 275  NP_414844.1      98.22%    failed      0.09%
 276  NP_414845.1      95.54%    failed      0.00%
 277  NP_414846.1      96.07%    failed      0.00%
 278  NP_414847.3      98.43%    failed      0.00%
 279  NP_414848.1      94.57%    failed      0.00%
 280  NP_414849.1      97.09%    failed      0.04%
 281  NP_414850.1      97.51%    failed      0.00%
 282  NP_414851.1      98.68%    failed      0.00%
 283  NP_414852.1      98.39%    failed      0.00%
 284  NP_414853.1      97.70%    failed      0.01%
 285  NP_414854.1      95.87%    failed      0.00%
 286  NP_414855.1      96.21%    failed      0.00%
 287  NP_414857.1      97.46%    failed      0.00%
 288  NP_414858.1      96.31%    failed      0.00%
 289  NP_414859.1      97.20%    failed      0.00%
 290  NP_414860.1      97.82%    failed      0.00%
 291  NP_414861.2      99.35%    failed      0.85%
 292  NP_414862.1      98.21%    failed      0.00%
 293  NP_414863.1      99.27%    failed      0.01%
 294  NP_414864.1      95.76%    failed      0.00%
 295  NP_414865.1      97.62%    failed      0.00%
 296  NP_414867.1      96.88%    failed      0.00%
 297  NP_414868.1      96.12%    failed      0.00%
 298  NP_414869.1      94.96%    failed      0.00%
 299  NP_414870.1      96.64%    failed      0.00%
 300  NP_414871.1      96.57%    failed      0.00%
 301  NP_414872.3      97.60%    failed      0.00%
 302  NP_414873.1      98.24%    failed      0.00%
 303  NP_414874.1      98.75%    failed      0.00%
 304  NP_414875.1      96.92%    failed      0.00%
 305  NP_414876.1      98.37%    failed      0.03%
 306  NP_414877.1      96.65%    failed      0.00%
 307  NP_414878.1      91.78%    failed      0.00%
 308  NP_414879.3      97.11%    failed      0.00%
 309  NP_414880.2      97.78%    failed      0.00%
 310  NP_414881.1      95.55%    failed      0.00%
 311  NP_414882.1      97.48%    failed      0.00%
 312  NP_414883.5      97.69%    failed      0.00%
 313  NP_414884.2      97.84%    failed      0.00%
 314  NP_414885.1      97.46%    failed      0.00%
 315  NP_414886.1      97.29%    failed      0.00%
 316  NP_414887.2      96.76%    failed      0.00%
 317  NP_414888.4      98.56%    failed      0.00%
 318  NP_414889.1      97.78%    failed      3.45%
 319  NP_414890.1      97.04%    failed      0.00%
 320  NP_414891.4      99.27%    failed      1.09%
 321  NP_414892.1      97.94%    failed      0.00%
 322  NP_414894.2      99.03%    failed      0.02%
 323  NP_414895.1      97.58%    failed      0.00%
 324  NP_414897.1      96.81%    failed      0.00%
 325  NP_414898.4      98.51%    failed      1.48%
 326  NP_414899.2      97.43%    failed      0.00%
 327  NP_414900.1      97.95%    failed      0.00%
 328  NP_414901.1      97.79%    failed      0.00%
 329  NP_414902.1      97.73%    failed      0.03%
 330  NP_414903.4      97.40%    failed      0.00%
 331  NP_414906.1      97.69%    failed      0.12%
 332  NP_414907.2      99.21%    failed      0.00%
 333  NP_414909.2      98.34%    failed      0.13%
 334  NP_414910.1      96.91%    failed      0.00%
 335  NP_414911.1      96.74%    failed      0.00%
 336  NP_414912.1      97.08%    failed      0.00%
 337  NP_414913.1      99.18%    failed      1.41%
 338  NP_414914.2      99.44%    passed     19.19%
 339  NP_414915.1      97.08%    failed      0.00%
 340  NP_414916.1      99.31%    failed      0.07%
 341  NP_414917.2      96.22%    failed      0.00%
 342  NP_414918.4      99.15%    failed      0.01%
 343  NP_414919.1      97.02%    failed      0.00%
 344  NP_414920.1      97.84%    failed      0.00%
 345  NP_414921.2      98.78%    failed      0.00%
 346  NP_414922.1      98.60%    failed      0.01%
 347  NP_414923.1      99.49%    failed      1.61%
 348  NP_414924.1      98.19%    failed      0.00%
 349  NP_414925.1      99.25%    failed      0.52%
 350  NP_414927.1      97.57%    failed      0.00%
 351  NP_414928.2      97.58%    failed      0.00%
 352  NP_414930.3      96.84%    failed      0.00%
 353  NP_414931.1      91.59%    failed      0.00%
 354  NP_414932.1      96.79%    failed      0.00%
 355  NP_414933.1      98.16%    failed      0.00%
 356  NP_414934.1      96.54%    failed      0.00%
 357  NP_414935.1      96.48%    failed      0.00%
 358  NP_414936.1      96.33%    failed      0.00%
 359  NP_414937.2      95.15%    failed      0.00%
 360  NP_414938.1      98.45%    failed      0.01%
 361  NP_414939.1      97.14%    failed      0.00%
 362  NP_414940.1      96.99%    failed      0.00%
 363  NP_414941.1      99.12%    failed      1.16%
 364  NP_414942.1      95.06%    failed      0.00%
 365  NP_414943.1      97.41%    failed      0.00%
 366  NP_414944.1      99.08%    passed     45.86%
 367  NP_414945.1      97.64%    failed      0.00%
 368  NP_414946.4      98.56%    failed      0.00%
 369  NP_414947.1      98.80%    failed      0.01%
 370  NP_414948.1      97.05%    failed      0.00%
 371  NP_414949.1      98.75%    failed      0.00%
 372  NP_414950.1      98.88%    failed      0.00%
 373  NP_414951.1      97.39%    failed      0.00%
 374  NP_414952.1      98.62%    failed      0.01%
 375  NP_414953.2      97.40%    failed      0.00%
 376  NP_414954.1      95.02%    failed      0.00%
 377  NP_414955.1      97.60%    failed      0.00%
 378  NP_414956.1      99.36%    failed      0.02%
 379  NP_414957.1      96.13%    failed      0.00%
 380  NP_414958.4      98.43%    failed      0.00%
 381  NP_414959.1      97.57%    failed      0.00%
 382  NP_414960.2      98.69%    failed      0.00%
 383  NP_414961.4      96.36%    failed      0.00%
 384  NP_414962.1      97.62%    failed      0.00%
 385  NP_414963.1      99.12%    failed      0.01%
 386  NP_414964.1      98.36%    failed      0.00%
 387  NP_414965.1      94.68%    failed      0.00%
 388  NP_414966.1      97.47%    failed      0.01%
 389  NP_414967.1      96.06%    failed      0.00%
 390  NP_414968.4      98.46%    failed      0.01%
 391  NP_414969.4      99.16%    passed      8.70%
 392  NP_414970.1      96.53%    failed      0.00%
 393  NP_414971.1      98.34%    failed      2.57%
 394  NP_414972.1      96.60%    failed      0.00%
 395  NP_414973.1      93.71%    failed      0.00%
 396  NP_414974.1      99.28%    failed      0.00%
 397  NP_414975.1      95.00%    failed      0.00%
 398  NP_414976.1      99.01%    failed      0.00%
 399  NP_414977.1      98.94%    failed      1.87%
 400  NP_414978.1      98.15%    failed      0.04%
 401  NP_414979.1      95.46%    failed      0.00%
 402  NP_414980.2      97.82%    failed      0.00%
 403  NP_414981.4      98.78%    failed      0.83%
 404  NP_414982.1      95.26%    failed      0.00%
 405  NP_414983.1      95.24%    failed      0.00%
 406  NP_414984.1      99.10%    failed      0.02%
 407  NP_414985.1      96.56%    failed      0.00%
 408  NP_414986.1      97.70%    failed      0.01%
 409  NP_414987.3      98.47%    failed      0.00%
 410  NP_414988.1      98.96%    failed      4.33%
 411  NP_414989.1      99.06%    failed      0.01%
 412  NP_414990.2      95.86%    failed      0.00%
 413  NP_414991.4      98.75%    failed      0.68%
 414  NP_414992.1      98.53%    failed      0.72%
 415  NP_414993.1      99.42%    passed     17.88%
 416  NP_414994.1      99.00%    failed      4.80%
 417  NP_414995.1      91.58%    failed      0.00%
 418  NP_414996.1      96.81%    failed      0.00%
 419  NP_414997.1      98.27%    failed      0.01%
 420  NP_414998.1      91.01%    failed      0.00%
 421  NP_414999.1      99.57%    failed      0.46%
 422  NP_415000.1      98.60%    failed      0.00%
 423  NP_415001.1      99.00%    failed      0.00%
 424  NP_415002.1      98.53%    failed      0.00%
 425  NP_415003.1      94.84%    failed      0.00%
 426  NP_415004.1      99.12%    failed      0.32%
 427  NP_415005.1      98.39%    failed      0.06%
 428  NP_415006.1      94.99%    failed      0.00%
 429  NP_415007.1      98.28%    failed      0.00%
 430  NP_415008.1      97.43%    failed      0.00%
 431  NP_415009.1      97.44%    failed      0.00%
 432  NP_415010.1      96.52%    failed      0.02%
 433  NP_415011.1      95.52%    failed      0.00%
 434  NP_415012.1      96.74%    failed      0.00%
 435  NP_415013.1      95.58%    failed      0.00%
 436  NP_415014.1      98.72%    failed      0.00%
 437  NP_415015.1      97.88%    failed      0.00%
 438  NP_415016.4      99.09%    failed      0.01%
 439  NP_415017.1      93.30%    failed      0.00%
 440  NP_415018.1      97.51%    failed      0.00%
 441  NP_415019.1      96.55%    failed      0.00%
 442  NP_415020.1      98.92%    passed      9.20%
 443  NP_415021.2      98.78%    failed      0.00%
 444  NP_415022.1      97.55%    failed      0.00%
 445  NP_415023.1      98.19%    failed      0.06%
 446  NP_415024.4      97.92%    failed      0.00%
 447  NP_415025.4      97.72%    failed      0.00%
 448  NP_415026.1      97.84%    failed      0.04%
 449  NP_415027.1      98.33%    failed      0.00%
 450  NP_415028.1      98.17%    failed      0.00%
 451  NP_415029.1      93.55%    failed      0.00%
 452  NP_415030.1      88.55%    failed      0.00%
 453  NP_415031.1      99.02%    failed      1.49%
 454  NP_415036.1      97.08%    failed      0.00%
 455  NP_415037.1      97.53%    failed      0.00%
 456  NP_415038.1      98.72%    passed      6.05%
 457  NP_415039.1      97.82%    failed      0.00%
 458  NP_415040.1      95.24%    failed      0.00%
 459  NP_415041.1      97.93%    failed      0.86%
 460  NP_415042.1      97.66%    failed      0.00%
 461  NP_415044.4      96.11%    failed      0.00%
 462  NP_415045.1      96.36%    failed      0.00%
 463  NP_415046.4      96.52%    failed      0.00%
 464  NP_415047.1      96.94%    failed      0.00%
 465  NP_415048.1      97.90%    failed      0.00%
 466  NP_415049.1      96.70%    failed      0.04%
 467  NP_415050.1      97.20%    failed      0.00%
 468  NP_415051.1      95.54%    failed      0.00%
 469  NP_415053.1      97.82%    failed      0.00%
 470  NP_415054.1      97.62%    failed      0.00%
 471  NP_415055.1      97.15%    failed      0.00%
 472  NP_415056.1      98.64%    failed      0.00%
 473  NP_415057.1      98.07%    failed      0.01%
 474  NP_415058.1      98.68%    failed      0.48%
 475  NP_415059.1      96.30%    failed      0.00%
 476  NP_415060.1      98.61%    failed      0.00%
 477  NP_415061.2      99.44%    failed      2.45%
 478  NP_415062.1      97.69%    failed      0.00%
 479  NP_415063.4      98.56%    failed      0.00%
 480  NP_415064.1      98.15%    failed      0.00%
 481  NP_415065.1      93.04%    failed      0.00%
 482  NP_415066.2      97.37%    failed      0.00%
 483  NP_415067.1      98.63%    failed      0.00%
 484  NP_415068.1      98.31%    failed      0.00%
 485  NP_415069.1      96.89%    failed      0.00%
 486  NP_415072.2      99.21%    failed      0.00%
 487  NP_415073.1      97.69%    failed      0.12%
 488  NP_415075.1      99.12%    failed      0.00%
 489  NP_415076.1      95.92%    failed      0.00%
 490  NP_415077.1      98.53%    failed      0.00%
 491  NP_415078.1      97.87%    failed      0.01%
 492  NP_415079.1      98.79%    passed     65.01%
 493  NP_415080.1      99.55%    passed      8.53%
 494  NP_415081.1      99.23%    failed      4.98%
 495  NP_415082.1      99.04%    passed     16.18%
 496  NP_415083.1      98.98%    passed     11.29%
 497  NP_415084.2      97.38%    failed      0.03%
 498  NP_415086.1      99.43%    failed      2.11%
 499  NP_415087.1      98.68%    failed      0.21%
 500  NP_415088.1      98.77%    failed      0.00%
 501  NP_415089.1      99.22%    failed      0.06%
 502  NP_415090.2      98.91%    failed      0.79%
 503  NP_415091.1      99.45%    failed      3.99%
 504  NP_415092.1      98.55%    failed      0.00%
 505  NP_415096.1      98.00%    failed      0.00%
 506  NP_415097.1      97.46%    failed      0.00%
 507  NP_415098.1      97.97%    failed      0.00%
 508  NP_415099.1      97.62%    failed      0.00%
 509  NP_415100.1      92.05%    failed      0.00%
 510  NP_415101.1      94.02%    failed      0.00%
 511  NP_415102.1      96.15%    failed      0.00%
 512  NP_415103.1      98.18%    failed      0.00%
 513  NP_415104.1      96.33%    failed      0.00%
 514  NP_415105.1      99.12%    passed      5.92%
 515  NP_415106.1      96.73%    failed      0.00%
 516  NP_415107.1      91.60%    failed      0.00%
 517  NP_415108.1      96.32%    failed      0.00%
 518  NP_415109.1      96.67%    failed      0.00%
 519  NP_415110.1      98.26%    failed      0.00%
 520  NP_415111.1      99.02%    passed      5.28%
 521  NP_415112.1      99.34%    failed      0.00%
 522  NP_415113.1      97.01%    failed      0.76%
 523  NP_415114.1      97.03%    failed      0.00%
 524  NP_415115.2      98.35%    failed      0.78%
 525  NP_415116.1      94.01%    failed      0.00%
 526  NP_415117.2      96.79%    failed      0.00%
 527  NP_415118.1      89.62%    failed      0.00%
 528  NP_415119.1      96.97%    failed      0.00%
 529  NP_415120.1      97.82%    failed      0.00%
 530  NP_415121.1      97.35%    failed      0.00%
 531  NP_415122.1      97.32%    failed      0.00%
 532  NP_415123.1      96.66%    failed      0.00%
 533  NP_415124.1      97.45%    failed      0.00%
 534  NP_415125.1      96.86%    failed      0.00%
 535  NP_415126.1      95.70%    failed      0.00%
 536  NP_415127.1      97.71%    failed      0.01%
 537  NP_415128.1      98.01%    failed      0.00%
 538  NP_415129.1      98.90%    failed      0.33%
 539  NP_415130.1      94.37%    failed      0.00%
 540  NP_415132.1      97.09%    failed      0.00%
 541  NP_415133.1      96.90%    failed      0.00%
 542  NP_415134.1      98.32%    failed      3.35%
 543  NP_415135.1      96.74%    passed     30.98%
 544  NP_415136.1      97.59%    failed      0.00%
 545  NP_415137.2      98.01%    failed      0.00%
 546  NP_415138.1      98.50%    failed      0.57%
 547  NP_415139.2      95.82%    failed      0.00%
 548  NP_415140.1      98.86%    failed      0.01%
 549  NP_415141.1      96.69%    failed      0.00%
 550  NP_415143.1      98.91%    failed      0.12%
 551  NP_415144.1      97.85%    failed      0.01%
 552  NP_415145.1      96.09%    failed      0.00%
 553  NP_415146.1      97.66%    failed      0.00%
 554  NP_415147.1      98.53%    failed      0.00%
 555  NP_415148.1      95.91%    failed      0.00%
 556  NP_415149.4      97.58%    failed      0.00%
 557  NP_415150.1      99.21%    failed      0.59%
 558  NP_415151.4      97.17%    failed      0.01%
 559  NP_415152.1      95.57%    failed      0.00%
 560  NP_415153.1      98.19%    failed      0.04%
 561  NP_415154.1      96.30%    failed      0.00%
 562  NP_415155.1      98.51%    passed     10.02%
 563  NP_415156.1      99.45%    failed      3.36%
 564  NP_415157.1      98.98%    failed      0.00%
 565  NP_415160.1      99.46%    failed      0.00%
 566  NP_415161.1      97.42%    failed      0.02%
 567  NP_415162.4      97.46%    failed      0.00%
 568  NP_415163.2      98.29%    failed      0.89%
 569  NP_415164.1      99.30%    passed      6.15%
 570  NP_415165.1      96.76%    failed      0.00%
 571  NP_415166.1      97.09%    failed      0.00%
 572  NP_415167.1      97.03%    failed      0.00%
 573  NP_415168.1      94.92%    failed      0.00%
 574  NP_415169.1      98.76%    failed      0.54%
 575  NP_415170.4      99.16%    failed      0.45%
 576  NP_415171.1      98.37%    failed      0.25%
 577  NP_415172.1      98.29%    failed      0.00%
 578  NP_415173.1      97.25%    failed      0.00%
 579  NP_415174.1      98.45%    failed      0.01%
 580  NP_415175.1      93.10%    failed      0.00%
 581  NP_415176.1      98.72%    failed      0.01%
 582  NP_415177.4      97.39%    failed      0.00%
 583  NP_415178.1      98.11%    failed      0.05%
 584  NP_415179.1      96.19%    failed      0.00%
 585  NP_415180.1      98.52%    failed      0.07%
 586  NP_415181.1      98.11%    failed      1.01%
 587  NP_415182.1      96.12%    failed      0.00%
 588  NP_415183.1      95.54%    failed      0.00%
 589  NP_415184.1      97.50%    failed      0.00%
 590  NP_415185.1      98.07%    failed      0.00%
 591  NP_415186.1      98.20%    failed      0.00%
 592  NP_415187.1      98.03%    failed      0.00%
 593  NP_415188.1      97.58%    failed      0.00%
 594  NP_415189.2      97.38%    failed      0.03%
 595  NP_415190.1      95.89%    failed      0.00%
 596  NP_415191.1      97.66%    failed      0.00%
 597  NP_415192.1      98.76%    failed      0.00%
 598  NP_415193.2      97.22%    failed      0.00%
 599  NP_415194.1      96.19%    failed      0.00%
 600  NP_415195.1      96.86%    failed      0.00%
 601  NP_415200.1      95.55%    failed      0.00%
 602  NP_415201.1      97.99%    failed      0.04%
 603  NP_415202.1      96.74%    failed      0.00%
 604  NP_415203.1      96.93%    failed      0.00%
 605  NP_415204.1      97.86%    failed      3.07%
 606  NP_415205.1      94.80%    failed      0.00%
 607  NP_415206.1      95.55%    failed      0.00%
 608  NP_415207.1      96.24%    failed      0.00%
 609  NP_415208.1      99.13%    failed      0.19%
 610  NP_415209.1      98.81%    failed      0.47%
 611  NP_415210.1      98.59%    failed      0.00%
 612  NP_415211.2      99.22%    failed      0.00%
 613  NP_415212.1      97.96%    failed      0.00%
 614  NP_415213.1      98.55%    failed      0.93%
 615  NP_415214.1      95.62%    failed      0.00%
 616  NP_415215.1      98.68%    passed     24.35%
 617  NP_415219.1      96.48%    failed      0.00%
 618  NP_415220.1      94.12%    failed      0.00%
 619  NP_415222.1      98.19%    failed      0.00%
 620  NP_415223.1      92.82%    failed      0.00%
 621  NP_415224.1      98.47%    failed      0.00%
 622  NP_415225.1      94.53%    failed      0.00%
 623  NP_415226.1      95.53%    failed      0.00%
 624  NP_415228.1      99.45%    passed     18.10%
 625  NP_415229.1      88.79%    failed      0.00%
 626  NP_415230.1      99.13%    failed      0.00%
 627  NP_415232.1      98.48%    passed     11.72%
 628  NP_415234.1      97.97%    failed      0.00%
 629  NP_415235.1      98.64%    failed      0.00%
 630  NP_415236.1      96.21%    failed      0.00%
 631  NP_415237.1      96.04%    failed      0.00%
 632  NP_415238.1      98.02%    failed      0.00%
 633  NP_415239.1      98.25%    failed      0.00%
 634  NP_415240.1      97.51%    failed      0.00%
 635  NP_415241.1      98.04%    failed      0.00%
 636  NP_415242.1      97.89%    failed      0.00%
 637  NP_415243.4      97.21%    failed      0.00%
 638  NP_415244.4      97.17%    failed      0.02%
 639  NP_415245.1      98.06%    failed      0.03%
 640  NP_415246.2      93.46%    failed      0.00%
 641  NP_415247.1      98.49%    failed      0.00%
 642  NP_415248.1      96.57%    failed      0.03%
 643  NP_415249.1      98.96%    failed      0.03%
 644  NP_415250.1      99.08%    failed      0.00%
 645  NP_415251.1      95.28%    failed      0.00%
 646  NP_415252.1      98.09%    failed      0.29%
 647  NP_415254.1      92.51%    failed      0.00%
 648  NP_415255.1      96.75%    failed      0.00%
 649  NP_415256.1      96.89%    failed      0.00%
 650  NP_415257.1      97.68%    failed      0.00%
 651  NP_415258.1      98.07%    failed      0.00%
 652  NP_415259.1      94.72%    failed      0.00%
 653  NP_415260.1      92.96%    failed      0.00%
 654  NP_415261.2      95.81%    failed      0.00%
 655  NP_415262.1      96.96%    failed      0.00%
 656  NP_415263.1      99.22%    failed      0.24%
 657  NP_415264.1      98.92%    failed      0.64%
 658  NP_415265.1      98.15%    failed      0.00%
 659  NP_415266.1      98.86%    failed      0.00%
 660  NP_415267.1      96.62%    failed      0.00%
 661  NP_415268.1      96.55%    failed      0.00%
 662  NP_415269.1      98.61%    failed      0.03%
 663  NP_415270.1      97.89%    failed      0.00%
 664  NP_415271.1      97.21%    failed      0.00%
 665  NP_415272.1      98.08%    failed      0.00%
 666  NP_415273.1      97.49%    failed      0.00%
 667  NP_415274.1      98.99%    failed      0.00%
 668  NP_415275.1      97.19%    failed      0.00%
 669  NP_415276.1      97.99%    failed      0.00%
 670  NP_415277.1      97.22%    failed      0.00%
 671  NP_415278.1      96.93%    failed      0.00%
 672  NP_415279.1      97.21%    failed      0.04%
 673  NP_415280.3      97.29%    failed      0.03%
 674  NP_415281.1      96.07%    failed      0.00%
 675  NP_415282.1      97.90%    failed      0.00%
 676  NP_415283.1      99.61%    failed      3.14%
 677  NP_415284.1      97.94%    failed      0.00%
 678  NP_415285.1      98.16%    failed      0.00%
 679  NP_415286.1      97.17%    failed      0.00%
 680  NP_415287.1      97.82%    failed      0.07%
 681  NP_415288.1      97.34%    failed      0.00%
 682  NP_415289.4      97.46%    failed      0.00%
 683  NP_415290.1      97.19%    failed      0.00%
 684  NP_415291.1      96.17%    failed      0.00%
 685  NP_415292.2      93.96%    failed      0.00%
 686  NP_415293.1      96.57%    failed      0.00%
 687  NP_415294.1      98.73%    failed      0.07%
 688  NP_415295.1      96.56%    failed      0.00%
 689  NP_415296.1      97.22%    failed      0.00%
 690  NP_415297.1      96.92%    failed      0.00%
 691  NP_415298.1      97.99%    failed      0.00%
 692  NP_415299.1      98.19%    failed      0.00%
 693  NP_415300.1      94.60%    failed      0.00%
 694  NP_415301.1      97.58%    failed      0.00%
 695  NP_415302.1      97.36%    failed      0.00%
 696  NP_415303.1      98.64%    failed      1.41%
 697  NP_415304.1      98.71%    failed      0.01%
 698  NP_415305.1      99.35%    failed      0.18%
 699  NP_415306.1      98.80%    failed      0.43%
 700  NP_415307.1      98.12%    failed      0.00%
 701  NP_415308.1      98.10%    failed      0.00%
 702  NP_415309.1      97.45%    failed      0.00%
 703  NP_415310.1      96.68%    failed      0.00%
 704  NP_415311.1      97.97%    failed      0.13%
 705  NP_415312.1      98.91%    failed      0.00%
 706  NP_415313.1      97.05%    failed      0.00%
 707  NP_415314.1      96.97%    failed      0.00%
 708  NP_415315.4      95.36%    failed      0.00%
 709  NP_415316.1      97.33%    failed      0.00%
 710  NP_415317.4      98.21%    failed      0.00%
 711  NP_415318.1      96.36%    failed      0.00%
 712  NP_415319.1      98.72%    passed      9.51%
 713  NP_415320.1      94.25%    failed      0.00%
 714  NP_415321.1      97.43%    failed      0.00%
 715  NP_415322.1      97.10%    failed      0.00%
 716  NP_415323.1      99.31%    failed      0.00%
 717  NP_415324.1      99.29%    failed      2.36%
 718  NP_415325.4      98.19%    failed      0.15%
 719  NP_415326.1      93.90%    failed      0.00%
 720  NP_415327.2      99.31%    failed      0.36%
 721  NP_415328.4      97.53%    failed      0.01%
 722  NP_415329.4      94.05%    failed      0.00%
 723  NP_415330.1      98.07%    failed      0.00%
 724  NP_415331.1      98.24%    failed      0.00%
 725  NP_415332.1      98.01%    failed      0.00%
 726  NP_415333.1      98.66%    failed      0.01%
 727  NP_415334.1      97.63%    failed      0.00%
 728  NP_415335.1      98.63%    failed      0.00%
 729  NP_415336.1      95.77%    failed      0.00%
 730  NP_415338.1      98.76%    failed      0.00%
 731  NP_415339.1      97.01%    failed      0.00%
 732  NP_415340.1      97.54%    failed      0.00%
 733  NP_415341.1      95.75%    failed      0.00%
 734  NP_415342.1      96.62%    failed      0.01%
 735  NP_415343.1      97.82%    failed      0.03%
 736  NP_415344.1      93.50%    failed      0.00%
 737  NP_415345.2      97.60%    failed      0.00%
 738  NP_415346.4      98.23%    failed      0.00%
 739  NP_415347.1      98.00%    failed      0.00%
 740  NP_415348.1      96.70%    failed      0.00%
 741  NP_415349.1      97.42%    failed      0.00%
 742  NP_415350.2      95.00%    failed      0.00%
 743  NP_415351.1      95.89%    failed      0.00%
 744  NP_415352.1      97.54%    failed      0.00%
 745  NP_415353.1      97.57%    failed      0.00%
 746  NP_415354.1      93.72%    failed      0.00%
 747  NP_415355.1      96.45%    failed      0.00%
 748  NP_415356.1      96.46%    failed      0.00%
 749  NP_415357.1      98.98%    failed      0.01%
 750  NP_415358.1      97.02%    failed      0.00%
 751  NP_415359.4      98.33%    failed      0.09%
 752  NP_415360.1      96.79%    failed      0.00%
 753  NP_415361.1      97.98%    failed      1.55%
 754  NP_415362.1      98.41%    failed      0.00%
 755  NP_415363.1      96.71%    failed      0.00%
 756  NP_415364.1      99.25%    failed      0.00%
 757  NP_415365.4      97.82%    failed      0.00%
 758  NP_415366.1      96.77%    failed      0.00%
 759  NP_415367.1      98.57%    failed      1.67%
 760  NP_415368.1      95.50%    failed      0.00%
 761  NP_415369.1      99.00%    failed      0.00%
 762  NP_415370.1      99.32%    passed     35.22%
 763  NP_415371.1      99.24%    failed      0.01%
 764  NP_415372.1      98.07%    failed      0.01%
 765  NP_415373.1      97.59%    failed      0.00%
 766  NP_415374.1      98.73%    failed      0.03%
 767  NP_415375.1      97.03%    failed      0.00%
 768  NP_415376.4      96.97%    failed      0.00%
 769  NP_415377.1      97.46%    failed      0.00%
 770  NP_415378.1      97.74%    failed      0.00%
 771  NP_415379.1      98.70%    failed      0.00%
 772  NP_415380.1      96.99%    failed      0.00%
 773  NP_415381.1      98.05%    failed      0.01%
 774  NP_415382.1      98.22%    failed      0.00%
 775  NP_415383.1      98.09%    failed      0.00%
 776  NP_415384.1      98.05%    failed      0.00%
 777  NP_415385.1      98.06%    failed      0.04%
 778  NP_415386.1      98.63%    failed      0.21%
 779  NP_415387.1      99.14%    failed      0.07%
 780  NP_415388.1      97.78%    failed      0.00%
 781  NP_415389.2      97.29%    failed      0.41%
 782  NP_415390.4      96.18%    failed      0.00%
 783  NP_415391.1      97.33%    failed      0.00%
 784  NP_415392.1      95.41%    failed      0.00%
 785  NP_415393.1      97.42%    failed      0.00%
 786  NP_415394.4      95.58%    failed      0.00%
 787  NP_415395.2      97.60%    failed      0.00%
 788  NP_415396.1      98.15%    failed      0.00%
 789  NP_415397.1      95.57%    failed      0.00%
 790  NP_415398.1      97.35%    failed      0.00%
 791  NP_415399.4      97.02%    failed      0.00%
 792  NP_415400.1      94.80%    failed      0.00%
 793  NP_415401.1      99.41%    passed     13.40%
 794  NP_415402.1      99.15%    passed      8.17%
 795  NP_415403.1      93.92%    failed      0.00%
 796  NP_415404.1      99.42%    passed     26.69%
 797  NP_415405.1      98.12%    failed      0.10%
 798  NP_415406.1      95.40%    failed      0.00%
 799  NP_415407.1      95.28%    failed      0.00%
 800  NP_415408.1      97.42%    failed      0.00%
 801  NP_415409.1      98.68%    failed      0.00%
 802  NP_415410.1      89.33%    failed      0.00%
 803  NP_415411.2      98.37%    failed      0.00%
 804  NP_415412.1      96.41%    failed      0.00%
 805  NP_415413.1      96.55%    failed      0.00%
 806  NP_415414.4      93.47%    failed      0.00%
 807  NP_415415.1      98.35%    failed      3.75%
 808  NP_415416.1      97.70%    failed      0.00%
 809  NP_415417.1      98.33%    failed      0.16%
 810  NP_415418.1      96.93%    failed      0.00%
 811  NP_415419.2      96.18%    failed      0.00%
 812  NP_415420.1      97.58%    failed      0.22%
 813  NP_415421.1      98.43%    passed     17.15%
 814  NP_415422.1      98.03%    failed      0.13%
 815  NP_415423.1      93.90%    failed      0.00%
 816  NP_415424.1      97.71%    failed      0.00%
 817  NP_415425.4      95.30%    failed      0.00%
 818  NP_415426.1      98.15%    failed      0.00%
 819  NP_415427.1      97.09%    failed      0.00%
 820  NP_415428.1      96.57%    failed      0.00%
 821  NP_415429.2      97.96%    failed      0.00%
 822  NP_415430.1      98.18%    failed      0.00%
 823  NP_415431.1      95.53%    failed      0.00%
 824  NP_415432.1      99.25%    passed     15.65%
 825  NP_415433.4      93.95%    failed      0.00%
 826  NP_415434.1      95.33%    failed      0.00%
 827  NP_415435.1      97.37%    failed      0.00%
 828  NP_415436.1      96.71%    failed      0.00%
 829  NP_415437.1      99.52%    passed     28.13%
 830  NP_415438.1      98.01%    failed      0.00%
 831  NP_415439.1      97.62%    failed      0.00%
 832  NP_415440.1      97.92%    failed      0.00%
 833  NP_415441.1      97.90%    failed      0.31%
 834  NP_415442.1      96.47%    failed      0.00%
 835  NP_415443.2      98.12%    failed      0.00%
 836  NP_415444.1      88.07%    failed      0.00%
 837  NP_415445.1      95.06%    failed      0.00%
 838  NP_415446.1      98.54%    failed      0.02%
 839  NP_415447.1      98.27%    failed      0.03%
 840  NP_415448.1      96.82%    failed      0.00%
 841  NP_415449.1      97.09%    failed      0.00%
 842  NP_415450.1      96.26%    failed      0.00%
 843  NP_415451.1      96.79%    failed      0.00%
 844  NP_415452.1      93.02%    failed      0.00%
 845  NP_415453.1      97.95%    failed      0.00%
 846  NP_415454.4      97.89%    failed      0.00%
 847  NP_415455.1      96.94%    failed      0.00%
 848  NP_415456.4      97.44%    failed      0.00%
 849  NP_415457.1      98.47%    failed      0.00%
 850  NP_415458.2      98.56%    failed      0.00%
 851  NP_415459.1      98.13%    failed      0.00%
 852  NP_415460.1      93.05%    failed      0.00%
 853  NP_415461.1      97.14%    failed      0.00%
 854  NP_415462.1      98.56%    failed      0.00%
 855  NP_415463.2      98.63%    failed      0.06%
 856  NP_415464.4      98.11%    failed      0.00%
 857  NP_415465.1      97.30%    failed      0.00%
 858  NP_415466.4      98.56%    failed      2.87%
 859  NP_415467.1      97.04%    failed      0.00%
 860  NP_415468.1      94.36%    failed      0.00%
 861  NP_415469.1      94.90%    failed      0.00%
 862  NP_415470.1      96.65%    failed      0.00%
 863  NP_415471.1      95.62%    failed      0.00%
 864  NP_415472.2      98.50%    failed      0.00%
 865  NP_415473.1      99.56%    failed      2.71%
 866  NP_415474.1      98.62%    failed      0.00%
 867  NP_415475.1      95.30%    failed      0.00%
 868  NP_415476.1      98.80%    failed      0.01%
 869  NP_415477.1      97.22%    failed      0.00%
 870  NP_415478.1      98.64%    failed      0.00%
 871  NP_415479.1      98.32%    failed      0.00%
 872  NP_415480.2      94.24%    failed      0.00%
 873  NP_415481.1      98.81%    failed      0.00%
 874  NP_415482.1      94.51%    failed      0.00%
 875  NP_415483.2      98.78%    failed      2.88%
 876  NP_415484.1      98.23%    failed      0.00%
 877  NP_415485.4      98.90%    failed      0.15%
 878  NP_415486.4      99.16%    failed      1.49%
 879  NP_415487.4      96.82%    failed      0.00%
 880  NP_415488.1      99.26%    passed      8.18%
 881  NP_415489.4      99.12%    failed      4.98%
 882  NP_415490.1      98.24%    failed      0.00%
 883  NP_415491.1      97.01%    failed      0.05%
 884  NP_415492.1      95.21%    failed      0.00%
 885  NP_415493.1      98.11%    failed      0.05%
 886  NP_415494.1      98.43%    failed      0.00%
 887  NP_415495.1      98.94%    failed      2.80%
 888  NP_415496.1      97.71%    failed      0.00%
 889  NP_415497.1      95.87%    failed      0.00%
 890  NP_415498.1      96.97%    failed      0.00%
 891  NP_415500.1      96.53%    failed      0.00%
 892  NP_415501.1      94.17%    failed      0.00%
 893  NP_415502.4      98.81%    failed      1.65%
 894  NP_415503.1      96.96%    failed      0.00%
 895  NP_415504.1      94.40%    failed      0.00%
 896  NP_415505.1      98.01%    failed      0.00%
 897  NP_415506.1      98.28%    failed      0.08%
 898  NP_415507.2      99.19%    failed      0.00%
 899  NP_415508.1      98.66%    passed      5.85%
 900  NP_415509.1      99.44%    passed     32.30%
 901  NP_415510.1      99.44%    passed     30.93%
 902  NP_415511.1      99.39%    passed      8.17%
 903  NP_415512.1      97.13%    failed      0.00%
 904  NP_415513.2      92.66%    failed      0.00%
 905  NP_415514.1      97.25%    failed      0.00%
 906  NP_415515.1      98.15%    failed      0.00%
 907  NP_415516.1      96.87%    failed      0.04%
 908  NP_415517.1      93.19%    failed      0.00%
 909  NP_415518.1      98.40%    failed      0.00%
 910  NP_415519.1      99.19%    failed      0.46%
 911  NP_415520.1      97.54%    failed      0.03%
 912  NP_415521.1      96.64%    failed      0.00%
 913  NP_415522.1      96.68%    failed      0.00%
 914  NP_415523.1      99.40%    failed      1.40%
 915  NP_415524.1      98.41%    failed      0.00%
 916  NP_415525.2      99.54%    failed      0.00%
 917  NP_415526.4      96.45%    failed      0.00%
 918  NP_415527.4      98.68%    failed      1.91%
 919  NP_415528.1      98.43%    failed      0.00%
 920  NP_415529.1      97.86%    failed      0.00%
 921  NP_415530.1      98.97%    failed      0.51%
 922  NP_415531.2      98.15%    failed      0.07%
 923  NP_415532.3      96.93%    failed      0.00%
 924  NP_415533.1      98.30%    failed      0.00%
 925  NP_415534.1      89.40%    failed      0.00%
 926  NP_415535.1      95.97%    failed      0.00%
 927  NP_415537.1      96.99%    failed      0.00%
 928  NP_415538.1      96.60%    failed      0.00%
 929  NP_415539.1      97.16%    failed      0.00%
 930  NP_415540.1      98.90%    failed      0.03%
 931  NP_415541.1      96.46%    failed      0.00%
 932  NP_415542.1      94.61%    failed      0.00%
 933  NP_415543.1      93.52%    failed      0.00%
 934  NP_415544.1      96.37%    failed      0.00%
 935  NP_415545.1      97.69%    failed      0.12%
 936  NP_415546.2      99.21%    failed      0.00%
 937  NP_415548.1      97.37%    failed      0.00%
 938  NP_415551.2      97.50%    failed      0.01%
 939  NP_415552.1      98.03%    failed      0.02%
 940  NP_415553.1      98.52%    failed      0.00%
 941  NP_415554.4      98.69%    failed      0.00%
 942  NP_415555.1      97.78%    failed      0.00%
 943  NP_415556.1      98.89%    failed      0.01%
 944  NP_415557.1      98.96%    passed     10.78%
 945  NP_415558.1      98.27%    failed      0.00%
 946  NP_415559.1      98.79%    failed      0.00%
 947  NP_415560.1      98.79%    failed      0.00%
 948  NP_415561.1      99.12%    failed      0.00%
 949  NP_415562.1      99.17%    passed      6.80%
 950  NP_415563.1      98.58%    failed      0.00%
 951  NP_415564.2      96.20%    failed      0.00%
 952  NP_415565.1      96.91%    failed      0.00%
 953  NP_415566.1      95.90%    failed      0.00%
 954  NP_415567.1      93.20%    failed      0.00%
 955  NP_415568.1      99.40%    passed      6.51%
 956  NP_415569.4      99.00%    failed      0.00%
 957  NP_415571.1      96.72%    failed      0.00%
 958  NP_415572.1      97.54%    failed      0.01%
 959  NP_415573.1      97.19%    failed      0.22%
 960  NP_415574.1      98.47%    failed      0.00%
 961  NP_415575.1      98.49%    failed      0.00%
 962  NP_415576.1      99.63%    failed      0.00%
 963  NP_415577.1      97.01%    failed      0.00%
 964  NP_415578.3      99.33%    passed     65.68%
 965  NP_415579.1      99.35%    passed     10.43%
 966  NP_415580.1      97.21%    failed      0.00%
 967  NP_415581.1      98.51%    failed      0.01%
 968  NP_415582.1      98.27%    failed      0.00%
 969  NP_415583.4      96.77%    failed      0.00%
 970  NP_415584.1      98.44%    passed     29.99%
 971  NP_415585.1      98.27%    failed      0.00%
 972  NP_415586.1      97.54%    failed      0.00%
 973  NP_415587.1      95.90%    failed      0.00%
 974  NP_415588.1      98.89%    failed      0.00%
 975  NP_415589.1      99.22%    failed      0.04%
 976  NP_415590.1      98.24%    failed      0.00%
 977  NP_415591.1      98.89%    failed      0.00%
 978  NP_415592.1      98.92%    failed      0.00%
 979  NP_415593.1      98.15%    failed      0.00%
 980  NP_415594.1      96.77%    failed      0.00%
 981  NP_415595.1      97.99%    failed      0.00%
 982  NP_415596.1      97.91%    failed      0.00%
 983  NP_415597.1      98.14%    failed      0.00%
 984  NP_415598.3      97.07%    failed      0.00%
 985  NP_415599.1      97.49%    failed      0.00%
 986  NP_415600.1      95.61%    failed      0.00%
 987  NP_415601.1      97.46%    failed      0.00%
 988  NP_415602.1      91.48%    failed      0.00%
 989  NP_415603.2      99.15%    passed     10.32%
 990  NP_415604.1      97.44%    failed      0.00%
 991  NP_415605.2      98.44%    failed      0.01%
 992  NP_415606.1      98.61%    failed      0.00%
 993  NP_415607.1      99.54%    passed     10.84%
 994  NP_415608.2      97.14%    failed      0.00%
 995  NP_415609.1      97.46%    failed      0.00%
 996  NP_415610.1      97.52%    failed      0.00%
 997  NP_415611.1      98.04%    failed      0.00%
 998  NP_415612.1      99.37%    failed      0.02%
 999  NP_415613.1      96.68%    failed      0.00%
1000  NP_415614.1      97.84%    failed      0.00%
1001  NP_415615.1      97.27%    failed      0.00%
1002  NP_415616.1      98.29%    failed      0.00%
1003  NP_415617.1      97.32%    failed      0.00%
1004  NP_415618.1      97.87%    failed      0.00%
1005  NP_415619.1      96.17%    failed      0.00%
1006  NP_415620.1      94.15%    failed      0.00%
1007  NP_415621.3      99.04%    failed      0.62%
1008  NP_415622.1      99.00%    failed      0.14%
1009  NP_415623.1      98.29%    failed      0.00%
1010  NP_415624.1      97.80%    failed      0.00%
1011  NP_415625.1      97.26%    failed      0.00%
1012  NP_415626.4      98.56%    passed     12.27%
1013  NP_415627.1      96.52%    failed      0.00%
1014  NP_415628.1      98.56%    failed      0.00%
1015  NP_415629.4      98.31%    failed      0.10%
1016  NP_415630.1      99.32%    failed      0.38%
1017  NP_415631.1      97.43%    failed      0.00%
1018  NP_415632.1      90.78%    failed      0.00%
1019  NP_415633.1      97.13%    failed      0.00%
1020  NP_415634.1      96.80%    failed      0.00%
1021  NP_415635.4      98.13%    failed      0.00%
1022  NP_415636.1      96.68%    failed      0.00%
1023  NP_415637.1      97.57%    failed      0.00%
1024  NP_415638.3      97.76%    failed      0.00%
1025  NP_415639.1      97.90%    failed      0.00%
1026  NP_415640.2      98.77%    failed      0.03%
1027  NP_415641.1      97.21%    failed      0.00%
1028  NP_415642.1      97.88%    failed      0.00%
1029  NP_415643.3      97.79%    failed      0.00%
1030  NP_415644.1      96.97%    failed      0.00%
1031  NP_415645.1      96.72%    failed      0.00%
1032  NP_415646.4      97.01%    failed      0.00%
1033  NP_415647.1      96.10%    failed      0.00%
1034  NP_415648.1      98.21%    failed      0.00%
1035  NP_415649.1      96.34%    failed      0.00%
1036  NP_415650.1      98.29%    failed      0.00%
1037  NP_415651.4      97.05%    failed      0.00%
1038  NP_415652.1      98.77%    passed     23.70%
1039  NP_415653.4      98.26%    failed      0.01%
1040  NP_415654.1      96.66%    failed      0.00%
1041  NP_415655.1      98.23%    failed      0.00%
1042  NP_415656.1      98.12%    failed      0.00%
1043  NP_415657.1      97.62%    failed      0.00%
1044  NP_415658.1      96.99%    failed      0.00%
1045  NP_415659.1      99.35%    passed     10.23%
1046  NP_415661.2      99.09%    passed     28.21%
1047  NP_415662.2      99.18%    failed      2.84%
1048  NP_415663.1      98.20%    failed      1.42%
1049  NP_415664.2      99.47%    passed      8.05%
1050  NP_415665.2      98.51%    failed      0.03%
1051  NP_415666.1      99.10%    failed      3.04%
1052  NP_415668.1      99.52%    failed      0.01%
1053  NP_415671.1      98.44%    failed      0.10%
1054  NP_415672.1      98.32%    failed      0.00%
1055  NP_415673.1      98.90%    passed     36.64%
1056  NP_415674.1      98.39%    failed      0.00%
1057  NP_415676.1      98.52%    failed      0.00%
1058  NP_415677.1      97.78%    failed      0.01%
1059  NP_415678.1      99.14%    failed      0.00%
1060  NP_415679.1      98.92%    passed     20.54%
1061  NP_415680.1      98.05%    failed      0.02%
1062  NP_415681.1      96.76%    failed      0.00%
1063  NP_415682.1      99.37%    failed      3.65%
1064  NP_415683.1      99.28%    failed      1.71%
1065  NP_415684.1      99.29%    failed      0.10%
1066  NP_415685.1      99.34%    failed      4.85%
1067  NP_415686.2      95.93%    failed      0.00%
1068  NP_415689.2      99.12%    failed      0.83%
1069  NP_415690.5      99.08%    failed      0.00%
1070  NP_415692.1      99.29%    failed      0.95%
1071  NP_415693.1      97.83%    failed      0.00%
1072  NP_415694.1      98.15%    failed      0.00%
1073  NP_415695.1      99.02%    passed     14.29%
1074  NP_415696.1      98.93%    failed      0.07%
1075  NP_415697.5      99.13%    failed      0.17%
1076  NP_415698.1      98.24%    failed      0.12%
1077  NP_415699.5      98.77%    passed     35.05%
1078  NP_415700.4      97.57%    failed      0.00%
1079  NP_415701.1      98.88%    failed      0.06%
1080  NP_415702.1      96.61%    failed      0.00%
1081  NP_415703.3      98.59%    failed      0.00%
1082  NP_415704.1      95.88%    failed      0.00%
1083  NP_415705.1      98.08%    failed      0.02%
1084  NP_415706.1      95.91%    failed      0.00%
1085  NP_415707.1      96.53%    failed      0.00%
1086  NP_415708.1      97.14%    failed      0.00%
1087  NP_415709.2      95.36%    failed      0.00%
1088  NP_415710.1      97.56%    failed      0.00%
1089  NP_415711.2      98.37%    failed      0.07%
1090  NP_415712.1      98.04%    failed      0.00%
1091  NP_415713.1      99.33%    failed      0.00%
1092  NP_415714.1      98.83%    failed      1.19%
1093  NP_415715.1      95.46%    failed      0.00%
1094  NP_415716.4      96.21%    failed      0.00%
1095  NP_415717.1      98.31%    failed      0.00%
1096  NP_415718.6      97.14%    failed      0.00%
1097  NP_415719.2      94.87%    failed      0.00%
1098  NP_415720.1      92.33%    failed      0.00%
1099  NP_415721.1      97.09%    failed      0.00%
1100  NP_415722.1      98.44%    failed      0.00%
1101  NP_415723.1      99.26%    failed      2.43%
1102  NP_415724.2      95.51%    failed      0.00%
1103  NP_415725.1      97.47%    failed      0.00%
1104  NP_415726.1      97.73%    failed      0.00%
1105  NP_415727.1      98.34%    failed      0.01%
1106  NP_415728.1      96.64%    failed      0.00%
1107  NP_415729.1      97.11%    failed      0.00%
1108  NP_415730.1      97.78%    failed      0.00%
1109  NP_415731.1      98.96%    failed      0.00%
1110  NP_415732.1      97.84%    failed      0.00%
1111  NP_415733.1      97.72%    failed      0.00%
1112  NP_415734.1      97.06%    failed      0.00%
1113  NP_415735.1      99.39%    failed      0.01%
1114  NP_415736.2      98.15%    failed      0.00%
1115  NP_415737.1      99.06%    failed      0.60%
1116  NP_415738.2      96.28%    failed      0.00%
1117  NP_415739.1      98.27%    failed      0.00%
1118  NP_415740.1      95.20%    failed      0.00%
1119  NP_415741.1      96.28%    failed      0.00%
1120  NP_415742.1      89.99%    failed      0.00%
1121  NP_415743.1      95.89%    failed      0.09%
1122  NP_415744.1      98.11%    failed      0.00%
1123  NP_415745.1      98.19%    failed      0.00%
1124  NP_415747.2      99.77%    failed      0.00%
1125  NP_415748.1      97.75%    failed      0.01%
1126  NP_415749.1      98.78%    passed     45.39%
1127  NP_415750.2      97.58%    failed      0.00%
1128  NP_415751.1      97.29%    failed      0.00%
1129  NP_415752.1      97.58%    failed      0.00%
1130  NP_415753.1      98.90%    failed      0.00%
1131  NP_415754.1      98.35%    failed      0.28%
1132  NP_415757.1      92.85%    failed      0.00%
1133  NP_415758.1      98.27%    failed      0.00%
1134  NP_415759.1      95.64%    failed      0.00%
1135  NP_415760.1      97.54%    failed      0.00%
1136  NP_415761.1      97.58%    failed      0.00%
1137  NP_415763.1      97.32%    failed      0.00%
1138  NP_415764.4      99.12%    failed      0.00%
1139  NP_415765.1      96.10%    failed      0.00%
1140  NP_415766.1      96.65%    failed      0.00%
1141  NP_415767.2      99.21%    failed      0.22%
1142  NP_415768.1      98.08%    failed      0.00%
1143  NP_415769.1      98.94%    failed      0.77%
1144  NP_415770.1      98.56%    failed      0.00%
1145  NP_415771.1      98.02%    failed      0.00%
1146  NP_415772.1      98.30%    failed      0.00%
1147  NP_415773.1      98.65%    failed      0.04%
1148  NP_415774.1      98.67%    failed      0.00%
1149  NP_415775.4      99.53%    failed      0.00%
1150  NP_415776.1      97.85%    failed      0.00%
1151  NP_415777.1      96.81%    failed      0.00%
1152  NP_415778.3      96.36%    failed      0.00%
1153  NP_415779.1      95.74%    failed      0.00%
1154  NP_415780.1      95.83%    failed      0.00%
1155  NP_415781.1      99.89%    passed     88.55%
1156  NP_415782.1      97.65%    failed      0.00%
1157  NP_415783.6      98.35%    failed      1.02%
1158  NP_415784.1      94.93%    failed      0.00%
1159  NP_415785.1      97.66%    failed      0.00%
1160  NP_415786.1      98.43%    failed      0.14%
1161  NP_415787.1      97.98%    failed      0.03%
1162  NP_415788.1      97.20%    failed      0.00%
1163  NP_415789.1      99.33%    passed     21.51%
1164  NP_415790.1      93.06%    failed      0.00%
1165  NP_415791.1      97.40%    failed      0.00%
1166  NP_415792.1      92.85%    failed      0.00%
1167  NP_415793.1      98.43%    failed      0.01%
1168  NP_415794.1      97.96%    failed      0.00%
1169  NP_415795.1      99.18%    failed      0.03%
1170  NP_415796.1      96.88%    failed      0.00%
1171  NP_415797.1      98.03%    failed      0.00%
1172  NP_415798.2      99.13%    failed      0.00%
1173  NP_415799.1      99.42%    failed      0.00%
1174  NP_415800.1      98.00%    failed      0.01%
1175  NP_415801.1      94.69%    failed      0.00%
1176  NP_415802.1      94.83%    failed      0.00%
1177  NP_415803.2      96.99%    failed      0.00%
1178  NP_415804.1      97.90%    failed      0.00%
1179  NP_415805.1      99.06%    failed      0.51%
1180  NP_415806.1      97.85%    failed      0.00%
1181  NP_415807.1      97.35%    failed      0.05%
1182  NP_415808.1      97.62%    failed      0.00%
1183  NP_415809.1      97.42%    failed      0.00%
1184  NP_415810.1      95.61%    failed      0.00%
1185  NP_415811.1      99.35%    failed      0.04%
1186  NP_415812.4      96.30%    failed      0.00%
1187  NP_415813.4      96.21%    failed      0.00%
1188  NP_415814.4      97.96%    failed      0.00%
1189  NP_415815.1      98.51%    failed      0.01%
1190  NP_415816.1      96.03%    failed      0.00%
1191  NP_415817.1      96.58%    failed      0.00%
1192  NP_415818.1      96.62%    failed      0.00%
1193  NP_415819.4      97.39%    failed      0.00%
1194  NP_415820.1      98.22%    failed      0.00%
1195  NP_415821.1      99.41%    failed      0.54%
1196  NP_415822.1      99.04%    failed      0.91%
1197  NP_415823.1      99.41%    failed      0.00%
1198  NP_415824.1      99.17%    passed      7.38%
1199  NP_415825.4      95.51%    failed      0.00%
1200  NP_415826.1      96.55%    failed      0.00%
1201  NP_415827.1      97.65%    failed      0.00%
1202  NP_415828.1      97.75%    failed      0.00%
1203  NP_415829.1      97.19%    failed      0.00%
1204  NP_415830.2      97.90%    failed      0.05%
1205  NP_415831.1      97.18%    failed      0.16%
1206  NP_415832.1      93.94%    failed      0.00%
1207  NP_415833.1      98.24%    failed      0.00%
1208  NP_415835.1      97.58%    failed      0.00%
1209  NP_415836.1      97.33%    failed      0.00%
1210  NP_415837.1      96.27%    failed      0.00%
1211  NP_415838.1      97.17%    failed      0.00%
1212  NP_415839.1      95.88%    failed      0.00%
1213  NP_415840.1      98.65%    failed      0.00%
1214  NP_415841.4      97.42%    failed      0.00%
1215  NP_415842.2      98.06%    failed      0.00%
1216  NP_415843.2      97.54%    failed      0.00%
1217  NP_415844.1      97.60%    failed      0.00%
1218  NP_415845.2      95.69%    failed      0.00%
1219  NP_415846.1      97.25%    failed      0.00%
1220  NP_415847.2      97.38%    failed      0.03%
1221  NP_415848.1      99.32%    failed      0.43%
1222  NP_415849.1      97.46%    failed      0.00%
1223  NP_415850.1      97.99%    failed      0.00%
1224  NP_415851.1      98.63%    failed      0.06%
1225  NP_415852.2      95.92%    failed      0.00%
1226  NP_415853.1      96.14%    failed      0.00%
1227  NP_415854.4      96.50%    failed      0.00%
1228  NP_415855.1      97.58%    failed      0.00%
1229  NP_415856.1      98.50%    failed      0.65%
1230  NP_415857.2      96.71%    failed      0.00%
1231  NP_415858.1      97.37%    failed      0.00%
1232  NP_415859.1      96.33%    failed      0.00%
1233  NP_415860.1      97.50%    failed      0.09%
1234  NP_415861.1      96.70%    failed      0.00%
1235  NP_415862.4      99.43%    passed     93.54%
1236  NP_415863.1      99.45%    failed      0.23%
1237  NP_415864.1      99.49%    failed      4.43%
1238  NP_415865.1      97.84%    failed      0.04%
1239  NP_415866.1      93.05%    failed      0.00%
1240  NP_415867.1      99.27%    failed      0.04%
1241  NP_415869.2      99.41%    passed     68.18%
1242  NP_415870.4      98.70%    failed      0.08%
1243  NP_415872.2      99.59%    passed     38.66%
1244  NP_415873.2      99.65%    passed     78.42%
1245  NP_415874.1      98.73%    failed      0.82%
1246  NP_415875.1      99.21%    passed     29.85%
1247  NP_415876.1      98.88%    failed      0.63%
1248  NP_415877.1      97.71%    failed      0.03%
1249  NP_415878.1      98.01%    failed      0.30%
1250  NP_415881.1      96.11%    failed      0.00%
1251  NP_415883.1      99.30%    passed     38.42%
1252  NP_415888.1      97.38%    failed      0.03%
1253  NP_415890.2      91.01%    failed      0.00%
1254  NP_415891.1      98.47%    failed      0.04%
1255  NP_415892.1      98.43%    failed      0.00%
1256  NP_415893.2      99.38%    passed      7.07%
1257  NP_415894.4      98.84%    failed      0.00%
1258  NP_415895.1      96.97%    failed      0.00%
1259  NP_415896.1      90.58%    failed      0.00%
1260  NP_415897.1      98.88%    failed      0.19%
1261  NP_415898.1      97.36%    failed      0.00%
1262  NP_415899.1      92.94%    failed      0.00%
1263  NP_415900.1      99.51%    failed      4.72%
1264  NP_415901.2      99.13%    failed      0.09%
1265  NP_415902.1      97.58%    failed      0.01%
1266  NP_415903.4      95.99%    failed      0.00%
1267  NP_415904.3      93.92%    failed      0.00%
1268  NP_415905.1      94.53%    failed      0.00%
1269  NP_415906.1      97.52%    failed      0.79%
1270  NP_415907.1      99.24%    passed     30.22%
1271  NP_415908.1      98.01%    failed      0.00%
1272  NP_415909.4      98.68%    failed      2.04%
1273  NP_415910.1      97.14%    failed      0.00%
1274  NP_415911.1      97.95%    failed      0.00%
1275  NP_415912.1      97.90%    failed      0.00%
1276  NP_415913.1      96.19%    failed      0.00%
1277  NP_415914.1      98.88%    failed      0.02%
1278  NP_415915.1      96.78%    failed      0.00%
1279  NP_415916.1      96.49%    failed      0.00%
1280  NP_415917.1      97.46%    failed      0.00%
1281  NP_415918.1      98.43%    failed      0.02%
1282  NP_415920.1      97.58%    failed      0.00%
1283  NP_415921.2      99.03%    failed      0.02%
1284  NP_415922.1      96.93%    failed      0.00%
1285  NP_415924.1      97.70%    failed      0.00%
1286  NP_415925.2      93.83%    failed      0.00%
1287  NP_415926.4      98.39%    failed      0.00%
1288  NP_415927.1      97.61%    failed      0.00%
1289  NP_415928.1      95.30%    failed      0.00%
1290  NP_415929.1      96.55%    failed      0.00%
1291  NP_415930.1      98.39%    failed      0.00%
1292  NP_415931.4      89.56%    failed      0.00%
1293  NP_415932.1      97.86%    failed      0.03%
1294  NP_415933.1      96.15%    failed      0.00%
1295  NP_415935.2      98.59%    failed      0.02%
1296  NP_415936.1      99.54%    failed      1.20%
1297  NP_415937.1      99.56%    passed     36.54%
1298  NP_415938.1      95.62%    failed      0.00%
1299  NP_415939.2      97.54%    failed      0.00%
1300  NP_415940.1      96.41%    failed      0.00%
1301  NP_415941.5      95.58%    failed      0.00%
1302  NP_415943.4      99.41%    failed      1.91%
1303  NP_415944.1      98.56%    passed      5.56%
1304  NP_415945.1      97.38%    failed      0.00%
1305  NP_415946.1      97.35%    failed      0.00%
1306  NP_415947.1      98.42%    failed      0.25%
1307  NP_415948.1      98.22%    failed      0.04%
1308  NP_415949.3      96.77%    failed      0.00%
1309  NP_415950.4      96.86%    failed      0.00%
1310  NP_415951.1      98.57%    failed      4.66%
1311  NP_415952.2      94.76%    failed      0.00%
1312  NP_415953.1      99.39%    passed     12.66%
1313  NP_415954.2      99.53%    passed     28.65%
1314  NP_415955.2      98.89%    failed      0.06%
1315  NP_415956.1      96.24%    failed      0.00%
1316  NP_415957.1      96.94%    failed      0.01%
1317  NP_415958.1      97.29%    failed      0.00%
1318  NP_415959.1      97.49%    failed      0.00%
1319  NP_415960.1      97.88%    failed      0.00%
1320  NP_415961.1      96.19%    failed      0.00%
1321  NP_415962.2      99.54%    failed      0.44%
1322  NP_415963.1      99.38%    failed      0.47%
1323  NP_415964.1      98.80%    failed      0.00%
1324  NP_415965.1      98.62%    passed      7.46%
1325  NP_415966.6      97.23%    failed      0.00%
1326  NP_415967.2      98.23%    failed      0.00%
1327  NP_415968.1      94.38%    failed      0.00%
1328  NP_415969.1      97.17%    failed      0.00%
1329  NP_415970.4      95.99%    failed      0.00%
1330  NP_415971.1      98.35%    failed      0.51%
1331  NP_415972.1      99.44%    failed      2.34%
1332  NP_415974.1      98.72%    failed      0.00%
1333  NP_415977.1      96.97%    failed      0.00%
1334  NP_415978.1      99.38%    failed      0.30%
1335  NP_415979.2      98.48%    failed      1.36%
1336  NP_415980.1      97.74%    failed      0.00%
1337  NP_415981.1      97.62%    failed      0.00%
1338  NP_415982.1      98.19%    failed      0.00%
1339  NP_415983.1      98.15%    failed      0.00%
1340  NP_415984.1      95.87%    failed      0.06%
1341  NP_415985.1      90.00%    failed      0.00%
1342  NP_415986.1      96.29%    failed      0.00%
1343  NP_415990.5      97.65%    failed      0.00%
1344  NP_415991.1      91.86%    failed      0.00%
1345  NP_415992.1      97.64%    failed      0.37%
1346  NP_415993.1      98.26%    failed      0.02%
1347  NP_415994.4      99.25%    failed      1.35%
1348  NP_415995.4      97.30%    failed      0.00%
1349  NP_415996.2      95.46%    failed      0.00%
1350  NP_415997.1      99.64%    passed     28.80%
1351  NP_415998.4      99.43%    passed     35.88%
1352  NP_415999.1      98.85%    failed      0.09%
1353  NP_416000.1      97.53%    failed      0.00%
1354  NP_416001.1      97.37%    failed      0.00%
1355  NP_416002.1      97.61%    failed      0.00%
1356  NP_416003.1      97.27%    failed      0.00%
1357  NP_416004.1      95.86%    failed      0.00%
1358  NP_416005.1      98.45%    failed      0.71%
1359  NP_416006.4      93.59%    failed      0.00%
1360  NP_416007.3      96.31%    failed      0.00%
1361  NP_416008.1      96.48%    failed      0.00%
1362  NP_416009.1      95.90%    failed      0.00%
1363  NP_416010.1      96.26%    failed      0.03%
1364  NP_416011.1      92.53%    failed      0.00%
1365  NP_416012.1      93.66%    failed      0.00%
1366  NP_416013.1      95.50%    failed      0.00%
1367  NP_416014.4      96.91%    failed      0.36%
1368  NP_416015.2      95.50%    failed      0.00%
1369  NP_416016.1      97.97%    failed      0.60%
1370  NP_416017.1      99.48%    failed      2.63%
1371  NP_416018.1      93.91%    failed      0.00%
1372  NP_416019.1      97.56%    failed      0.00%
1373  NP_416020.1      98.66%    failed      0.00%
1374  NP_416021.1      98.59%    failed      0.02%
1375  NP_416024.1      96.47%    failed      0.00%
1376  NP_416025.1      99.29%    failed      0.51%
1377  NP_416028.3      95.75%    failed      0.00%
1378  NP_416029.1      97.46%    failed      0.00%
1379  NP_416030.1      95.90%    failed      0.00%
1380  NP_416031.1      97.25%    failed      0.00%
1381  NP_416032.1      97.35%    failed      0.00%
1382  NP_416033.1      97.27%    failed      0.00%
1383  NP_416034.1      97.66%    failed      0.05%
1384  NP_416035.1      99.23%    passed     26.58%
1385  NP_416036.1      97.98%    failed      0.00%
1386  NP_416037.2      97.56%    failed      0.00%
1387  NP_416039.1      97.47%    failed      0.00%
1388  NP_416040.1      99.04%    passed     27.86%
1389  NP_416041.1      97.53%    failed      0.00%
1390  NP_416042.2      96.29%    failed      0.00%
1391  NP_416043.1      97.65%    failed      0.00%
1392  NP_416044.1      97.02%    failed      0.00%
1393  NP_416045.1      96.82%    failed      0.00%
1394  NP_416046.1      98.23%    failed      0.00%
1395  NP_416047.4      98.84%    failed      0.00%
1396  NP_416048.2      98.98%    failed      3.74%
1397  NP_416049.1      99.42%    passed      6.36%
1398  NP_416050.4      97.60%    failed      0.00%
1399  NP_416051.1      96.83%    failed      0.00%
1400  NP_416052.1      97.62%    failed      0.02%
1401  NP_416054.1      98.96%    failed      0.74%
1402  NP_416055.1      98.62%    failed      0.00%
1403  NP_416056.1      94.53%    failed      0.00%
1404  NP_416057.1      98.01%    failed      0.01%
1405  NP_416058.1      98.17%    failed      0.00%
1406  NP_416059.1      99.46%    failed      2.36%
1407  NP_416060.1      96.10%    failed      0.00%
1408  NP_416062.2      99.38%    failed      3.69%
1409  NP_416063.1      98.43%    failed      0.00%
1410  NP_416064.1      98.47%    failed      0.04%
1411  NP_416065.1      97.43%    failed      0.00%
1412  NP_416067.2      98.91%    failed      0.13%
1413  NP_416068.2      99.54%    failed      0.01%
1414  NP_416069.2      99.59%    passed     56.63%
1415  NP_416070.1      99.44%    passed      9.09%
1416  NP_416071.1      98.68%    failed      0.00%
1417  NP_416072.1      98.58%    failed      4.21%
1418  NP_416073.1      99.17%    failed      0.29%
1419  NP_416074.4      99.43%    failed      3.89%
1420  NP_416075.1      99.43%    passed     11.42%
1421  NP_416076.1      99.44%    passed     26.65%
1422  NP_416077.4      97.99%    failed      0.36%
1423  NP_416078.4      97.20%    failed      0.00%
1424  NP_416079.1      99.33%    passed     10.70%
1425  NP_416080.1      99.59%    failed      2.76%
1426  NP_416081.1      99.24%    failed      0.00%
1427  NP_416082.1      99.37%    failed      0.09%
1428  NP_416083.1      99.19%    failed      0.30%
1429  NP_416084.1      99.12%    failed      0.00%
1430  NP_416087.1      99.39%    failed      4.84%
1431  NP_416088.1      98.92%    failed      0.01%
1432  NP_416089.1      99.59%    passed     30.09%
1433  NP_416090.2      99.66%    failed      0.17%
1434  NP_416091.1      99.42%    failed      0.42%
1435  NP_416092.1      99.50%    passed     48.58%
1436  NP_416093.1      99.49%    passed     51.08%
1437  NP_416097.1      97.28%    failed      0.00%
1438  NP_416098.1      96.76%    failed      2.19%
1439  NP_416099.1      99.13%    failed      0.00%
1440  NP_416100.1      99.09%    failed      2.85%
1441  NP_416101.1      98.51%    failed      1.70%
1442  NP_416102.2      98.11%    failed      0.00%
1443  NP_416103.2      99.19%    failed      0.18%
1444  NP_416104.1      93.51%    failed      0.00%
1445  NP_416105.4      93.52%    failed      0.00%
1446  NP_416106.1      98.35%    passed      9.87%
1447  NP_416107.1      97.72%    failed      0.00%
1448  NP_416108.2      98.36%    failed      0.00%
1449  NP_416109.2      96.64%    failed      0.00%
1450  NP_416110.4      98.15%    failed      0.00%
1451  NP_416111.1      96.74%    failed      0.00%
1452  NP_416112.1      97.62%    failed      0.00%
1453  NP_416113.1      96.65%    failed      0.00%
1454  NP_416114.2      99.18%    failed      0.00%
1455  NP_416115.1      97.81%    failed      0.00%
1456  NP_416116.1      99.12%    failed      0.00%
1457  NP_416117.1      99.03%    failed      0.00%
1458  NP_416118.1      97.24%    failed      0.00%
1459  NP_416119.1      96.29%    failed      0.00%
1460  NP_416120.1      95.91%    failed      0.00%
1461  NP_416121.1      97.48%    failed      0.00%
1462  NP_416122.1      96.31%    failed      0.00%
1463  NP_416123.1      98.07%    failed      0.03%
1464  NP_416124.1      99.11%    failed      0.00%
1465  NP_416125.2      98.08%    failed      0.00%
1466  NP_416126.1      96.52%    failed      0.00%
1467  NP_416127.1      97.52%    failed      0.00%
1468  NP_416128.1      96.25%    failed      0.00%
1469  NP_416129.1      95.60%    failed      0.00%
1470  NP_416130.3      96.86%    failed      0.00%
1471  NP_416131.1      95.97%    failed      0.00%
1472  NP_416132.2      96.62%    failed      0.00%
1473  NP_416133.1      96.33%    failed      0.00%
1474  NP_416134.1      95.16%    failed      0.00%
1475  NP_416135.1      98.43%    failed      0.00%
1476  NP_416136.1      97.95%    failed      0.00%
1477  NP_416137.1      97.25%    failed      0.00%
1478  NP_416138.1      95.75%    failed      0.00%
1479  NP_416139.1      96.87%    failed      0.21%
1480  NP_416140.1      97.33%    failed      0.00%
1481  NP_416141.4      97.22%    failed      0.00%
1482  NP_416142.1      99.43%    passed     19.81%
1483  NP_416143.2      98.83%    failed      0.00%
1484  NP_416144.1      98.45%    failed      0.00%
1485  NP_416145.1      98.46%    failed      0.01%
1486  NP_416146.1      94.06%    failed      0.00%
1487  NP_416147.1      97.17%    failed      0.00%
1488  NP_416148.1      98.35%    failed      0.00%
1489  NP_416149.1      98.15%    failed      0.00%
1490  NP_416150.1      98.31%    failed      0.01%
1491  NP_416151.1      95.99%    failed      0.00%
1492  NP_416152.1      98.39%    failed      0.09%
1493  NP_416153.1      97.70%    failed      0.00%
1494  NP_416154.1      96.60%    failed      0.00%
1495  NP_416155.1      98.25%    failed      0.32%
1496  NP_416156.4      99.12%    passed     25.44%
1497  NP_416157.1      97.04%    failed      0.00%
1498  NP_416159.2      98.84%    failed      0.00%
1499  NP_416160.1      99.37%    failed      0.03%
1500  NP_416161.4      97.71%    failed      0.00%
1501  NP_416162.1      94.62%    failed      0.00%
1502  NP_416163.1      98.61%    failed      0.00%
1503  NP_416165.2      99.37%    failed      0.40%
1504  NP_416166.3      98.40%    failed      0.01%
1505  NP_416167.1      97.07%    failed      0.00%
1506  NP_416168.1      98.92%    failed      0.12%
1507  NP_416169.1      98.27%    failed      0.01%
1508  NP_416170.1      87.65%    failed      0.00%
1509  NP_416171.1      99.08%    passed      9.32%
1510  NP_416172.1      97.82%    failed      0.00%
1511  NP_416173.1      98.45%    failed      0.00%
1512  NP_416174.1      96.88%    failed      0.00%
1513  NP_416175.1      97.26%    failed      0.00%
1514  NP_416176.1      97.51%    failed      0.00%
1515  NP_416178.1      96.93%    failed      0.70%
1516  NP_416179.1      98.29%    failed      0.03%
1517  NP_416181.1      96.64%    failed      0.00%
1518  NP_416182.1      99.19%    failed      0.58%
1519  NP_416183.1      95.71%    failed      0.00%
1520  NP_416184.1      97.83%    failed      0.00%
1521  NP_416185.1      97.90%    failed      0.00%
1522  NP_416186.4      98.22%    passed     22.31%
1523  NP_416187.1      98.27%    failed      0.00%
1524  NP_416188.1      94.38%    failed      0.00%
1525  NP_416189.1      98.33%    failed      0.01%
1526  NP_416190.1      99.45%    failed      2.27%
1527  NP_416191.1      96.23%    failed      0.00%
1528  NP_416192.1      99.37%    failed      0.01%
1529  NP_416193.1      97.32%    failed      0.00%
1530  NP_416194.1      98.89%    failed      1.75%
1531  NP_416195.1      96.74%    failed      0.00%
1532  NP_416196.1      96.60%    failed      0.00%
1533  NP_416197.1      98.01%    failed      0.00%
1534  NP_416198.2      96.03%    failed      0.00%
1535  NP_416199.1      99.02%    passed      5.68%
1536  NP_416200.2      99.50%    failed      0.31%
1537  NP_416201.1      98.91%    failed      2.61%
1538  NP_416202.1      91.83%    failed      0.00%
1539  NP_416203.1      97.03%    failed      0.00%
1540  NP_416204.2      99.05%    passed     56.15%
1541  NP_416205.1      96.76%    failed      0.00%
1542  NP_416206.6      96.62%    failed      0.00%
1543  NP_416207.1      97.69%    failed      0.00%
1544  NP_416208.1      97.98%    failed      0.00%
1545  NP_416209.1      95.74%    failed      0.00%
1546  NP_416210.4      96.93%    failed      0.02%
1547  NP_416211.1      97.57%    failed      0.54%
1548  NP_416212.1      97.96%    failed      0.00%
1549  NP_416213.1      97.50%    failed      0.00%
1550  NP_416214.1      96.56%    failed      0.00%
1551  NP_416215.1      99.22%    passed     64.49%
1552  NP_416216.5      95.46%    failed      0.00%
1553  NP_416217.1      93.64%    failed      0.00%
1554  NP_416218.1      97.78%    failed      0.00%
1555  NP_416219.1      97.21%    failed      0.01%
1556  NP_416220.1      99.49%    failed      2.42%
1557  NP_416221.1      96.16%    failed      0.00%
1558  NP_416222.1      98.10%    failed      0.00%
1559  NP_416223.1      98.76%    passed     17.07%
1560  NP_416224.1      98.00%    failed      0.00%
1561  NP_416225.1      98.53%    passed      7.10%
1562  NP_416226.1      97.38%    failed      0.00%
1563  NP_416227.1      99.21%    failed      0.35%
1564  NP_416228.1      93.62%    failed      0.00%
1565  NP_416229.1      97.37%    failed      0.00%
1566  NP_416230.1      99.89%    failed      0.57%
1567  NP_416231.1      99.05%    failed      0.00%
1568  NP_416232.3      99.48%    failed      0.00%
1569  NP_416233.1      98.56%    failed      0.00%
1570  NP_416234.1      94.85%    failed      0.00%
1571  NP_416236.1      97.98%    failed      0.00%
1572  NP_416237.3      97.52%    failed      0.00%
1573  NP_416238.1      99.23%    failed      0.00%
1574  NP_416239.1      97.70%    failed      0.00%
1575  NP_416240.1      98.57%    failed      0.03%
1576  NP_416241.1      98.22%    failed      0.00%
1577  NP_416242.6      98.43%    failed      0.04%
1578  NP_416243.1      96.28%    failed      0.00%
1579  NP_416244.2      97.86%    failed      0.00%
1580  NP_416245.2      99.36%    passed     38.15%
1581  NP_416247.1      98.00%    failed      0.02%
1582  NP_416248.1      96.39%    failed      0.00%
1583  NP_416249.1      97.75%    failed      0.00%
1584  NP_416250.1      99.07%    failed      0.00%
1585  NP_416251.1      96.37%    failed      0.00%
1586  NP_416252.1      99.15%    failed      0.06%
1587  NP_416253.1      99.10%    failed      2.09%
1588  NP_416254.1      97.79%    failed      0.00%
1589  NP_416255.1      97.63%    failed      0.00%
1590  NP_416256.2      98.47%    failed      4.25%
1591  NP_416257.1      98.71%    failed      0.00%
1592  NP_416258.1      97.42%    failed      0.00%
1593  NP_416259.1      96.41%    failed      0.00%
1594  NP_416260.1      96.05%    failed      0.00%
1595  NP_416261.1      97.24%    failed      0.01%
1596  NP_416262.1      96.74%    failed      0.00%
1597  NP_416263.1      97.85%    failed      3.64%
1598  NP_416264.4      98.11%    failed      0.00%
1599  NP_416265.4      98.19%    failed      0.00%
1600  NP_416266.1      98.11%    failed      0.00%
1601  NP_416267.1      98.54%    failed      0.00%
1602  NP_416268.2      96.89%    failed      0.00%
1603  NP_416269.4      95.90%    failed      0.00%
1604  NP_416270.1      98.26%    failed      0.00%
1605  NP_416271.4      96.51%    failed      0.00%
1606  NP_416272.2      98.35%    failed      0.00%
1607  NP_416273.1      98.92%    failed      0.00%
1608  NP_416274.1      99.28%    passed     24.68%
1609  NP_416275.1      96.41%    failed      0.00%
1610  NP_416276.4      97.22%    failed      0.01%
1611  NP_416277.1      94.76%    failed      0.00%
1612  NP_416278.1      97.21%    failed      0.00%
1613  NP_416279.1      98.53%    failed      0.17%
1614  NP_416280.1      95.04%    failed      0.00%
1615  NP_416281.1      97.29%    failed      0.00%
1616  NP_416282.4      98.29%    failed      0.24%
1617  NP_416283.1      96.37%    failed      0.00%
1618  NP_416284.1      97.98%    failed      0.00%
1619  NP_416285.1      97.38%    failed      0.00%
1620  NP_416286.4      97.47%    failed      0.00%
1621  NP_416287.1      97.77%    failed      0.00%
1622  NP_416288.1      97.21%    failed      0.00%
1623  NP_416289.1      96.32%    failed      0.00%
1624  NP_416290.1      97.13%    failed      0.00%
1625  NP_416291.4      99.28%    passed     34.37%
1626  NP_416292.1      98.90%    passed     47.32%
1627  NP_416293.1      97.34%    failed      0.00%
1628  NP_416294.4      97.64%    failed      0.17%
1629  NP_416295.1      97.72%    failed      0.00%
1630  NP_416296.1      98.01%    failed      0.00%
1631  NP_416297.1      94.83%    failed      0.00%
1632  NP_416298.1      96.57%    failed      0.00%
1633  NP_416299.1      96.06%    failed      0.00%
1634  NP_416300.2      96.02%    failed      0.00%
1635  NP_416301.1      98.66%    failed      0.00%
1636  NP_416302.2      99.73%    passed     11.58%
1637  NP_416303.1      98.81%    failed      0.00%
1638  NP_416304.1      97.81%    failed      0.01%
1639  NP_416305.1      96.85%    failed      0.00%
1640  NP_416306.2      99.08%    failed      2.47%
1641  NP_416307.1      99.33%    passed     16.08%
1642  NP_416308.4      97.26%    failed      0.00%
1643  NP_416309.1      99.34%    failed      0.00%
1644  NP_416310.1      99.52%    failed      0.12%
1645  NP_416311.1      99.04%    passed     71.02%
1646  NP_416312.1      98.30%    failed      0.00%
1647  NP_416313.4      97.54%    failed      0.00%
1648  NP_416314.1      97.10%    failed      0.04%
1649  NP_416315.1      96.14%    failed      0.00%
1650  NP_416316.1      97.00%    passed      6.04%
1651  NP_416317.1      97.42%    failed      0.00%
1652  NP_416318.1      96.99%    failed      0.00%
1653  NP_416319.1      95.50%    failed      0.00%
1654  NP_416320.1      98.45%    failed      0.00%
1655  NP_416321.1      98.15%    failed      0.00%
1656  NP_416322.1      94.89%    failed      0.00%
1657  NP_416323.4      99.08%    failed      0.13%
1658  NP_416324.2      99.21%    failed      4.70%
1659  NP_416325.1      99.53%    failed      1.01%
1660  NP_416326.1      96.36%    failed      0.00%
1661  NP_416327.1      98.46%    failed      0.00%
1662  NP_416328.1      96.36%    failed      0.00%
1663  NP_416329.4      95.73%    failed      0.00%
1664  NP_416330.1      95.84%    failed      0.00%
1665  NP_416331.1      97.41%    failed      0.00%
1666  NP_416332.1      97.86%    failed      0.00%
1667  NP_416333.4      97.73%    failed      0.00%
1668  NP_416334.1      98.78%    failed      0.00%
1669  NP_416335.4      98.49%    failed      0.00%
1670  NP_416336.1      97.84%    failed      0.37%
1671  NP_416337.1      99.45%    failed      0.70%
1672  NP_416338.1      99.62%    passed     29.88%
1673  NP_416339.1      99.24%    failed      0.01%
1674  NP_416340.1      99.62%    failed      3.11%
1675  NP_416341.1      97.89%    failed      0.00%
1676  NP_416342.4      96.33%    failed      0.00%
1677  NP_416343.1      97.65%    failed      0.00%
1678  NP_416344.1      94.53%    failed      0.00%
1679  NP_416346.4      98.68%    failed      0.06%
1680  NP_416347.1      96.57%    failed      0.00%
1681  NP_416348.2      92.96%    failed      0.00%
1682  NP_416349.2      96.15%    failed      0.00%
1683  NP_416350.4      99.37%    passed     36.91%
1684  NP_416351.2      99.49%    passed     17.21%
1685  NP_416352.4      98.25%    failed      0.02%
1686  NP_416353.1      99.09%    passed      7.70%
1687  NP_416354.1      97.67%    failed      0.00%
1688  NP_416355.1      99.00%    failed      0.28%
1689  NP_416356.1      99.39%    failed      1.90%
1690  NP_416357.1      98.25%    failed      0.00%
1691  NP_416358.1      98.23%    passed     11.25%
1692  NP_416359.1      94.49%    failed      0.00%
1693  NP_416360.1      98.24%    failed      0.00%
1694  NP_416361.2      99.05%    failed      0.11%
1695  NP_416362.1      99.23%    failed      0.03%
1696  NP_416363.1      96.85%    failed      0.00%
1697  NP_416364.1      98.29%    failed      0.00%
1698  NP_416365.1      95.16%    failed      0.00%
1699  NP_416366.1      96.06%    failed      0.00%
1700  NP_416367.1      97.68%    failed      0.00%
1701  NP_416368.1      96.15%    failed      0.00%
1702  NP_416369.1      97.41%    failed      0.00%
1703  NP_416370.2      96.47%    failed      0.00%
1704  NP_416371.4      97.51%    failed      0.00%
1705  NP_416372.1      97.99%    failed      0.00%
1706  NP_416373.1      97.90%    failed      0.00%
1707  NP_416374.1      97.30%    failed      0.00%
1708  NP_416375.1      98.37%    failed      0.00%
1709  NP_416376.2      98.39%    failed      4.03%
1710  NP_416377.1      98.61%    failed      0.00%
1711  NP_416378.1      98.03%    failed      0.00%
1712  NP_416379.1      98.80%    failed      1.97%
1713  NP_416380.1      95.26%    failed      0.00%
1714  NP_416381.2      98.49%    failed      0.00%
1715  NP_416382.1      97.82%    failed      0.00%
1716  NP_416383.4      98.95%    failed      0.01%
1717  NP_416384.1      98.02%    failed      0.85%
1718  NP_416385.1      97.41%    failed      0.01%
1719  NP_416386.4      93.51%    failed      0.00%
1720  NP_416387.1      97.06%    failed      0.00%
1721  NP_416389.4      98.49%    failed      0.04%
1722  NP_416390.1      95.37%    failed      0.00%
1723  NP_416391.4      98.70%    failed      1.06%
1724  NP_416392.1      98.96%    failed      0.01%
1725  NP_416393.1      94.44%    failed      0.00%
1726  NP_416394.1      96.93%    failed      0.00%
1727  NP_416395.1      98.28%    failed      0.00%
1728  NP_416396.1      98.96%    failed      0.01%
1729  NP_416397.1      97.20%    failed      0.00%
1730  NP_416398.1      97.70%    failed      0.00%
1731  NP_416399.1      95.72%    failed      0.00%
1732  NP_416400.1      95.56%    failed      0.00%
1733  NP_416401.1      98.66%    failed      0.00%
1734  NP_416402.2      95.53%    failed      0.00%
1735  NP_416403.1      97.53%    failed      0.00%
1736  NP_416404.1      97.63%    failed      0.00%
1737  NP_416405.1      98.46%    failed      0.22%
1738  NP_416406.4      99.07%    failed      0.06%
1739  NP_416407.1      98.66%    failed      3.04%
1740  NP_416408.1      99.27%    passed      6.49%
1741  NP_416409.1      98.86%    failed      0.66%
1742  NP_416410.1      96.19%    failed      0.00%
1743  NP_416411.1      97.86%    failed      0.00%
1744  NP_416413.1      95.95%    failed      0.00%
1745  NP_416414.1      97.36%    failed      0.00%
1746  NP_416415.1      98.66%    failed      0.01%
1747  NP_416416.2      99.33%    failed      4.01%
1748  NP_416417.1      99.14%    failed      1.58%
1749  NP_416418.1      98.68%    failed      0.01%
1750  NP_416419.1      99.37%    passed     12.96%
1751  NP_416420.1      96.76%    failed      0.00%
1752  NP_416421.1      98.23%    failed      0.00%
1753  NP_416422.1      98.54%    failed      0.00%
1754  NP_416423.4      95.10%    failed      0.00%
1755  NP_416424.1      98.25%    failed      0.03%
1756  NP_416425.1      99.41%    failed      1.02%
1757  NP_416426.1      98.07%    failed      0.89%
1758  NP_416427.1      97.99%    failed      0.00%
1759  NP_416428.1      98.22%    failed      0.00%
1760  NP_416429.4      97.37%    failed      0.00%
1761  NP_416430.1      97.86%    failed      0.00%
1762  NP_416431.2      98.53%    failed      0.40%
1763  NP_416432.3      98.08%    failed      0.00%
1764  NP_416433.1      96.00%    failed      0.00%
1765  NP_416434.1      96.24%    failed      0.00%
1766  NP_416435.1      98.91%    failed      0.00%
1767  NP_416436.1      99.03%    failed      0.05%
1768  NP_416437.1      96.03%    failed      0.00%
1769  NP_416438.1      98.90%    failed      0.10%
1770  NP_416439.1      96.78%    failed      0.00%
1771  NP_416440.1      99.38%    passed     30.74%
1772  NP_416442.1      98.72%    failed      0.60%
1773  NP_416447.1      99.17%    failed      0.00%
1774  NP_416448.1      95.57%    failed      0.00%
1775  NP_416449.1      97.34%    failed      0.00%
1776  NP_416450.2      98.17%    failed      0.00%
1777  NP_416451.1      96.33%    failed      0.00%
1778  NP_416452.1      98.82%    failed      0.00%
1779  NP_416453.1      96.99%    failed      0.00%
1780  NP_416454.1      98.76%    failed      0.01%
1781  NP_416455.1      97.32%    failed      0.00%
1782  NP_416456.1      98.90%    failed      0.10%
1783  NP_416457.4      99.03%    failed      0.00%
1784  NP_416458.1      98.03%    failed      0.00%
1785  NP_416459.1      99.29%    failed      0.00%
1786  NP_416460.1      97.90%    failed      0.00%
1787  NP_416461.1      98.34%    failed      0.00%
1788  NP_416462.1      99.50%    passed     20.54%
1789  NP_416463.4      99.40%    failed      0.10%
1790  NP_416464.1      97.82%    failed      0.00%
1791  NP_416465.2      95.47%    failed      0.00%
1792  NP_416466.1      99.52%    failed      0.02%
1793  NP_416467.1      97.55%    failed      0.00%
1794  NP_416468.1      97.54%    failed      0.00%
1795  NP_416469.1      98.75%    failed      0.58%
1796  NP_416470.1      96.21%    failed      0.00%
1797  NP_416471.1      98.15%    failed      0.00%
1798  NP_416472.3      99.20%    failed      0.25%
1799  NP_416476.1      97.73%    failed      0.01%
1800  NP_416477.1      96.37%    failed      0.00%
1801  NP_416478.2      98.21%    failed      0.00%
1802  NP_416479.1      98.90%    failed      4.96%
1803  NP_416480.1      97.32%    failed      0.00%
1804  NP_416481.1      98.31%    failed      0.00%
1805  NP_416482.1      98.27%    failed      4.38%
1806  NP_416483.4      98.59%    failed      0.10%
1807  NP_416484.2      97.87%    failed      0.00%
1808  NP_416485.5      81.22%    failed      0.00%
1809  NP_416488.1      96.48%    failed      0.00%
1810  NP_416489.1      96.11%    failed      0.00%
1811  NP_416490.1      98.09%    failed      0.00%
1812  NP_416491.3      95.61%    failed      0.00%
1813  NP_416492.1      97.46%    failed      0.00%
1814  NP_416493.1      97.55%    failed      0.00%
1815  NP_416494.1      97.51%    failed      0.00%
1816  NP_416495.1      97.12%    failed      0.00%
1817  NP_416496.1      98.02%    failed      0.00%
1818  NP_416497.1      98.55%    failed      0.42%
1819  NP_416498.2      97.38%    failed      0.04%
1820  NP_416500.1      97.58%    failed      0.00%
1821  NP_416505.2      95.91%    failed      0.00%
1822  NP_416506.1      98.81%    failed      0.01%
1823  NP_416507.1      99.41%    passed     83.51%
1824  NP_416508.1      99.02%    failed      0.96%
1825  NP_416509.1      99.00%    passed     10.56%
1826  NP_416511.4      99.12%    failed      0.01%
1827  NP_416512.1      97.17%    failed      0.00%
1828  NP_416513.1      98.74%    failed      2.41%
1829  NP_416514.4      96.89%    failed      0.01%
1830  NP_416515.1      96.19%    failed      0.00%
1831  NP_416516.1      99.40%    failed      0.70%
1832  NP_416517.1      97.17%    failed      0.00%
1833  NP_416518.2      96.37%    failed      0.00%
1834  NP_416519.4      97.52%    failed      0.00%
1835  NP_416520.1      97.80%    failed      0.00%
1836  NP_416521.2      99.33%    failed      2.27%
1837  NP_416522.1      99.87%    failed      0.00%
1838  NP_416523.1      97.60%    failed      0.00%
1839  NP_416524.1      96.52%    failed      0.00%
1840  NP_416525.1      97.14%    failed      0.00%
1841  NP_416526.4      97.15%    failed      0.00%
1842  NP_416527.1      98.43%    failed      3.11%
1843  NP_416528.2      98.03%    failed      0.00%
1844  NP_416529.1      97.93%    failed      0.00%
1845  NP_416530.1      98.37%    failed      0.01%
1846  NP_416531.4      97.38%    failed      0.00%
1847  NP_416532.1      96.89%    failed      0.00%
1848  NP_416533.1      96.24%    failed      0.00%
1849  NP_416535.2      97.38%    failed      0.03%
1850  NP_416536.1      97.01%    failed      0.00%
1851  NP_416537.1      98.43%    failed      0.00%
1852  NP_416538.1      97.35%    failed      0.00%
1853  NP_416539.1      96.89%    failed      0.00%
1854  NP_416540.1      97.05%    failed      0.00%
1855  NP_416541.1      96.67%    failed      0.00%
1856  NP_416542.1      98.51%    passed      6.86%
1857  NP_416543.1      97.65%    failed      0.02%
1858  NP_416544.1      97.60%    failed      0.00%
1859  NP_416545.1      97.10%    failed      0.00%
1860  NP_416546.1      97.62%    failed      0.00%
1861  NP_416547.1      96.28%    failed      0.00%
1862  NP_416548.1      96.74%    failed      0.00%
1863  NP_416549.1      96.58%    failed      0.00%
1864  NP_416550.1      96.05%    failed      0.00%
1865  NP_416551.1      96.28%    failed      0.00%
1866  NP_416552.1      96.34%    failed      0.00%
1867  NP_416553.1      96.16%    failed      0.00%
1868  NP_416554.1      96.73%    failed      0.00%
1869  NP_416555.2      98.72%    failed      0.03%
1870  NP_416556.1      97.42%    failed      0.55%
1871  NP_416557.1      97.01%    failed      0.00%
1872  NP_416558.1      98.54%    failed      0.11%
1873  NP_416559.1      98.01%    failed      0.09%
1874  NP_416560.1      96.75%    failed      0.00%
1875  NP_416561.1      96.75%    failed      0.02%
1876  NP_416562.1      98.70%    failed      0.00%
1877  NP_416563.1      97.76%    passed     12.32%
1878  NP_416564.4      94.22%    failed      0.00%
1879  NP_416565.1      98.82%    failed      2.26%
1880  NP_416566.1      96.96%    failed      0.00%
1881  NP_416567.4      95.77%    failed      0.00%
1882  NP_416568.1      95.05%    failed      0.00%
1883  NP_416569.1      98.45%    failed      0.00%
1884  NP_416570.2      98.29%    failed      0.26%
1885  NP_416571.1      91.13%    failed      0.00%
1886  NP_416572.1      97.74%    failed      0.00%
1887  NP_416573.4      96.39%    failed      0.00%
1888  NP_416574.1      94.80%    failed      0.00%
1889  NP_416575.1      98.77%    failed      0.34%
1890  NP_416576.1      97.97%    failed      0.00%
1891  NP_416577.1      98.24%    failed      0.03%
1892  NP_416578.2      96.67%    failed      0.00%
1893  NP_416579.1      91.65%    failed      0.00%
1894  NP_416580.1      91.77%    failed      0.00%
1895  NP_416581.1      96.22%    failed      0.00%
1896  NP_416582.1      96.25%    failed      0.00%
1897  NP_416583.1      98.07%    failed      0.00%
1898  NP_416584.4      99.12%    failed      0.02%
1899  NP_416585.1      96.36%    failed      0.00%
1900  NP_416586.1      99.42%    passed     65.35%
1901  NP_416589.2      99.16%    passed      6.65%
1902  NP_416590.1      97.60%    failed      0.00%
1903  NP_416592.2      99.21%    failed      0.00%
1904  NP_416593.1      97.69%    failed      0.12%
1905  NP_416594.1      97.22%    failed      0.00%
1906  NP_416596.1      99.25%    passed      6.85%
1907  NP_416597.1      98.80%    failed      2.80%
1908  NP_416598.1      96.63%    failed      0.00%
1909  NP_416599.2      97.72%    failed      0.00%
1910  NP_416600.4      97.19%    failed      0.00%
1911  NP_416601.1      96.59%    failed      0.00%
1912  NP_416602.1      97.32%    failed      0.00%
1913  NP_416603.1      97.42%    failed      0.00%
1914  NP_416604.1      98.01%    failed      0.00%
1915  NP_416605.2      97.82%    failed      1.87%
1916  NP_416606.1      97.86%    failed      0.00%
1917  NP_416607.1      97.90%    failed      0.00%
1918  NP_416608.1      99.28%    failed      0.36%
1919  NP_416609.1      97.80%    failed      0.00%
1920  NP_416610.4      99.10%    passed     12.39%
1921  NP_416611.1      97.24%    failed      0.00%
1922  NP_416612.1      93.37%    failed      0.00%
1923  NP_416613.1      98.08%    failed      0.00%
1924  NP_416614.1      98.56%    failed      0.00%
1925  NP_416615.1      99.25%    passed     48.48%
1926  NP_416616.4      97.04%    failed      0.00%
1927  NP_416617.1      94.57%    failed      0.00%
1928  NP_416621.1      90.29%    failed      0.00%
1929  NP_416623.2      97.09%    failed      0.00%
1930  NP_416624.1      93.91%    failed      0.00%
1931  NP_416625.1      96.97%    failed      0.00%
1932  NP_416627.2      98.77%    failed      0.00%
1933  NP_416628.1      98.75%    failed      0.15%
1934  NP_416629.4      98.08%    failed      0.00%
1935  NP_416630.1      95.50%    failed      0.00%
1936  NP_416631.1      98.05%    failed      0.00%
1937  NP_416632.1      98.05%    failed      0.00%
1938  NP_416633.1      97.53%    failed      0.00%
1939  NP_416634.1      96.91%    failed      0.00%
1940  NP_416635.1      97.55%    failed      0.00%
1941  NP_416636.1      93.86%    failed      0.00%
1942  NP_416637.1      95.42%    failed      0.00%
1943  NP_416638.4      97.51%    failed      0.00%
1944  NP_416639.2      98.43%    failed      0.00%
1945  NP_416640.2      98.46%    failed      0.00%
1946  NP_416641.1      97.97%    failed      0.00%
1947  NP_416645.1      97.47%    failed      0.00%
1948  NP_416646.1      98.94%    failed      0.00%
1949  NP_416647.1      98.15%    failed      0.00%
1950  NP_416648.1      97.64%    failed      0.00%
1951  NP_416649.1      98.08%    failed      0.00%
1952  NP_416650.1      99.37%    failed      0.48%
1953  NP_416651.1      96.69%    failed      0.00%
1954  NP_416652.4      96.70%    failed      0.02%
1955  NP_416653.1      97.30%    failed      0.00%
1956  NP_416654.1      95.94%    failed      0.00%
1957  NP_416655.1      97.33%    failed      0.00%
1958  NP_416656.1      97.22%    failed      0.00%
1959  NP_416657.1      96.91%    failed      0.00%
1960  NP_416658.1      98.22%    failed      0.10%
1961  NP_416659.1      97.77%    failed      2.40%
1962  NP_416660.1      94.68%    failed      0.00%
1963  NP_416661.1      96.07%    failed      0.00%
1964  NP_416662.1      97.65%    failed      0.00%
1965  NP_416663.1      97.20%    failed      0.00%
1966  NP_416664.1      97.71%    failed      0.00%
1967  NP_416665.1      97.09%    failed      0.00%
1968  NP_416666.1      96.66%    failed      0.00%
1969  NP_416667.1      97.49%    failed      0.00%
1970  NP_416668.3      98.24%    failed      0.01%
1971  NP_416669.1      96.66%    failed      0.00%
1972  NP_416670.1      97.50%    failed      0.00%
1973  NP_416671.1      97.49%    failed      0.00%
1974  NP_416672.1      95.48%    failed      0.00%
1975  NP_416673.1      97.50%    failed      0.00%
1976  NP_416674.1      96.98%    failed      0.00%
1977  NP_416675.1      96.85%    failed      0.00%
1978  NP_416676.4      98.47%    failed      0.12%
1979  NP_416677.1      96.08%    failed      0.00%
1980  NP_416678.1      97.37%    failed      0.00%
1981  NP_416679.4      98.10%    failed      0.00%
1982  NP_416680.1      98.49%    failed      0.03%
1983  NP_416681.1      95.84%    failed      0.00%
1984  NP_416682.4      95.15%    failed      0.00%
1985  NP_416683.1      97.08%    failed      0.00%
1986  NP_416684.1      97.26%    failed      0.00%
1987  NP_416685.1      95.75%    failed      0.00%
1988  NP_416686.1      99.08%    passed     13.72%
1989  NP_416687.1      96.82%    failed      0.00%
1990  NP_416688.1      98.15%    failed      0.03%
1991  NP_416689.1      95.30%    failed      0.00%
1992  NP_416690.1      99.25%    failed      3.58%
1993  NP_416691.1      97.31%    failed      0.00%
1994  NP_416692.1      99.40%    failed      3.45%
1995  NP_416693.1      95.30%    failed      0.00%
1996  NP_416696.2      97.38%    failed      0.03%
1997  NP_416697.1      98.27%    failed      0.00%
1998  NP_416698.1      97.19%    failed      0.00%
1999  NP_416699.1      98.51%    failed      0.05%
2000  NP_416700.1      94.81%    failed      0.00%
2001  NP_416701.1      98.72%    failed      1.45%
2002  NP_416702.1      99.45%    failed      0.01%
2003  NP_416703.1      98.03%    failed      0.00%
2004  NP_416704.1      98.23%    failed      0.00%
2005  NP_416705.2      98.34%    failed      0.00%
2006  NP_416706.1      98.39%    passed     85.45%
2007  NP_416707.4      98.80%    passed     31.83%
2008  NP_416708.1      97.70%    failed      0.00%
2009  NP_416709.1      98.15%    failed      0.00%
2010  NP_416710.1      93.35%    failed      0.00%
2011  NP_416711.1      99.30%    failed      0.02%
2012  NP_416712.1      98.68%    failed      0.17%
2013  NP_416713.1      98.70%    failed      0.46%
2014  NP_416714.1      95.60%    failed      0.00%
2015  NP_416715.1      95.61%    failed      0.00%
2016  NP_416716.1      98.27%    failed      0.45%
2017  NP_416717.1      97.16%    failed      0.00%
2018  NP_416718.1      97.18%    failed      0.00%
2019  NP_416719.1      97.05%    failed      0.00%
2020  NP_416720.1      92.86%    failed      0.00%
2021  NP_416721.1      98.27%    failed      0.00%
2022  NP_416722.2      92.38%    failed      0.00%
2023  NP_416723.1      95.12%    failed      0.00%
2024  NP_416724.1      96.30%    failed      0.00%
2025  NP_416725.1      98.23%    failed      0.00%
2026  NP_416726.1      98.27%    failed      0.00%
2027  NP_416727.1      96.47%    failed      0.00%
2028  NP_416728.1      96.84%    failed      0.00%
2029  NP_416729.1      97.93%    failed      0.16%
2030  NP_416730.1      95.59%    failed      0.00%
2031  NP_416732.4      98.34%    passed      9.62%
2032  NP_416733.4      95.49%    failed      0.00%
2033  NP_416734.1      92.98%    failed      0.00%
2034  NP_416735.1      98.07%    failed      0.04%
2035  NP_416736.1      89.97%    failed      0.00%
2036  NP_416737.1      93.89%    failed      0.00%
2037  NP_416738.1      96.98%    failed      0.00%
2038  NP_416739.1      99.33%    passed     13.70%
2039  NP_416740.1      98.27%    failed      0.26%
2040  NP_416742.1      97.13%    failed      0.00%
2041  NP_416743.1      96.37%    failed      0.00%
2042  NP_416744.1      95.65%    failed      0.00%
2043  NP_416745.1      96.64%    failed      0.00%
2044  NP_416746.1      96.82%    failed      0.00%
2045  NP_416747.1      97.60%    failed      0.00%
2046  NP_416748.1      97.86%    failed      0.00%
2047  NP_416749.4      96.56%    failed      0.00%
2048  NP_416750.2      96.78%    failed      0.28%
2049  NP_416751.1      97.91%    failed      0.00%
2050  NP_416752.1      96.79%    failed      0.00%
2051  NP_416753.4      98.56%    failed      0.00%
2052  NP_416754.1      98.87%    failed      1.16%
2053  NP_416755.1      98.39%    failed      0.20%
2054  NP_416756.6      96.91%    failed      0.00%
2055  NP_416757.1      97.42%    failed      0.00%
2056  NP_416758.1      94.70%    failed      0.00%
2057  NP_416759.1      97.62%    failed      0.01%
2058  NP_416760.1      95.58%    failed      0.00%
2059  NP_416761.4      98.97%    failed      0.00%
2060  NP_416762.2      99.29%    passed     19.60%
2061  NP_416763.1      96.38%    failed      0.00%
2062  NP_416764.1      97.43%    failed      0.00%
2063  NP_416765.1      97.71%    failed      0.23%
2064  NP_416766.1      97.98%    failed      0.00%
2065  NP_416767.1      95.54%    failed      0.00%
2066  NP_416768.4      96.54%    failed      0.00%
2067  NP_416769.1      99.19%    failed      0.04%
2068  NP_416770.1      98.77%    passed      7.93%
2069  NP_416771.4      97.55%    failed      0.00%
2070  NP_416772.1      96.76%    failed      0.00%
2071  NP_416773.1      95.38%    failed      0.00%
2072  NP_416774.2      97.41%    failed      0.00%
2073  NP_416775.1      98.66%    failed      0.00%
2074  NP_416776.1      98.09%    failed      0.00%
2075  NP_416777.2      98.88%    failed      0.17%
2076  NP_416778.2      97.74%    failed      3.21%
2077  NP_416779.2      96.11%    failed      0.00%
2078  NP_416780.1      95.91%    failed      0.00%
2079  NP_416781.1      95.08%    failed      0.00%
2080  NP_416782.1      99.20%    failed      0.00%
2081  NP_416783.1      98.52%    failed      0.00%
2082  NP_416784.1      98.56%    failed      1.45%
2083  NP_416785.1      97.39%    failed      0.00%
2084  NP_416786.4      92.71%    failed      0.00%
2085  NP_416787.1      96.43%    failed      0.00%
2086  NP_416788.1      98.67%    passed     14.06%
2087  NP_416789.2      95.22%    failed      0.00%
2088  NP_416790.1      98.23%    failed      4.63%
2089  NP_416791.3      98.82%    failed      0.00%
2090  NP_416792.1      97.50%    failed      0.00%
2091  NP_416793.1      96.75%    failed      0.00%
2092  NP_416794.1      98.40%    failed      0.00%
2093  NP_416795.1      95.10%    failed      0.00%
2094  NP_416796.2      98.27%    failed      0.00%
2095  NP_416797.2      98.68%    failed      4.68%
2096  NP_416798.1      98.79%    failed      0.76%
2097  NP_416799.1      96.79%    failed      0.00%
2098  NP_416800.1      94.27%    failed      0.00%
2099  NP_416801.2      95.94%    failed      0.00%
2100  NP_416802.1      98.56%    failed      0.00%
2101  NP_416803.3      98.52%    failed      0.03%
2102  NP_416804.1      98.28%    failed      0.01%
2103  NP_416805.1      98.27%    failed      0.43%
2104  NP_416806.1      99.04%    failed      0.46%
2105  NP_416807.1      97.62%    failed      0.00%
2106  NP_416808.1      97.62%    failed      0.00%
2107  NP_416809.1      97.94%    failed      0.00%
2108  NP_416810.1      98.09%    failed      0.00%
2109  NP_416811.1      98.17%    failed      0.00%
2110  NP_416812.1      97.91%    failed      0.00%
2111  NP_416813.1      97.91%    failed      0.00%
2112  NP_416814.1      98.48%    failed      0.00%
2113  NP_416815.1      95.95%    failed      0.00%
2114  NP_416816.1      98.70%    failed      0.00%
2115  NP_416817.2      98.23%    failed      0.00%
2116  NP_416818.1      96.61%    failed      0.00%
2117  NP_416819.1      97.56%    failed      0.00%
2118  NP_416820.1      98.24%    failed      0.00%
2119  NP_416821.1      97.83%    failed      0.04%
2120  NP_416822.1      97.29%    failed      0.00%
2121  NP_416823.1      96.97%    failed      0.00%
2122  NP_416824.1      97.34%    failed      0.00%
2123  NP_416825.1      96.85%    failed      0.00%
2124  NP_416826.1      96.74%    failed      0.00%
2125  NP_416827.4      94.64%    failed      0.00%
2126  NP_416828.1      99.26%    failed      0.15%
2127  NP_416829.1      98.54%    passed     13.06%
2128  NP_416830.1      97.84%    failed      0.00%
2129  NP_416831.1      97.80%    failed      0.00%
2130  NP_416832.1      97.10%    failed      0.00%
2131  NP_416833.4      97.51%    failed      0.01%
2132  NP_416834.1      98.53%    failed      0.04%
2133  NP_416835.2      97.81%    failed      0.18%
2134  NP_416836.1      98.56%    failed      0.00%
2135  NP_416837.1      98.70%    failed      0.29%
2136  NP_416838.1      98.64%    failed      0.01%
2137  NP_416839.1      97.99%    failed      0.00%
2138  NP_416841.1      98.50%    failed      0.00%
2139  NP_416842.1      98.71%    failed      0.03%
2140  NP_416843.1      94.27%    failed      0.00%
2141  NP_416844.1      96.50%    failed      0.00%
2142  NP_416845.2      99.25%    failed      1.61%
2143  NP_416846.2      96.42%    failed      0.00%
2144  NP_416847.1      97.17%    failed      0.00%
2145  NP_416848.1      97.99%    failed      0.01%
2146  NP_416849.1      97.51%    failed      0.00%
2147  NP_416850.1      96.91%    failed      0.00%
2148  NP_416851.1      99.04%    failed      0.00%
2149  NP_416852.1      97.54%    failed      0.00%
2150  NP_416853.1      96.44%    failed      0.00%
2151  NP_416855.1      98.83%    failed      0.43%
2152  NP_416858.1      98.68%    failed      0.00%
2153  NP_416860.4      99.04%    failed      0.54%
2154  NP_416861.1      97.80%    failed      0.00%
2155  NP_416862.2      98.57%    passed     13.80%
2156  NP_416863.1      99.04%    passed      5.29%
2157  NP_416864.1      99.19%    failed      1.54%
2158  NP_416865.1      97.50%    failed      0.01%
2159  NP_416866.1      96.43%    failed      0.00%
2160  NP_416867.1      96.45%    failed      0.00%
2161  NP_416868.1      95.89%    failed      0.00%
2162  NP_416869.1      96.89%    failed      0.00%
2163  NP_416870.1      98.36%    failed      0.00%
2164  NP_416871.1      90.39%    failed      0.00%
2165  NP_416872.4      96.94%    failed      0.02%
2166  NP_416873.1      97.48%    failed      0.00%
2167  NP_416874.1      95.47%    failed      0.00%
2168  NP_416875.1      96.66%    failed      0.01%
2169  NP_416876.1      98.31%    failed      0.00%
2170  NP_416877.1      99.27%    passed      7.00%
2171  NP_416878.1      99.36%    failed      0.11%
2172  NP_416879.4      97.54%    failed      0.08%
2173  NP_416880.1      96.69%    failed      0.00%
2174  NP_416881.1      95.46%    failed      0.00%
2175  NP_416882.1      98.04%    failed      0.51%
2176  NP_416883.1      97.71%    failed      0.00%
2177  NP_416884.1      93.33%    failed      0.00%
2178  NP_416885.1      97.23%    failed      0.00%
2179  NP_416886.1      97.10%    failed      0.00%
2180  NP_416887.1      96.67%    failed      0.00%
2181  NP_416888.1      99.13%    failed      0.00%
2182  NP_416889.1      97.42%    failed      0.00%
2183  NP_416890.1      96.64%    failed      0.00%
2184  NP_416891.1      99.13%    failed      0.00%
2185  NP_416893.1      96.69%    failed      0.00%
2186  NP_416894.1      96.79%    failed      0.00%
2187  NP_416895.2      97.03%    failed      0.00%
2188  NP_416896.4      94.15%    failed      0.00%
2189  NP_416897.2      99.08%    failed      0.20%
2190  NP_416898.3      98.96%    failed      0.99%
2191  NP_416899.1      96.22%    failed      0.00%
2192  NP_416900.1      97.64%    failed      0.00%
2193  NP_416901.1      96.64%    failed      0.00%
2194  NP_416902.1      97.78%    failed      0.00%
2195  NP_416903.1      97.96%    failed      0.00%
2196  NP_416904.1      97.53%    failed      0.00%
2197  NP_416905.1      97.33%    failed      0.00%
2198  NP_416906.1      94.61%    failed      0.00%
2199  NP_416907.1      97.37%    failed      0.00%
2200  NP_416908.1      97.97%    failed      0.00%
2201  NP_416909.1      97.41%    failed      0.00%
2202  NP_416910.1      99.32%    failed      0.13%
2203  NP_416911.1      95.38%    failed      0.00%
2204  NP_416912.1      98.64%    failed      0.00%
2205  NP_416913.1      97.73%    failed      0.00%
2206  NP_416914.1      99.00%    passed      6.55%
2207  NP_416915.1      98.04%    failed      0.26%
2208  NP_416916.1      97.57%    failed      0.00%
2209  NP_416917.1      97.07%    failed      0.00%
2210  NP_416919.1      97.78%    failed      0.00%
2211  NP_416920.1      97.29%    failed      0.00%
2212  NP_416921.4      97.89%    failed      0.00%
2213  NP_416922.1      97.71%    failed      0.00%
2214  NP_416923.1      97.61%    failed      0.00%
2215  NP_416924.1      96.19%    failed      0.00%
2216  NP_416925.2      96.52%    failed      0.00%
2217  NP_416926.4      97.60%    failed      0.00%
2218  NP_416927.1      98.47%    failed      1.36%
2219  NP_416928.4      98.80%    failed      0.00%
2220  NP_416929.4      98.87%    failed      0.05%
2221  NP_416930.1      97.68%    failed      0.00%
2222  NP_416931.1      97.60%    failed      0.01%
2223  NP_416932.1      97.19%    failed      0.00%
2224  NP_416933.4      98.67%    failed      0.00%
2225  NP_416934.1      98.24%    failed      0.00%
2226  NP_416935.1      97.63%    failed      0.00%
2227  NP_416936.4      96.36%    failed      0.00%
2228  NP_416937.2      96.77%    failed      0.00%
2229  NP_416938.1      98.29%    failed      0.00%
2230  NP_416939.1      99.35%    failed      1.13%
2231  NP_416940.2      99.02%    failed      0.04%
2232  NP_416941.1      98.89%    failed      2.32%
2233  NP_416942.1      98.42%    passed     13.59%
2234  NP_416943.2      99.00%    failed      0.01%
2235  NP_416944.1      98.96%    failed      0.03%
2236  NP_416945.2      97.84%    failed      0.00%
2237  NP_416946.1      96.25%    failed      0.00%
2238  NP_416947.1      96.72%    failed      0.00%
2239  NP_416948.4      96.83%    failed      0.00%
2240  NP_416949.1      97.77%    failed      0.00%
2241  NP_416950.1      96.25%    failed      0.00%
2242  NP_416951.1      99.24%    failed      0.46%
2243  NP_416952.2      99.22%    failed      0.00%
2244  NP_416953.1      97.29%    failed      0.00%
2245  NP_416954.1      97.86%    failed      0.00%
2246  NP_416955.1      98.13%    failed      0.02%
2247  NP_416956.1      98.72%    passed      7.19%
2248  NP_416957.4      99.11%    failed      0.14%
2249  NP_416958.1      93.91%    failed      0.00%
2250  NP_416959.1      97.46%    failed      0.00%
2251  NP_416960.1      94.65%    failed      0.00%
2252  NP_416961.1      97.21%    failed      0.00%
2253  NP_416962.1      98.47%    failed      0.01%
2254  NP_416963.1      94.71%    failed      0.00%
2255  NP_416964.1      95.46%    failed      0.00%
2256  NP_416965.1      91.68%    failed      0.00%
2257  NP_416966.1      99.05%    passed     30.28%
2258  NP_416967.1      96.99%    failed      0.00%
2259  NP_416968.2      98.14%    failed      0.00%
2260  NP_416969.1      94.61%    failed      0.00%
2261  NP_416970.1      97.70%    failed      0.00%
2262  NP_416971.1      98.10%    failed      0.00%
2263  NP_416972.4      97.24%    failed      0.00%
2264  NP_416973.1      97.66%    failed      0.00%
2265  NP_416974.4      98.47%    failed      0.16%
2266  NP_416975.1      98.75%    failed      3.20%
2267  NP_416976.4      98.35%    failed      0.00%
2268  NP_416977.1      94.61%    failed      0.00%
2269  NP_416978.4      97.47%    failed      0.00%
2270  NP_416979.1      96.15%    failed      0.00%
2271  NP_416980.1      98.27%    failed      0.00%
2272  NP_416981.1      95.78%    failed      0.00%
2273  NP_416982.1      95.54%    failed      0.00%
2274  NP_416983.1      98.55%    failed      0.00%
2275  NP_416984.1      97.98%    failed      0.01%
2276  NP_416985.4      98.90%    passed      6.11%
2277  NP_416986.4      94.62%    failed      0.00%
2278  NP_416987.1      97.74%    failed      0.00%
2279  NP_416988.1      97.17%    failed      0.00%
2280  NP_416989.1      96.09%    failed      0.00%
2281  NP_416990.1      99.04%    failed      0.05%
2282  NP_416991.2      98.13%    failed      0.00%
2283  NP_416992.1      96.56%    failed      0.00%
2284  NP_416993.2      98.33%    failed      0.00%
2285  NP_416994.1      97.23%    failed      0.00%
2286  NP_416995.1      98.30%    failed      0.12%
2287  NP_416996.1      94.48%    failed      0.00%
2288  NP_416997.1      95.88%    failed      0.00%
2289  NP_416998.1      94.00%    failed      0.00%
2290  NP_416999.1      99.49%    failed      0.81%
2291  NP_417000.1      98.62%    failed      0.00%
2292  NP_417001.1      98.56%    failed      0.00%
2293  NP_417002.1      95.79%    failed      0.00%
2294  NP_417003.1      96.08%    failed      0.00%
2295  NP_417004.1      96.34%    failed      0.00%
2296  NP_417005.2      99.43%    passed      9.65%
2297  NP_417006.2      96.07%    failed      0.00%
2298  NP_417007.1      96.85%    failed      0.00%
2299  NP_417008.1      98.35%    failed      0.00%
2300  NP_417009.1      96.60%    failed      0.00%
2301  NP_417010.1      97.01%    failed      0.00%
2302  NP_417011.1      97.29%    failed      0.00%
2303  NP_417012.1      96.92%    failed      0.00%
2304  NP_417013.1      98.85%    failed      0.11%
2305  NP_417014.1      93.82%    failed      0.00%
2306  NP_417015.1      86.73%    failed      0.00%
2307  NP_417016.4      97.74%    failed      0.00%
2308  NP_417017.4      97.93%    failed      0.00%
2309  NP_417018.4      96.57%    failed      0.00%
2310  NP_417019.1      99.47%    failed      1.71%
2311  NP_417020.1      99.11%    failed      1.74%
2312  NP_417021.1      95.05%    failed      0.00%
2313  NP_417022.1      98.63%    failed      0.00%
2314  NP_417023.1      99.14%    failed      0.18%
2315  NP_417024.1      98.97%    failed      0.07%
2316  NP_417026.1      98.70%    failed      0.00%
2317  NP_417027.1      98.03%    failed      0.00%
2318  NP_417028.1      97.86%    failed      0.00%
2319  NP_417029.4      97.72%    failed      0.01%
2320  NP_417030.2      96.58%    failed      0.00%
2321  NP_417031.1      96.96%    failed      0.00%
2322  NP_417032.1      97.62%    failed      0.00%
2323  NP_417033.1      96.36%    failed      0.02%
2324  NP_417034.1      98.62%    failed      0.03%
2325  NP_417035.1      99.15%    passed      9.21%
2326  NP_417036.1      97.83%    failed      0.00%
2327  NP_417037.1      96.79%    failed      0.00%
2328  NP_417038.4      98.88%    failed      0.00%
2329  NP_417039.1      97.67%    failed      0.12%
2330  NP_417040.2      97.17%    failed      0.00%
2331  NP_417041.1      97.33%    failed      0.00%
2332  NP_417042.1      95.96%    failed      0.00%
2333  NP_417043.1      97.37%    failed      0.00%
2334  NP_417044.4      91.23%    failed      0.00%
2335  NP_417045.4      96.81%    failed      0.00%
2336  NP_417046.1      96.65%    failed      0.00%
2337  NP_417047.1      96.82%    failed      0.00%
2338  NP_417048.1      99.10%    failed      0.00%
2339  NP_417049.1      96.44%    failed      0.00%
2340  NP_417050.1      98.10%    failed      0.00%
2341  NP_417051.2      96.19%    failed      0.00%
2342  NP_417053.2      95.84%    failed      0.00%
2343  NP_417054.2      98.66%    failed      1.09%
2344  NP_417055.4      98.31%    failed      0.00%
2345  NP_417056.2      97.74%    failed      0.00%
2346  NP_417057.1      99.31%    failed      4.34%
2347  NP_417058.1      98.99%    failed      0.01%
2348  NP_417059.1      98.05%    failed      0.00%
2349  NP_417060.1      98.06%    failed      0.00%
2350  NP_417061.1      97.58%    failed      0.00%
2351  NP_417062.1      98.19%    failed      0.00%
2352  NP_417063.1      97.40%    failed      0.03%
2353  NP_417064.1      95.19%    failed      0.00%
2354  NP_417065.1      98.72%    failed      0.00%
2355  NP_417066.1      97.45%    failed      0.00%
2356  NP_417067.1      98.27%    failed      0.00%
2357  NP_417068.1      98.47%    failed      0.00%
2358  NP_417069.1      95.67%    failed      0.00%
2359  NP_417070.2      98.03%    failed      0.08%
2360  NP_417071.1      96.44%    failed      0.00%
2361  NP_417072.4      97.65%    failed      0.00%
2362  NP_417073.1      98.43%    failed      0.00%
2363  NP_417074.1      98.98%    failed      0.50%
2364  NP_417075.1      98.16%    failed      0.66%
2365  NP_417076.1      97.23%    failed      0.00%
2366  NP_417077.1      98.88%    passed     19.70%
2367  NP_417078.4      98.14%    failed      0.00%
2368  NP_417079.1      92.89%    failed      0.00%
2369  NP_417080.4      96.38%    failed      0.00%
2370  NP_417081.2      99.14%    failed      0.01%
2371  NP_417082.1      96.53%    failed      0.00%
2372  NP_417083.1      93.12%    failed      0.00%
2373  NP_417084.1      98.05%    failed      0.07%
2374  NP_417085.1      97.38%    failed      0.00%
2375  NP_417086.1      98.03%    failed      0.00%
2376  NP_417088.1      99.09%    failed      2.96%
2377  NP_417089.1      99.88%    failed      0.00%
2378  NP_417090.1      96.90%    failed      0.00%
2379  NP_417091.1      97.01%    failed      0.00%
2380  NP_417092.1      97.14%    failed      0.00%
2381  NP_417093.2      99.03%    passed     11.10%
2382  NP_417094.1      98.62%    failed      0.70%
2383  NP_417095.1      96.72%    failed      0.00%
2384  NP_417096.1      98.72%    failed      0.86%
2385  NP_417097.1      99.08%    failed      0.03%
2386  NP_417098.1      97.95%    failed      0.00%
2387  NP_417099.4      98.54%    failed      0.35%
2388  NP_417100.1      99.34%    failed      1.73%
2389  NP_417101.1      96.36%    failed      0.00%
2390  NP_417102.4      97.89%    failed      0.00%
2391  NP_417104.1      98.42%    failed      0.00%
2392  NP_417105.1      97.66%    failed      0.04%
2393  NP_417107.2      99.09%    failed      0.85%
2394  NP_417108.4      99.23%    failed      0.86%
2395  NP_417109.1      98.73%    passed      5.38%
2396  NP_417110.1      98.72%    failed      0.19%
2397  NP_417111.1      96.68%    failed      0.00%
2398  NP_417112.1      97.45%    failed      0.04%
2399  NP_417113.1      99.44%    passed     63.90%
2400  NP_417114.1      96.24%    failed      0.00%
2401  NP_417115.1      98.33%    failed      0.03%
2402  NP_417116.1      94.15%    failed      0.00%
2403  NP_417117.1      95.68%    failed      0.00%
2404  NP_417118.1      99.30%    passed     50.52%
2405  NP_417119.1      97.13%    failed      0.00%
2406  NP_417120.2      99.01%    failed      2.03%
2407  NP_417122.1      97.81%    failed      0.00%
2408  NP_417123.1      98.13%    failed      0.00%
2409  NP_417124.4      98.82%    failed      0.30%
2410  NP_417125.1      98.76%    failed      3.53%
2411  NP_417129.1      95.45%    failed      0.00%
2412  NP_417130.1      98.78%    passed     56.29%
2413  NP_417131.1      98.72%    failed      0.03%
2414  NP_417132.1      99.16%    passed     73.32%
2415  NP_417133.1      99.12%    passed     22.04%
2416  NP_417134.2      87.75%    failed      0.00%
2417  NP_417145.4      97.39%    failed      0.00%
2418  NP_417146.2      96.61%    failed      0.00%
2419  NP_417147.1      96.13%    failed      0.00%
2420  NP_417148.1      96.58%    failed      0.00%
2421  NP_417149.1      96.26%    failed      0.00%
2422  NP_417150.4      98.23%    failed      0.00%
2423  NP_417151.1      98.80%    failed      0.00%
2424  NP_417152.1      99.58%    failed      0.03%
2425  NP_417153.1      99.21%    failed      0.02%
2426  NP_417154.1      98.60%    failed      0.00%
2427  NP_417155.1      98.92%    failed      0.02%
2428  NP_417156.1      98.80%    failed      0.01%
2429  NP_417157.1      99.08%    failed      3.33%
2430  NP_417158.4      99.12%    failed      0.07%
2431  NP_417159.1      99.35%    passed     23.11%
2432  NP_417160.1      98.91%    failed      0.29%
2433  NP_417161.1      94.27%    failed      0.00%
2434  NP_417162.1      97.44%    failed      0.00%
2435  NP_417163.1      96.79%    failed      0.00%
2436  NP_417164.1      97.16%    failed      0.00%
2437  NP_417165.1      97.35%    failed      0.00%
2438  NP_417167.1      98.03%    failed      0.00%
2439  NP_417168.1      99.11%    failed      0.00%
2440  NP_417169.1      98.59%    failed      0.00%
2441  NP_417170.1      96.87%    failed      0.00%
2442  NP_417171.1      95.89%    failed      0.00%
2443  NP_417172.1      98.63%    passed     30.22%
2444  NP_417173.1      95.84%    failed      0.00%
2445  NP_417174.1      98.86%    failed      0.00%
2446  NP_417175.1      98.49%    failed      0.00%
2447  NP_417176.1      99.51%    failed      4.03%
2448  NP_417177.1      92.97%    failed      0.00%
2449  NP_417178.1      98.67%    failed      0.00%
2450  NP_417179.1      97.17%    failed      0.00%
2451  NP_417180.1      98.68%    failed      0.00%
2452  NP_417181.1      97.10%    failed      0.00%
2453  NP_417184.1      99.01%    failed      4.96%
2454  NP_417185.1      97.92%    failed      0.00%
2455  NP_417186.1      99.04%    failed      0.25%
2456  NP_417187.1      97.94%    failed      0.01%
2457  NP_417188.4      97.42%    failed      0.00%
2458  NP_417189.2      95.95%    failed      0.00%
2459  NP_417190.1      96.15%    failed      0.25%
2460  NP_417191.1      96.97%    failed      0.00%
2461  NP_417192.1      93.98%    failed      0.00%
2462  NP_417193.1      98.60%    failed      0.00%
2463  NP_417194.2      97.30%    failed      0.00%
2464  NP_417196.1      96.19%    failed      0.01%
2465  NP_417197.1      98.75%    failed      0.03%
2466  NP_417198.1      98.91%    passed     15.57%
2467  NP_417199.1      97.95%    failed      0.02%
2468  NP_417200.1      98.56%    failed      1.52%
2469  NP_417201.1      95.43%    failed      0.00%
2470  NP_417202.1      97.54%    failed      0.00%
2471  NP_417203.1      95.12%    failed      0.00%
2472  NP_417204.1      98.37%    failed      0.04%
2473  NP_417205.1      98.77%    passed     29.70%
2474  NP_417206.1      99.07%    failed      0.20%
2475  NP_417207.1      97.67%    failed      0.01%
2476  NP_417208.1      99.28%    failed      1.54%
2477  NP_417209.1      97.01%    failed      0.00%
2478  NP_417210.2      97.30%    failed      0.00%
2479  NP_417211.1      94.44%    failed      0.00%
2480  NP_417212.1      99.06%    failed      0.06%
2481  NP_417213.1      93.15%    failed      0.00%
2482  NP_417214.1      98.25%    failed      0.40%
2483  NP_417215.2      97.95%    failed      0.00%
2484  NP_417216.1      97.58%    failed      0.00%
2485  NP_417217.1      96.89%    failed      0.00%
2486  NP_417218.1      98.30%    failed      0.00%
2487  NP_417219.1      97.93%    failed      0.00%
2488  NP_417220.1      96.36%    failed      0.00%
2489  NP_417221.1      97.35%    failed      0.00%
2490  NP_417222.1      96.96%    failed      0.00%
2491  NP_417223.1      98.33%    failed      0.00%
2492  NP_417224.1      97.97%    failed      0.00%
2493  NP_417225.1      97.20%    failed      0.00%
2494  NP_417226.1      98.72%    failed      0.00%
2495  NP_417227.1      98.11%    failed      0.00%
2496  NP_417228.1      99.17%    failed      0.95%
2497  NP_417229.1      99.14%    failed      0.05%
2498  NP_417230.1      98.39%    failed      0.00%
2499  NP_417231.1      96.19%    failed      0.00%
2500  NP_417232.1      97.58%    failed      0.98%
2501  NP_417233.1      97.23%    failed      0.00%
2502  NP_417234.2      99.25%    failed      0.21%
2503  NP_417235.1      97.55%    failed      0.00%
2504  NP_417236.1      98.40%    failed      0.84%
2505  NP_417237.2      98.20%    failed      0.00%
2506  NP_417238.1      97.09%    failed      0.00%
2507  NP_417239.1      98.72%    failed      0.08%
2508  NP_417240.1      95.97%    failed      0.00%
2509  NP_417241.1      92.87%    failed      0.00%
2510  NP_417242.1      98.04%    failed      0.00%
2511  NP_417243.1      95.42%    failed      0.00%
2512  NP_417244.1      95.19%    failed      0.00%
2513  NP_417245.1      99.03%    passed     38.08%
2514  NP_417246.4      96.60%    failed      0.00%
2515  NP_417247.2      99.31%    passed     29.28%
2516  NP_417248.1      98.47%    failed      0.01%
2517  NP_417249.4      97.70%    failed      0.00%
2518  NP_417250.4      97.92%    failed      0.00%
2519  NP_417251.2      96.43%    failed      0.00%
2520  NP_417254.4      97.90%    failed      0.00%
2521  NP_417255.1      96.59%    failed      0.00%
2522  NP_417256.1      96.05%    failed      0.00%
2523  NP_417257.1      98.21%    failed      4.01%
2524  NP_417258.4      97.67%    failed      0.00%
2525  NP_417259.1      96.53%    failed      0.00%
2526  NP_417260.1      95.62%    failed      0.00%
2527  NP_417261.1      97.89%    failed      0.00%
2528  NP_417262.1      99.11%    passed     34.84%
2529  NP_417263.1      99.34%    failed      3.71%
2530  NP_417264.1      94.03%    failed      0.00%
2531  NP_417265.1      96.52%    failed      0.00%
2532  NP_417266.1      92.63%    failed      0.00%
2533  NP_417267.1      96.42%    failed      0.00%
2534  NP_417268.1      96.42%    failed      0.00%
2535  NP_417269.1      96.39%    failed      0.00%
2536  NP_417270.1      98.80%    failed      0.39%
2537  NP_417271.1      97.91%    failed      0.00%
2538  NP_417272.1      99.12%    failed      0.01%
2539  NP_417273.1      98.55%    failed      0.73%
2540  NP_417274.1      97.74%    failed      0.00%
2541  NP_417275.1      96.36%    failed      0.00%
2542  NP_417276.1      96.56%    failed      0.00%
2543  NP_417277.1      96.35%    failed      0.00%
2544  NP_417278.4      97.99%    failed      0.10%
2545  NP_417279.2      96.93%    failed      0.00%
2546  NP_417280.1      98.27%    failed      0.04%
2547  NP_417281.1      96.48%    failed      0.00%
2548  NP_417282.1      95.26%    failed      0.00%
2549  NP_417283.2      96.21%    failed      0.00%
2550  NP_417284.1      98.88%    failed      0.29%
2551  NP_417285.1      98.05%    failed      0.00%
2552  NP_417286.1      97.06%    failed      0.19%
2553  NP_417287.1      98.95%    failed      0.00%
2554  NP_417288.1      97.55%    failed      0.00%
2555  NP_417289.2      99.40%    passed     21.29%
2556  NP_417290.1      96.78%    failed      0.00%
2557  NP_417291.1      98.82%    failed      0.00%
2558  NP_417292.1      97.85%    failed      0.00%
2559  NP_417293.1      97.07%    failed      0.00%
2560  NP_417294.4      96.65%    failed      0.00%
2561  NP_417295.1      96.44%    failed      0.00%
2562  NP_417296.1      95.12%    failed      0.00%
2563  NP_417297.1      90.53%    failed      0.00%
2564  NP_417298.1      92.28%    failed      0.00%
2565  NP_417299.1      90.99%    failed      0.00%
2566  NP_417300.1      99.14%    failed      0.07%
2567  NP_417301.4      98.92%    failed      0.01%
2568  NP_417302.1      98.50%    failed      0.41%
2569  NP_417303.1      98.75%    failed      0.75%
2570  NP_417304.1      97.88%    passed     13.16%
2571  NP_417305.1      97.66%    failed      0.00%
2572  NP_417306.1      94.00%    failed      0.00%
2573  NP_417307.1      98.59%    failed      1.70%
2574  NP_417308.1      98.16%    failed      0.00%
2575  NP_417309.1      98.10%    failed      0.00%
2576  NP_417310.1      99.42%    passed     12.49%
2577  NP_417311.1      97.22%    failed      0.00%
2578  NP_417312.1      96.81%    failed      0.00%
2579  NP_417313.1      94.23%    failed      0.00%
2580  NP_417314.1      97.25%    failed      0.00%
2581  NP_417315.1      96.63%    failed      0.00%
2582  NP_417316.1      97.50%    failed      0.00%
2583  NP_417317.1      98.15%    failed      0.00%
2584  NP_417318.1      96.21%    failed      0.00%
2585  NP_417319.1      97.97%    failed      0.00%
2586  NP_417320.1      97.77%    failed      0.31%
2587  NP_417321.2      96.85%    failed      0.00%
2588  NP_417322.1      96.72%    failed      0.00%
2589  NP_417323.2      98.31%    passed      5.37%
2590  NP_417324.1      97.84%    failed      0.61%
2591  NP_417325.4      98.72%    failed      4.71%
2592  NP_417326.2      98.87%    failed      0.00%
2593  NP_417328.1      98.69%    failed      0.01%
2594  NP_417329.1      96.32%    failed      0.00%
2595  NP_417330.1      99.42%    failed      3.52%
2596  NP_417337.1      97.58%    failed      0.00%
2597  NP_417338.3      99.03%    failed      0.02%
2598  NP_417341.4      97.99%    failed      0.00%
2599  NP_417342.1      93.96%    failed      0.00%
2600  NP_417343.1      97.66%    failed      0.00%
2601  NP_417344.1      98.72%    failed      0.02%
2602  NP_417345.1      95.25%    failed      0.00%
2603  NP_417347.1      96.81%    failed      0.00%
2604  NP_417348.1      96.76%    failed      0.00%
2605  NP_417349.4      96.30%    failed      0.00%
2606  NP_417350.1      97.51%    failed      0.00%
2607  NP_417351.1      95.66%    failed      0.00%
2608  NP_417352.2      97.94%    failed      0.26%
2609  NP_417353.1      98.46%    failed      0.94%
2610  NP_417354.1      91.72%    failed      0.00%
2611  NP_417355.4      96.45%    failed      0.00%
2612  NP_417356.1      97.92%    failed      0.00%
2613  NP_417357.1      92.33%    failed      0.00%
2614  NP_417358.2      96.26%    failed      0.00%
2615  NP_417359.1      96.48%    failed      0.01%
2616  NP_417362.4      98.70%    failed      0.00%
2617  NP_417363.2      94.87%    failed      0.00%
2618  NP_417364.2      96.13%    failed      0.00%
2619  NP_417365.1      98.54%    passed     17.83%
2620  NP_417366.1      95.95%    failed      0.00%
2621  NP_417367.1      97.07%    failed      0.00%
2622  NP_417368.1      95.37%    failed      0.00%
2623  NP_417369.1      98.11%    failed      0.00%
2624  NP_417370.1      97.61%    failed      0.00%
2625  NP_417371.1      98.61%    failed      0.05%
2626  NP_417372.1      98.92%    failed      0.00%
2627  NP_417373.1      99.29%    failed      3.18%
2628  NP_417374.1      97.38%    failed      0.00%
2629  NP_417375.1      98.24%    failed      0.00%
2630  NP_417376.1      99.17%    failed      0.51%
2631  NP_417377.1      96.15%    failed      0.00%
2632  NP_417378.1      98.02%    failed      0.00%
2633  NP_417379.1      92.32%    failed      0.00%
2634  NP_417380.1      98.96%    failed      0.00%
2635  NP_417381.1      97.08%    failed      0.00%
2636  NP_417382.1      96.79%    failed      0.00%
2637  NP_417383.1      96.85%    failed      0.00%
2638  NP_417384.1      96.46%    failed      0.00%
2639  NP_417385.4      98.46%    failed      0.00%
2640  NP_417386.1      99.12%    failed      0.02%
2641  NP_417387.3      98.54%    failed      0.11%
2642  NP_417388.1      96.71%    failed      0.00%
2643  NP_417389.1      98.24%    failed      0.00%
2644  NP_417391.1      97.62%    failed      0.00%
2645  NP_417392.1      94.27%    failed      0.00%
2646  NP_417393.1      97.34%    failed      0.00%
2647  NP_417394.4      97.90%    failed      0.12%
2648  NP_417395.1      96.05%    failed      0.00%
2649  NP_417396.4      97.61%    failed      0.01%
2650  NP_417397.1      98.03%    failed      0.00%
2651  NP_417398.1      98.31%    failed      0.00%
2652  NP_417399.1      97.70%    failed      0.00%
2653  NP_417400.1      97.12%    failed      0.00%
2654  NP_417401.1      96.89%    failed      0.00%
2655  NP_417402.1      97.28%    failed      0.00%
2656  NP_417403.1      98.10%    failed      0.61%
2657  NP_417404.1      98.64%    failed      0.01%
2658  NP_417405.1      97.42%    failed      0.00%
2659  NP_417408.1      96.29%    failed      0.00%
2660  NP_417409.1      98.82%    failed      0.01%
2661  NP_417411.2      97.98%    failed      0.00%
2662  NP_417412.1      97.54%    failed      0.00%
2663  NP_417413.1      94.72%    failed      0.00%
2664  NP_417414.2      99.65%    passed     58.43%
2665  NP_417415.1      99.43%    failed      2.18%
2666  NP_417417.1      96.92%    failed      0.00%
2667  NP_417418.1      96.28%    failed      0.00%
2668  NP_417419.1      98.68%    failed      0.04%
2669  NP_417420.1      98.11%    failed      0.12%
2670  NP_417421.4      98.05%    failed      0.00%
2671  NP_417422.1      97.46%    failed      0.00%
2672  NP_417423.4      98.50%    failed      0.23%
2673  NP_417424.1      98.89%    failed      2.08%
2674  NP_417425.2      97.38%    failed      0.00%
2675  NP_417426.1      98.12%    failed      0.00%
2676  NP_417427.1      98.49%    failed      0.00%
2677  NP_417428.2      99.23%    failed      1.22%
2678  NP_417429.1      98.42%    failed      0.00%
2679  NP_417430.1      96.97%    failed      0.00%
2680  NP_417431.1      97.31%    failed      0.00%
2681  NP_417432.1      97.21%    failed      0.00%
2682  NP_417433.1      98.08%    failed      0.00%
2683  NP_417434.4      99.13%    failed      3.62%
2684  NP_417435.1      98.08%    failed      0.04%
2685  NP_417436.1      97.19%    failed      0.00%
2686  NP_417437.1      99.27%    failed      3.04%
2687  NP_417438.2      97.12%    failed      0.00%
2688  NP_417439.4      96.64%    failed      0.00%
2689  NP_417440.4      94.29%    failed      0.00%
2690  NP_417441.1      98.11%    failed      0.00%
2691  NP_417442.1      98.57%    failed      0.11%
2692  NP_417445.1      98.91%    failed      0.00%
2693  NP_417446.4      97.84%    failed      0.00%
2694  NP_417449.1      95.50%    failed      0.00%
2695  NP_417450.1      94.20%    failed      0.00%
2696  NP_417451.1      98.92%    failed      0.00%
2697  NP_417453.1      95.99%    failed      0.00%
2698  NP_417454.1      97.96%    failed      0.00%
2699  NP_417456.2      97.38%    failed      0.03%
2700  NP_417458.1      97.98%    failed      0.00%
2701  NP_417459.1      98.10%    failed      0.04%
2702  NP_417460.1      98.15%    failed      0.01%
2703  NP_417461.1      95.99%    failed      0.00%
2704  NP_417462.1      95.03%    failed      0.00%
2705  NP_417463.4      97.69%    failed      0.18%
2706  NP_417464.1      99.34%    failed      2.53%
2707  NP_417465.1      99.09%    failed      0.14%
2708  NP_417466.1      98.70%    failed      2.08%
2709  NP_417467.1      98.68%    failed      0.00%
2710  NP_417468.1      95.45%    failed      0.00%
2711  NP_417469.1      96.85%    failed      0.00%
2712  NP_417470.1      97.37%    failed      0.00%
2713  NP_417471.1      97.01%    failed      0.00%
2714  NP_417472.1      99.24%    passed     17.38%
2715  NP_417474.1      97.22%    failed      0.00%
2716  NP_417475.1      98.68%    failed      0.00%
2717  NP_417476.1      97.64%    failed      0.00%
2718  NP_417478.1      98.87%    failed      0.03%
2719  NP_417479.1      98.04%    failed      0.00%
2720  NP_417481.1      96.83%    failed      0.00%
2721  NP_417482.1      98.24%    failed      0.00%
2722  NP_417483.2      97.45%    failed      0.00%
2723  NP_417484.1      96.89%    failed      0.00%
2724  NP_417485.4      97.79%    failed      0.01%
2725  NP_417487.1      99.32%    failed      3.30%
2726  NP_417489.1      96.23%    failed      0.00%
2727  NP_417490.1      98.03%    failed      1.07%
2728  NP_417491.1      93.96%    failed      0.00%
2729  NP_417492.1      95.71%    failed      0.00%
2730  NP_417493.1      98.95%    passed     12.59%
2731  NP_417494.1      99.21%    passed     20.49%
2732  NP_417496.1      98.96%    failed      0.28%
2733  NP_417497.1      98.24%    failed      0.00%
2734  NP_417498.1      96.40%    failed      0.00%
2735  NP_417499.1      99.12%    failed      0.02%
2736  NP_417500.1      98.45%    passed      6.49%
2737  NP_417501.1      99.17%    passed     21.55%
2738  NP_417502.1      94.94%    failed      0.00%
2739  NP_417503.1      98.45%    failed      0.04%
2740  NP_417504.1      97.79%    failed      0.00%
2741  NP_417505.1      98.88%    passed     31.52%
2742  NP_417506.1      98.32%    failed      0.00%
2743  NP_417507.2      96.04%    failed      0.00%
2744  NP_417509.3      98.21%    failed      0.00%
2745  NP_417510.1      96.90%    failed      0.00%
2746  NP_417511.3      97.82%    failed      0.00%
2747  NP_417512.1      97.94%    failed      0.00%
2748  NP_417513.1      98.26%    failed      0.00%
2749  NP_417514.4      99.23%    failed      0.00%
2750  NP_417515.1      98.53%    failed      0.01%
2751  NP_417516.3      99.03%    failed      0.02%
2752  NP_417517.1      97.58%    failed      0.00%
2753  NP_417519.4      98.00%    failed      0.33%
2754  NP_417520.1      97.16%    failed      0.00%
2755  NP_417521.1      99.47%    passed     43.28%
2756  NP_417522.1      98.32%    failed      0.00%
2757  NP_417523.1      95.56%    failed      0.00%
2758  NP_417524.1      96.17%    failed      0.00%
2759  NP_417525.1      92.41%    failed      0.00%
2760  NP_417526.1      96.52%    failed      0.00%
2761  NP_417527.1      98.35%    failed      0.00%
2762  NP_417528.1      96.69%    failed      0.00%
2763  NP_417529.1      97.81%    failed      0.00%
2764  NP_417530.2      99.02%    failed      0.04%
2765  NP_417531.1      98.35%    failed      0.00%
2766  NP_417532.1      97.51%    failed      0.02%
2767  NP_417533.1      97.57%    failed      0.00%
2768  NP_417534.1      98.39%    failed      0.03%
2769  NP_417535.1      96.09%    failed      0.00%
2770  NP_417536.1      97.29%    failed      0.00%
2771  NP_417537.1      99.43%    failed      0.00%
2772  NP_417538.1      95.34%    failed      0.00%
2773  NP_417539.1      95.08%    failed      0.00%
2774  NP_417540.1      98.65%    failed      0.22%
2775  NP_417541.1      97.96%    failed      0.01%
2776  NP_417542.1      98.34%    failed      0.00%
2777  NP_417543.1      95.94%    failed      0.00%
2778  NP_417544.5      96.32%    failed      0.00%
2779  NP_417545.1      99.12%    failed      0.03%
2780  NP_417546.1      97.37%    failed      0.00%
2781  NP_417548.1      98.80%    failed      1.44%
2782  NP_417550.1      97.14%    failed      0.00%
2783  NP_417551.1      93.71%    failed      0.00%
2784  NP_417552.1      94.61%    failed      0.00%
2785  NP_417553.1      98.89%    failed      0.01%
2786  NP_417554.1      99.17%    failed      0.64%
2787  NP_417555.4      96.97%    failed      0.00%
2788  NP_417556.2      98.66%    failed      0.55%
2789  NP_417557.1      98.15%    failed      0.00%
2790  NP_417558.2      97.37%    failed      0.00%
2791  NP_417560.1      96.68%    failed      0.00%
2792  NP_417561.1      98.53%    failed      0.03%
2793  NP_417562.1      96.03%    failed      0.00%
2794  NP_417563.1      96.23%    failed      0.00%
2795  NP_417564.2      96.53%    failed      0.00%
2796  NP_417565.2      97.93%    failed      0.09%
2797  NP_417566.1      98.23%    failed      0.00%
2798  NP_417567.1      98.98%    failed      0.32%
2799  NP_417568.2      99.02%    failed      0.00%
2800  NP_417569.1      99.19%    failed      0.00%
2801  NP_417570.1      98.92%    failed      0.00%
2802  NP_417571.1      99.21%    failed      0.00%
2803  NP_417572.2      98.96%    failed      0.00%
2804  NP_417573.1      97.37%    failed      0.47%
2805  NP_417574.1      99.03%    failed      0.26%
2806  NP_417575.1      99.05%    failed      0.08%
2807  NP_417576.1      97.61%    failed      0.00%
2808  NP_417577.1      98.13%    failed      0.00%
2809  NP_417578.2      99.57%    failed      0.04%
2810  NP_417583.4      98.96%    failed      0.81%
2811  NP_417585.2      96.77%    failed      0.00%
2812  NP_417586.1      96.44%    failed      0.00%
2813  NP_417587.1      97.36%    failed      0.00%
2814  NP_417588.1      97.50%    failed      0.00%
2815  NP_417589.4      99.42%    failed      0.14%
2816  NP_417590.2      98.56%    failed      1.52%
2817  NP_417591.1      96.83%    failed      0.00%
2818  NP_417593.4      96.94%    failed      0.00%
2819  NP_417594.3      97.64%    failed      0.00%
2820  NP_417595.1      97.94%    failed      0.00%
2821  NP_417596.1      96.44%    failed      0.00%
2822  NP_417597.1      95.80%    failed      0.00%
2823  NP_417598.1      99.11%    passed     29.10%
2824  NP_417599.1      98.76%    passed      7.94%
2825  NP_417600.1      97.84%    failed      0.00%
2826  NP_417601.1      96.58%    failed      0.00%
2827  NP_417602.4      98.74%    failed      0.00%
2828  NP_417605.1      96.92%    failed      0.00%
2829  NP_417606.1      97.70%    failed      0.00%
2830  NP_417607.1      98.73%    failed      0.00%
2831  NP_417608.1      97.86%    failed      0.00%
2832  NP_417609.1      97.89%    failed      0.00%
2833  NP_417610.1      97.99%    failed      0.00%
2834  NP_417611.1      98.44%    failed      0.00%
2835  NP_417612.1      98.15%    failed      0.03%
2836  NP_417613.1      93.27%    failed      0.00%
2837  NP_417614.1      97.09%    failed      0.00%
2838  NP_417615.1      97.70%    failed      0.00%
2839  NP_417616.1      94.56%    failed      0.00%
2840  NP_417617.1      98.95%    failed      0.64%
2841  NP_417618.1      98.43%    failed      0.00%
2842  NP_417619.1      98.47%    failed      0.00%
2843  NP_417620.1      97.22%    failed      0.00%
2844  NP_417621.2      98.31%    failed      0.03%
2845  NP_417622.2      98.62%    failed      0.01%
2846  NP_417623.1      98.82%    passed      7.64%
2847  NP_417624.1      99.20%    failed      0.82%
2848  NP_417625.1      98.66%    failed      0.00%
2849  NP_417626.1      98.60%    failed      0.00%
2850  NP_417627.1      97.34%    failed      0.00%
2851  NP_417628.2      97.66%    failed      0.00%
2852  NP_417629.1      97.31%    failed      0.00%
2853  NP_417630.1      96.68%    failed      0.00%
2854  NP_417631.2      94.95%    failed      0.00%
2855  NP_417632.1      97.64%    failed      0.00%
2856  NP_417633.4      94.29%    failed      0.00%
2857  NP_417634.1      99.29%    failed      0.69%
2858  NP_417635.1      97.48%    failed      0.00%
2859  NP_417636.1      98.93%    failed      0.78%
2860  NP_417637.1      92.86%    failed      0.00%
2861  NP_417638.1      96.03%    failed      0.00%
2862  NP_417639.6      98.80%    failed      0.15%
2863  NP_417640.1      96.41%    failed      0.00%
2864  NP_417641.4      95.66%    failed      0.00%
2865  NP_417642.1      99.12%    failed      0.01%
2866  NP_417643.1      96.43%    failed      0.00%
2867  NP_417644.4      97.74%    failed      0.00%
2868  NP_417645.1      94.83%    failed      0.00%
2869  NP_417646.1      98.32%    failed      0.00%
2870  NP_417647.1      99.22%    failed      0.02%
2871  NP_417648.4      98.73%    failed      0.00%
2872  NP_417649.1      96.17%    failed      0.00%
2873  NP_417650.1      96.87%    failed      0.00%
2874  NP_417651.1      97.42%    failed      0.00%
2875  NP_417652.1      99.32%    failed      0.01%
2876  NP_417653.1      99.17%    failed      0.01%
2877  NP_417654.1      97.41%    failed      0.00%
2878  NP_417655.1      99.26%    passed     26.04%
2879  NP_417656.1      96.64%    failed      0.00%
2880  NP_417657.2      99.33%    passed     75.21%
2881  NP_417658.4      99.22%    failed      0.02%
2882  NP_417659.1      98.31%    failed      0.00%
2883  NP_417660.1      98.53%    failed      0.00%
2884  NP_417661.1      97.91%    failed      0.00%
2885  NP_417662.1      97.84%    failed      0.00%
2886  NP_417663.1      97.39%    failed      0.00%
2887  NP_417664.1      97.37%    failed      0.00%
2888  NP_417665.1      98.49%    failed      0.00%
2889  NP_417666.1      98.47%    failed      0.04%
2890  NP_417667.1      98.51%    failed      0.00%
2891  NP_417668.1      98.07%    failed      0.00%
2892  NP_417669.1      96.17%    failed      0.00%
2893  NP_417670.1      99.24%    passed      5.13%
2894  NP_417671.1      98.69%    failed      0.02%
2895  NP_417672.1      97.72%    failed      0.00%
2896  NP_417673.1      99.28%    failed      0.18%
2897  NP_417674.1      98.31%    failed      0.16%
2898  NP_417675.1      98.06%    failed      0.00%
2899  NP_417676.2      98.26%    failed      0.00%
2900  NP_417678.1      97.52%    failed      0.00%
2901  NP_417679.2      88.07%    failed      0.00%
2902  NP_417680.1      96.21%    failed      0.00%
2903  NP_417681.1      97.96%    failed      0.00%
2904  NP_417682.1      98.20%    failed      0.00%
2905  NP_417683.1      93.63%    failed      0.00%
2906  NP_417685.2      97.38%    failed      0.03%
2907  NP_417686.1      98.09%    failed      0.00%
2908  NP_417687.1      96.99%    failed      0.00%
2909  NP_417688.1      98.76%    failed      1.59%
2910  NP_417689.4      97.66%    failed      0.00%
2911  NP_417690.1      98.16%    failed      0.00%
2912  NP_417691.4      96.02%    failed      0.00%
2913  NP_417692.1      97.62%    failed      0.00%
2914  NP_417693.3      97.89%    failed      0.00%
2915  NP_417694.1      96.35%    failed      0.00%
2916  NP_417695.1      98.68%    failed      0.00%
2917  NP_417696.1      98.30%    failed      0.04%
2918  NP_417697.1      98.96%    failed      0.00%
2919  NP_417698.1      98.86%    failed      0.07%
2920  NP_417699.1      96.99%    failed      0.00%
2921  NP_417700.2      98.94%    failed      0.03%
2922  NP_417701.1      96.35%    failed      0.00%
2923  NP_417702.1      97.15%    failed      0.00%
2924  NP_417703.1      97.50%    failed      0.00%
2925  NP_417704.1      98.75%    failed      0.10%
2926  NP_417705.2      99.30%    failed      0.04%
2927  NP_417706.1      99.28%    failed      0.04%
2928  NP_417707.1      94.74%    failed      0.00%
2929  NP_417708.1      97.51%    failed      0.00%
2930  NP_417709.2      99.46%    failed      0.00%
2931  NP_417710.1      97.52%    failed      0.00%
2932  NP_417711.1      96.14%    failed      0.00%
2933  NP_417713.2      96.07%    failed      0.00%
2934  NP_417714.1      98.42%    failed      0.00%
2935  NP_417715.1      98.70%    failed      0.00%
2936  NP_417716.1      97.05%    failed      0.00%
2937  NP_417717.2      97.21%    failed      0.00%
2938  NP_417718.1      94.81%    failed      0.00%
2939  NP_417719.1      97.40%    failed      0.00%
2940  NP_417721.1      98.75%    failed      0.00%
2941  NP_417722.1      96.40%    failed      0.00%
2942  NP_417723.1      99.36%    failed      2.00%
2943  NP_417724.4      96.12%    failed      0.00%
2944  NP_417725.1      97.65%    failed      0.00%
2945  NP_417726.1      97.42%    failed      0.00%
2946  NP_417727.1      99.21%    failed      0.29%
2947  NP_417728.4      97.64%    failed      0.13%
2948  NP_417729.1      99.53%    passed     13.00%
2949  NP_417730.1      98.23%    failed      0.01%
2950  NP_417731.1      96.91%    failed      0.00%
2951  NP_417732.1      91.70%    failed      0.00%
2952  NP_417733.1      99.41%    failed      0.74%
2953  NP_417736.2      97.05%    failed      0.00%
2954  NP_417737.1      97.98%    failed      1.05%
2955  NP_417738.4      98.52%    failed      0.00%
2956  NP_417739.1      99.32%    passed     21.57%
2957  NP_417740.1      97.82%    failed      0.00%
2958  NP_417741.1      98.47%    failed      0.00%
2959  NP_417743.1      98.74%    failed      0.00%
2960  NP_417745.1      98.64%    failed      0.00%
2961  NP_417746.1      97.47%    failed      0.00%
2962  NP_417747.1      96.56%    failed      0.00%
2963  NP_417748.1      96.32%    failed      0.00%
2964  NP_417749.1      98.91%    failed      0.00%
2965  NP_417751.1      98.87%    failed      0.03%
2966  NP_417752.1      99.02%    failed      0.00%
2967  NP_417753.1      98.98%    failed      0.00%
2968  NP_417754.1      97.36%    failed      0.00%
2969  NP_417755.1      98.35%    failed      0.00%
2970  NP_417756.1      98.96%    failed      0.01%
2971  NP_417757.1      99.05%    failed      0.01%
2972  NP_417758.1      99.69%    failed      1.44%
2973  NP_417759.1      96.44%    failed      0.00%
2974  NP_417760.1      98.84%    failed      0.00%
2975  NP_417761.1      99.53%    passed     11.06%
2976  NP_417762.1      98.66%    failed      0.00%
2977  NP_417763.1      99.06%    failed      0.00%
2978  NP_417764.1      98.58%    failed      0.00%
2979  NP_417765.1      98.96%    failed      0.38%
2980  NP_417766.1      99.19%    failed      0.06%
2981  NP_417767.1      98.56%    failed      0.09%
2982  NP_417768.1      99.17%    failed      0.00%
2983  NP_417769.1      99.01%    failed      0.05%
2984  NP_417770.1      99.33%    failed      0.40%
2985  NP_417771.1      99.49%    failed      0.01%
2986  NP_417772.1      98.91%    failed      0.00%
2987  NP_417773.1      98.13%    failed      0.00%
2988  NP_417774.1      99.12%    failed      0.00%
2989  NP_417775.1      99.26%    failed      2.09%
2990  NP_417776.1      97.81%    failed      0.00%
2991  NP_417777.1      99.20%    failed      0.00%
2992  NP_417778.1      98.39%    failed      0.00%
2993  NP_417779.1      98.32%    failed      0.00%
2994  NP_417780.1      99.17%    failed      0.26%
2995  NP_417781.1      98.88%    failed      0.03%
2996  NP_417782.1      96.07%    failed      0.00%
2997  NP_417783.1      97.82%    failed      0.00%
2998  NP_417784.4      94.78%    failed      0.00%
2999  NP_417785.1      96.04%    failed      0.00%
3000  NP_417786.1      96.81%    failed      0.00%
3001  NP_417787.1      98.84%    failed      0.15%
3002  NP_417788.1      98.64%    failed      0.01%
3003  NP_417789.4      99.00%    failed      0.00%
3004  NP_417790.1      98.43%    failed      0.00%
3005  NP_417791.1      97.37%    failed      0.00%
3006  NP_417792.2      96.89%    failed      0.00%
3007  NP_417793.2      98.77%    failed      0.28%
3008  NP_417794.1      98.19%    failed      0.00%
3009  NP_417795.1      98.73%    failed      0.00%
3010  NP_417796.1      99.49%    passed     56.68%
3011  NP_417797.1      92.80%    failed      0.00%
3012  NP_417798.1      96.84%    failed      0.00%
3013  NP_417799.1      94.35%    failed      0.00%
3014  NP_417800.1      98.56%    failed      0.00%
3015  NP_417801.1      99.00%    failed      0.00%
3016  NP_417802.1      99.24%    failed      0.17%
3017  NP_417803.1      99.04%    failed      0.00%
3018  NP_417804.1      98.97%    failed      0.00%
3019  NP_417805.4      98.07%    failed      0.01%
3020  NP_417806.1      97.83%    failed      0.00%
3021  NP_417807.1      99.42%    failed      0.07%
3022  NP_417808.1      98.43%    failed      0.00%
3023  NP_417809.1      95.18%    failed      0.00%
3024  NP_417810.1      98.52%    failed      0.18%
3025  NP_417811.1      94.89%    failed      0.00%
3026  NP_417812.1      97.27%    failed      0.22%
3027  NP_417813.1      99.42%    passed      5.75%
3028  NP_417814.1      97.68%    failed      0.48%
3029  NP_417815.1      98.92%    failed      0.47%
3030  NP_417816.1      98.31%    failed      0.37%
3031  NP_417817.2      94.38%    failed      0.00%
3032  NP_417818.1      96.74%    failed      0.00%
3033  NP_417819.1      98.50%    passed     10.30%
3034  NP_417820.1      98.39%    failed      0.03%
3035  NP_417821.1      99.56%    failed      0.30%
3036  NP_417822.1      98.47%    failed      0.01%
3037  NP_417823.1      96.85%    failed      0.00%
3038  NP_417824.1      93.20%    failed      0.00%
3039  NP_417825.1      99.13%    passed     18.60%
3040  NP_417827.1      96.33%    failed      0.00%
3041  NP_417828.1      99.56%    passed     53.57%
3042  NP_417829.2      96.43%    failed      0.00%
3043  NP_417830.4      97.27%    failed      0.05%
3044  NP_417833.1      97.90%    failed      0.00%
3045  NP_417834.6      98.05%    failed      1.11%
3046  NP_417835.1      97.10%    failed      0.00%
3047  NP_417836.1      96.52%    failed      0.00%
3048  NP_417837.2      99.06%    failed      0.00%
3049  NP_417838.1      97.66%    failed      0.21%
3050  NP_417839.1      96.72%    failed      0.00%
3051  NP_417840.1      96.89%    failed      0.00%
3052  NP_417841.2      99.04%    failed      0.00%
3053  NP_417843.1      97.32%    failed      0.04%
3054  NP_417844.1      97.98%    failed      0.00%
3055  NP_417845.1      98.19%    failed      0.00%
3056  NP_417846.1      97.77%    failed      0.01%
3057  NP_417847.1      96.56%    failed      0.00%
3058  NP_417848.1      97.09%    failed      0.00%
3059  NP_417850.1      96.69%    failed      0.00%
3060  NP_417851.4      98.92%    failed      0.13%
3061  NP_417852.1      98.83%    failed      0.00%
3062  NP_417853.1      98.56%    failed      0.00%
3063  NP_417854.4      97.92%    failed      0.00%
3064  NP_417855.4      93.18%    failed      0.00%
3065  NP_417856.1      98.51%    failed      0.00%
3066  NP_417857.1      94.29%    failed      0.00%
3067  NP_417858.4      98.22%    failed      0.09%
3068  NP_417859.1      98.93%    failed      0.00%
3069  NP_417860.2      97.66%    failed      0.00%
3070  NP_417861.1      95.39%    failed      0.00%
3071  NP_417862.1      95.67%    failed      0.00%
3072  NP_417863.1      96.39%    failed      0.00%
3073  NP_417864.1      98.08%    failed      0.00%
3074  NP_417866.4      93.79%    failed      0.00%
3075  NP_417867.1      99.40%    passed     24.35%
3076  NP_417868.1      93.79%    failed      0.00%
3077  NP_417869.1      99.37%    failed      4.36%
3078  NP_417870.1      97.66%    failed      0.00%
3079  NP_417871.1      97.94%    failed      0.00%
3080  NP_417872.2      98.18%    failed      0.00%
3081  NP_417873.1      98.47%    failed      0.81%
3082  NP_417875.1      94.43%    failed      0.00%
3083  NP_417877.1      92.77%    failed      0.00%
3084  NP_417879.1      96.72%    failed      0.01%
3085  NP_417880.1      95.73%    failed      0.00%
3086  NP_417883.1      99.13%    passed      5.90%
3087  NP_417884.1      95.98%    failed      0.00%
3088  NP_417886.1      93.46%    failed      0.00%
3089  NP_417887.1      96.17%    failed      0.00%
3090  NP_417888.1      96.54%    failed      0.00%
3091  NP_417889.1      94.73%    failed      0.00%
3092  NP_417890.1      94.16%    failed      0.00%
3093  NP_417891.1      97.05%    failed      0.00%
3094  NP_417892.1      98.42%    failed      0.00%
3095  NP_417894.2      98.60%    failed      2.85%
3096  NP_417896.1      98.15%    passed     11.21%
3097  NP_417897.1      97.23%    failed      0.00%
3098  NP_417898.1      98.70%    passed      6.63%
3099  NP_417899.1      96.85%    failed      0.00%
3100  NP_417901.1      99.27%    passed      6.49%
3101  NP_417902.1      98.66%    failed      3.04%
3102  NP_417903.1      99.25%    passed      8.82%
3103  NP_417904.1      95.34%    failed      0.00%
3104  NP_417905.1      98.83%    failed      0.00%
3105  NP_417906.1      98.02%    failed      0.00%
3106  NP_417907.2      97.14%    failed      0.00%
3107  NP_417908.1      97.74%    failed      0.00%
3108  NP_417909.1      97.63%    failed      0.00%
3109  NP_417910.1      96.48%    failed      0.00%
3110  NP_417911.4      98.10%    failed      0.00%
3111  NP_417912.1      97.95%    failed      0.00%
3112  NP_417913.1      96.59%    failed      0.00%
3113  NP_417914.1      97.53%    failed      0.00%
3114  NP_417915.1      97.04%    failed      0.00%
3115  NP_417916.1      98.98%    passed      7.05%
3116  NP_417918.1      97.72%    failed      0.00%
3117  NP_417919.1      97.17%    failed      0.00%
3118  NP_417920.1      98.22%    failed      0.00%
3119  NP_417921.1      96.01%    failed      0.00%
3120  NP_417922.1      98.41%    failed      0.05%
3121  NP_417923.1      99.29%    failed      0.01%
3122  NP_417924.1      99.04%    passed      5.65%
3123  NP_417925.1      98.33%    failed      0.00%
3124  NP_417926.1      94.12%    failed      0.00%
3125  NP_417927.1      99.35%    passed     14.11%
3126  NP_417928.1      98.23%    failed      0.00%
3127  NP_417929.4      98.51%    failed      0.00%
3128  NP_417930.2      96.75%    failed      0.00%
3129  NP_417931.4      97.20%    failed      0.00%
3130  NP_417932.1      98.43%    failed      0.23%
3131  NP_417933.1      95.79%    failed      0.00%
3132  NP_417934.1      97.48%    failed      0.00%
3133  NP_417935.1      97.78%    failed      0.00%
3134  NP_417936.1      97.96%    failed      0.00%
3135  NP_417937.1      97.85%    failed      0.00%
3136  NP_417938.1      98.93%    failed      0.01%
3137  NP_417940.2      98.98%    failed      0.95%
3138  NP_417941.1      96.97%    failed      0.00%
3139  NP_417942.6      97.00%    failed      0.00%
3140  NP_417944.1      97.15%    failed      0.00%
3141  NP_417945.1      95.67%    failed      0.00%
3142  NP_417948.4      97.19%    failed      0.00%
3143  NP_417949.1      96.79%    failed      0.00%
3144  NP_417950.1      95.99%    failed      0.00%
3145  NP_417951.1      99.11%    failed      1.55%
3146  NP_417952.1      98.84%    failed      0.30%
3147  NP_417953.1      96.07%    failed      0.00%
3148  NP_417954.1      97.99%    failed      0.00%
3149  NP_417955.1      94.54%    failed      0.00%
3150  NP_417956.1      97.75%    failed      0.00%
3151  NP_417957.1      96.39%    failed      0.00%
3152  NP_417958.1      99.06%    failed      0.07%
3153  NP_417959.4      96.56%    failed      0.00%
3154  NP_417960.1      98.87%    failed      0.57%
3155  NP_417962.2      97.38%    failed      0.03%
3156  NP_417963.4      98.49%    failed      0.29%
3157  NP_417964.1      98.59%    failed      0.01%
3158  NP_417965.1      98.27%    failed      0.00%
3159  NP_417966.4      99.13%    passed      9.26%
3160  NP_417967.1      99.12%    failed      0.00%
3161  NP_417968.1      98.47%    failed      0.00%
3162  NP_417969.1      98.60%    failed      0.00%
3163  NP_417970.1      96.91%    failed      0.00%
3164  NP_417971.1      91.68%    failed      0.00%
3165  NP_417972.1      98.06%    failed      0.00%
3166  NP_417973.1      97.80%    failed      0.00%
3167  NP_417974.1      96.26%    failed      0.01%
3168  NP_417975.1      96.27%    failed      0.00%
3169  NP_417976.1      95.59%    failed      0.00%
3170  NP_417977.1      98.39%    failed      2.64%
3171  NP_417978.2      97.60%    failed      0.00%
3172  NP_417979.1      97.29%    failed      0.00%
3173  NP_417980.1      96.47%    failed      0.00%
3174  NP_417981.2      94.49%    failed      0.00%
3175  NP_417982.2      97.95%    failed      0.00%
3176  NP_417983.2      97.52%    failed      0.00%
3177  NP_417984.1      96.00%    failed      0.00%
3178  NP_417985.1      96.56%    failed      0.00%
3179  NP_417986.4      94.69%    failed      0.00%
3180  NP_417988.1      97.05%    failed      0.00%
3181  NP_417989.1      93.75%    failed      0.00%
3182  NP_417990.4      93.00%    failed      0.00%
3183  NP_417992.1      99.50%    failed      2.56%
3184  NP_417993.1      95.80%    failed      0.00%
3185  NP_417994.2      99.49%    failed      1.33%
3186  NP_417995.1      95.51%    failed      0.00%
3187  NP_417996.1      96.60%    failed      0.00%
3188  NP_417997.1      97.32%    failed      0.00%
3189  NP_417998.1      97.37%    failed      0.00%
3190  NP_417999.1      97.59%    failed      0.00%
3191  NP_418000.1      97.28%    failed      0.00%
3192  NP_418001.1      95.71%    failed      0.00%
3193  NP_418002.2      95.48%    failed      0.00%
3194  NP_418003.1      96.77%    failed      0.00%
3195  NP_418004.4      98.14%    failed      0.00%
3196  NP_418005.1      98.50%    passed     82.02%
3197  NP_418006.1      98.83%    passed     34.35%
3198  NP_418007.3      93.76%    failed      0.00%
3199  NP_418009.2      97.40%    failed      0.00%
3200  NP_418010.2      98.11%    failed      0.00%
3201  NP_418011.1      99.23%    failed      2.08%
3202  NP_418012.1      99.44%    failed      1.05%
3203  NP_418014.1      98.61%    failed      0.00%
3204  NP_418015.1      97.73%    failed      0.00%
3205  NP_418016.1      94.47%    failed      0.00%
3206  NP_418017.1      97.57%    failed      0.15%
3207  NP_418018.1      97.34%    failed      0.00%
3208  NP_418019.4      98.84%    failed      0.16%
3209  NP_418020.2      99.09%    failed      0.01%
3210  NP_418021.1      96.11%    failed      0.00%
3211  NP_418022.1      96.47%    failed      0.00%
3212  NP_418023.1      97.35%    failed      0.00%
3213  NP_418024.1      95.88%    failed      0.00%
3214  NP_418025.1      96.85%    failed      0.00%
3215  NP_418026.1      96.85%    failed      0.00%
3216  NP_418028.1      94.57%    failed      0.00%
3217  NP_418030.1      98.74%    failed      0.00%
3218  NP_418031.1      97.74%    failed      0.00%
3219  NP_418032.1      97.33%    failed      0.00%
3220  NP_418033.1      98.76%    failed      0.85%
3221  NP_418034.1      98.74%    failed      0.00%
3222  NP_418036.1      97.37%    failed      0.00%
3223  NP_418037.1      96.00%    failed      0.00%
3224  NP_418038.1      98.23%    failed      0.00%
3225  NP_418039.2      97.70%    failed      0.02%
3226  NP_418040.1      98.15%    failed      0.13%
3227  NP_418041.1      98.03%    failed      0.00%
3228  NP_418042.1      97.40%    failed      0.05%
3229  NP_418043.1      96.97%    failed      0.00%
3230  NP_418044.1      99.14%    passed      5.04%
3231  NP_418045.4      95.89%    failed      0.00%
3232  NP_418047.1      95.07%    failed      0.00%
3233  NP_418048.1      96.28%    failed      0.00%
3234  NP_418049.1      98.38%    failed      0.00%
3235  NP_418050.1      88.95%    failed      0.00%
3236  NP_418051.1      97.75%    failed      0.00%
3237  NP_418053.1      98.77%    failed      0.14%
3238  NP_418054.1      96.97%    failed      0.00%
3239  NP_418055.1      99.04%    passed      6.71%
3240  NP_418056.1      94.89%    failed      0.00%
3241  NP_418057.1      96.93%    failed      0.00%
3242  NP_418058.1      98.43%    failed      0.00%
3243  NP_418059.1      99.04%    failed      0.00%
3244  NP_418060.1      95.58%    failed      0.00%
3245  NP_418061.1      97.93%    failed      0.00%
3246  NP_418062.1      96.82%    failed      0.00%
3247  NP_418063.1      98.74%    passed      5.65%
3248  NP_418064.1      97.81%    failed      0.00%
3249  NP_418065.1      97.28%    failed      0.00%
3250  NP_418066.1      98.76%    passed      7.71%
3251  NP_418067.1      99.33%    passed     64.09%
3252  NP_418068.1      98.85%    failed      0.10%
3253  NP_418069.1      95.87%    failed      0.00%
3254  NP_418070.6      96.64%    failed      0.00%
3255  NP_418071.4      97.44%    failed      0.00%
3256  NP_418072.1      97.24%    failed      0.05%
3257  NP_418073.1      97.26%    failed      0.00%
3258  NP_418074.1      96.81%    failed      0.00%
3259  NP_418075.2      97.71%    failed      0.04%
3260  NP_418076.1      97.51%    failed      0.00%
3261  NP_418077.1      97.21%    failed      0.00%
3262  NP_418078.1      97.44%    failed      0.00%
3263  NP_418079.1      96.64%    failed      0.00%
3264  NP_418080.1      97.13%    failed      0.00%
3265  NP_418081.1      97.73%    failed      0.00%
3266  NP_418082.1      98.14%    failed      0.00%
3267  NP_418083.1      97.29%    failed      0.00%
3268  NP_418084.1      97.28%    failed      0.00%
3269  NP_418085.2      97.12%    failed      0.01%
3270  NP_418086.1      97.50%    failed      0.00%
3271  NP_418087.1      97.87%    failed      0.00%
3272  NP_418088.1      97.00%    failed      0.00%
3273  NP_418089.1      97.24%    failed      0.04%
3274  NP_418090.1      96.59%    failed      0.00%
3275  NP_418091.1      98.72%    failed      1.22%
3276  NP_418092.1      97.84%    failed      0.00%
3277  NP_418093.1      99.56%    failed      0.09%
3278  NP_418094.1      99.37%    failed      4.22%
3279  NP_418095.4      98.22%    failed      0.00%
3280  NP_418096.4      96.74%    failed      0.00%
3281  NP_418097.2      98.78%    failed      0.33%
3282  NP_418098.4      98.41%    failed      0.00%
3283  NP_418099.1      98.29%    failed      0.00%
3284  NP_418101.1      97.70%    failed      0.00%
3285  NP_418102.2      97.80%    failed      0.00%
3286  NP_418103.4      98.35%    failed      0.00%
3287  NP_418104.2      95.50%    failed      0.00%
3288  NP_418105.1      98.34%    failed      0.30%
3289  NP_418106.1      99.27%    failed      0.00%
3290  NP_418107.1      94.36%    failed      0.00%
3291  NP_418108.1      98.16%    failed      0.03%
3292  NP_418109.1      94.44%    failed      0.00%
3293  NP_418110.1      96.78%    failed      0.00%
3294  NP_418111.1      96.28%    failed      0.00%
3295  NP_418112.1      95.43%    failed      0.00%
3296  NP_418113.1      93.80%    failed      0.00%
3297  NP_418114.4      96.31%    failed      0.00%
3298  NP_418115.1      96.84%    failed      0.00%
3299  NP_418116.1      97.54%    failed      0.00%
3300  NP_418117.1      97.82%    failed      0.00%
3301  NP_418118.2      96.82%    failed      0.00%
3302  NP_418119.2      98.80%    failed      0.26%
3303  NP_418120.2      96.44%    failed      0.00%
3304  NP_418121.1      95.28%    failed      0.00%
3305  NP_418122.1      96.28%    failed      0.00%
3306  NP_418123.2      96.48%    failed      0.00%
3307  NP_418124.4      95.99%    failed      0.00%
3308  NP_418125.1      98.43%    failed      0.00%
3309  NP_418126.1      99.23%    passed     19.98%
3310  NP_418127.1      95.49%    failed      0.00%
3311  NP_418128.1      99.74%    failed      0.00%
3312  NP_418129.2      96.84%    failed      0.00%
3313  NP_418130.1      98.68%    passed     38.04%
3314  NP_418131.1      99.04%    failed      0.48%
3315  NP_418132.1      99.08%    failed      0.00%
3316  NP_418133.1      98.80%    failed      0.00%
3317  NP_418134.1      96.01%    failed      0.14%
3318  NP_418135.1      95.42%    failed      0.00%
3319  NP_418136.2      97.62%    failed      4.21%
3320  NP_418139.1      98.09%    failed      0.00%
3321  NP_418140.4      95.56%    failed      0.00%
3322  NP_418141.2      98.86%    failed      0.97%
3323  NP_418142.1      98.90%    failed      0.07%
3324  NP_418143.2      99.12%    passed      6.49%
3325  NP_418144.3      96.67%    failed      0.00%
3326  NP_418145.2      97.16%    failed      0.08%
3327  NP_418146.4      96.55%    failed      0.00%
3328  NP_418148.1      97.66%    failed      0.00%
3329  NP_418152.1      97.83%    failed      0.00%
3330  NP_418153.4      98.94%    failed      0.00%
3331  NP_418155.1      97.13%    failed      0.00%
3332  NP_418156.1      97.06%    failed      0.00%
3333  NP_418157.1      96.25%    failed      0.00%
3334  NP_418158.1      99.63%    failed      0.00%
3335  NP_418159.1      99.04%    failed      0.00%
3336  NP_418161.1      95.60%    failed      0.00%
3337  NP_418162.1      96.36%    failed      0.00%
3338  NP_418163.1      99.81%    passed     54.54%
3339  NP_418164.4      96.22%    failed      0.00%
3340  NP_418165.1      96.67%    failed      0.00%
3341  NP_418166.1      96.86%    failed      0.00%
3342  NP_418167.1      97.44%    failed      0.00%
3343  NP_418168.2      98.00%    failed      0.06%
3344  NP_418169.1      98.49%    failed      0.06%
3345  NP_418170.1      96.43%    failed      0.00%
3346  NP_418171.1      98.23%    passed      7.25%
3347  NP_418172.1      98.76%    failed      0.00%
3348  NP_418173.1      98.43%    failed      0.35%
3349  NP_418175.3      96.88%    failed      0.00%
3350  NP_418176.1      95.68%    failed      0.00%
3351  NP_418177.1      96.23%    failed      0.21%
3352  NP_418178.1      94.98%    failed      0.00%
3353  NP_418179.1      97.77%    failed      0.00%
3354  NP_418180.1      98.07%    failed      0.01%
3355  NP_418181.1      97.94%    failed      1.57%
3356  NP_418182.1      97.62%    failed      0.00%
3357  NP_418183.1      97.44%    failed      0.00%
3358  NP_418184.1      97.22%    failed      0.00%
3359  NP_418185.1      95.11%    failed      0.00%
3360  NP_418186.1      96.34%    failed      0.00%
3361  NP_418187.1      98.88%    failed      0.06%
3362  NP_418188.1      96.31%    failed      0.00%
3363  NP_418189.1      97.70%    failed      0.00%
3364  NP_418190.1      95.88%    failed      0.00%
3365  NP_418191.1      98.58%    failed      0.00%
3366  NP_418192.1      98.75%    failed      0.00%
3367  NP_418193.1      99.37%    failed      0.00%
3368  NP_418194.1      97.82%    failed      0.00%
3369  NP_418195.2      98.99%    failed      0.00%
3370  NP_418196.1      98.34%    failed      0.01%
3371  NP_418197.1      94.95%    failed      0.00%
3372  NP_418198.1      98.82%    failed      0.00%
3373  NP_418199.1      98.78%    failed      0.58%
3374  NP_418200.1      97.35%    failed      0.00%
3375  NP_418202.4      96.00%    failed      0.00%
3376  NP_418204.2      98.88%    failed      1.54%
3377  NP_418205.1      95.98%    failed      0.00%
3378  NP_418206.1      97.42%    failed      0.00%
3379  NP_418207.1      97.62%    failed      0.00%
3380  NP_418208.1      97.52%    failed      0.00%
3381  NP_418209.1      97.35%    failed      0.00%
3382  NP_418210.1      96.19%    failed      0.00%
3383  NP_418213.1      99.10%    failed      1.24%
3384  NP_418214.2      95.94%    failed      0.00%
3385  NP_418215.1      99.74%    failed      1.00%
3386  NP_418217.1      99.30%    failed      1.10%
3387  NP_418220.1      95.87%    failed      0.00%
3388  NP_418221.1      97.62%    failed      0.00%
3389  NP_418222.1      96.06%    failed      0.00%
3390  NP_418223.1      99.25%    passed     10.27%
3391  NP_418227.1      96.62%    failed      0.00%
3392  NP_418228.2      99.12%    failed      0.24%
3393  NP_418230.1      96.64%    failed      0.00%
3394  NP_418231.1      97.05%    failed      0.00%
3395  NP_418232.2      97.21%    failed      0.00%
3396  NP_418236.1      97.65%    failed      0.00%
3397  NP_418238.1      96.98%    failed      0.02%
3398  NP_418239.1      96.66%    failed      0.00%
3399  NP_418241.1      96.39%    failed      0.00%
3400  NP_418242.1      98.03%    failed      0.04%
3401  NP_418245.1      95.58%    failed      0.00%
3402  NP_418246.1      96.81%    failed      0.00%
3403  NP_418247.1      96.85%    failed      0.00%
3404  NP_418248.1      98.03%    failed      0.00%
3405  NP_418250.1      93.19%    failed      0.00%
3406  NP_418251.1      99.15%    failed      2.67%
3407  NP_418254.2      97.80%    failed      0.00%
3408  NP_418255.1      98.11%    failed      0.00%
3409  NP_418256.1      97.61%    failed      0.00%
3410  NP_418257.1      98.09%    failed      0.02%
3411  NP_418258.1      94.22%    failed      0.00%
3412  NP_418260.1      97.46%    failed      0.00%
3413  NP_418261.1      98.99%    failed      0.40%
3414  NP_418262.2      98.99%    failed      0.00%
3415  NP_418264.4      98.76%    failed      0.02%
3416  NP_418265.1      97.68%    failed      0.02%
3417  NP_418271.1      97.60%    failed      0.00%
3418  NP_418272.1      97.46%    failed      0.00%
3419  NP_418273.1      93.96%    failed      0.00%
3420  NP_418275.1      97.97%    failed      0.00%
3421  NP_418276.1      96.19%    failed      0.00%
3422  NP_418278.1      98.39%    failed      0.00%
3423  NP_418279.1      95.62%    failed      0.00%
3424  NP_418280.4      99.29%    failed      0.01%
3425  NP_418282.1      97.93%    failed      0.00%
3426  NP_418284.1      98.70%    passed     16.73%
3427  NP_418285.1      96.01%    failed      0.00%
3428  NP_418286.1      98.13%    failed      0.03%
3429  NP_418288.1      94.15%    failed      0.00%
3430  NP_418289.1      96.44%    failed      0.00%
3431  NP_418290.4      98.36%    failed      0.00%
3432  NP_418292.1      98.55%    passed     16.77%
3433  NP_418293.2      98.60%    failed      0.01%
3434  NP_418294.1      98.44%    failed      0.19%
3435  NP_418295.1      99.29%    failed      0.04%
3436  NP_418296.1      97.37%    failed      0.00%
3437  NP_418297.1      98.33%    failed      0.00%
3438  NP_418298.4      96.18%    failed      0.00%
3439  NP_418299.1      97.51%    failed      0.00%
3440  NP_418300.1      92.55%    failed      0.00%
3441  NP_418301.3      98.31%    failed      0.02%
3442  NP_418302.1      98.64%    failed      0.00%
3443  NP_418303.2      96.33%    failed      0.00%
3444  NP_418304.1      96.24%    failed      0.00%
3445  NP_418305.1      97.20%    failed      0.00%
3446  NP_418306.1      96.24%    failed      0.00%
3447  NP_418308.1      98.11%    failed      0.09%
3448  NP_418309.1      97.38%    failed      0.00%
3449  NP_418310.1      96.62%    failed      0.00%
3450  NP_418311.1      98.15%    failed      0.03%
3451  NP_418313.4      96.30%    failed      0.00%
3452  NP_418314.1      94.56%    failed      0.00%
3453  NP_418315.3      97.53%    failed      0.02%
3454  NP_418316.4      96.68%    failed      0.01%
3455  NP_418317.1      97.66%    failed      0.00%
3456  NP_418318.1      97.61%    failed      0.00%
3457  NP_418319.2      97.61%    failed      0.00%
3458  NP_418320.2      97.90%    failed      0.00%
3459  NP_418321.4      98.40%    passed      9.71%
3460  NP_418322.1      97.67%    failed      0.00%
3461  NP_418323.1      98.84%    failed      0.08%
3462  NP_418324.1      97.36%    failed      0.01%
3463  NP_418325.4      99.42%    failed      3.15%
3464  NP_418326.2      99.42%    failed      1.85%
3465  NP_418327.1      97.52%    failed      0.00%
3466  NP_418328.1      98.31%    failed      0.00%
3467  NP_418329.1      97.59%    failed      1.02%
3468  NP_418330.1      91.85%    failed      0.00%
3469  NP_418331.1      97.78%    failed      0.00%
3470  NP_418332.1      97.18%    failed      0.00%
3471  NP_418333.1      95.33%    failed      0.00%
3472  NP_418334.1      97.14%    failed      0.00%
3473  NP_418335.4      96.12%    failed      0.00%
3474  NP_418336.1      98.81%    failed      0.37%
3475  NP_418337.1      99.17%    passed     34.26%
3476  NP_418338.1      97.80%    failed      0.21%
3477  NP_418340.1      96.07%    failed      0.00%
3478  NP_418341.1      97.77%    failed      0.00%
3479  NP_418342.2      97.74%    failed      0.04%
3480  NP_418343.1      97.24%    failed      0.00%
3481  NP_418344.3      98.35%    failed      0.03%
3482  NP_418345.2      97.37%    failed      0.00%
3483  NP_418346.2      98.20%    failed      4.07%
3484  NP_418347.1      96.33%    failed      0.00%
3485  NP_418348.1      98.14%    failed      0.00%
3486  NP_418350.1      97.59%    failed      0.00%
3487  NP_418351.1      97.43%    failed      0.00%
3488  NP_418352.1      97.36%    failed      0.00%
3489  NP_418353.1      97.99%    failed      0.14%
3490  NP_418354.1      97.95%    failed      0.00%
3491  NP_418355.1      98.40%    failed      0.00%
3492  NP_418356.1      98.83%    failed      0.06%
3493  NP_418357.1      99.21%    failed      0.09%
3494  NP_418358.1      98.86%    failed      0.16%
3495  NP_418359.1      98.01%    failed      0.00%
3496  NP_418360.1      97.30%    failed      0.00%
3497  NP_418361.1      95.97%    failed      0.00%
3498  NP_418362.1      97.74%    failed      0.00%
3499  NP_418363.1      99.35%    failed      0.00%
3500  NP_418364.1      98.71%    failed      0.00%
3501  NP_418365.1      97.53%    failed      0.00%
3502  NP_418366.1      96.44%    failed      0.00%
3503  NP_418367.1      98.59%    failed      0.00%
3504  NP_418368.1      97.44%    failed      0.00%
3505  NP_418369.1      97.26%    failed      0.00%
3506  NP_418370.1      94.12%    failed      0.00%
3507  NP_418371.1      99.44%    passed     41.12%
3508  NP_418372.1      98.38%    failed      0.04%
3509  NP_418373.1      99.16%    passed      8.16%
3510  NP_418374.1      96.90%    failed      0.00%
3511  NP_418375.1      93.50%    failed      0.00%
3512  NP_418376.1      97.62%    failed      0.07%
3513  NP_418377.1      94.17%    failed      0.00%
3514  NP_418378.4      97.58%    failed      0.00%
3515  NP_418379.1      98.35%    failed      2.71%
3516  NP_418380.4      97.05%    failed      0.00%
3517  NP_418381.1      98.23%    failed      0.00%
3518  NP_418384.1      97.12%    failed      0.00%
3519  NP_418385.1      99.15%    failed      0.00%
3520  NP_418386.1      93.86%    failed      0.00%
3521  NP_418387.3      97.66%    failed      0.00%
3522  NP_418388.1      99.09%    failed      0.13%
3523  NP_418389.1      97.73%    failed      0.00%
3524  NP_418390.1      95.37%    failed      0.00%
3525  NP_418391.1      92.91%    failed      0.00%
3526  NP_418392.1      96.93%    failed      0.00%
3527  NP_418393.1      97.32%    failed      0.00%
3528  NP_418394.3      97.93%    failed      0.00%
3529  NP_418395.1      96.33%    failed      0.00%
3530  NP_418396.1      97.55%    failed      0.00%
3531  NP_418397.2      96.26%    failed      0.00%
3532  NP_418398.3      98.12%    failed      0.00%
3533  NP_418399.1      99.04%    failed      0.32%
3534  NP_418400.1      97.06%    failed      0.01%
3535  NP_418401.1      95.07%    failed      0.00%
3536  NP_418402.2      97.71%    failed      0.00%
3537  NP_418403.1      97.25%    failed      0.00%
3538  NP_418404.1      97.42%    failed      0.00%
3539  NP_418405.1      97.46%    failed      0.00%
3540  NP_418407.1      96.84%    failed      0.00%
3541  NP_418408.1      98.98%    failed      0.00%
3542  NP_418409.1      98.55%    failed      0.00%
3543  NP_418410.1      98.86%    failed      0.00%
3544  NP_418411.1      98.12%    failed      0.00%
3545  NP_418412.1      98.68%    failed      0.00%
3546  NP_418413.1      99.03%    failed      0.00%
3547  NP_418414.1      89.23%    failed      0.00%
3548  NP_418415.1      88.71%    failed      0.00%
3549  NP_418416.1      98.56%    failed      4.34%
3550  NP_418417.1      96.97%    failed      0.00%
3551  NP_418418.2      97.94%    failed      0.00%
3552  NP_418420.4      97.99%    failed      0.00%
3553  NP_418421.1      98.31%    failed      0.00%
3554  NP_418422.1      94.93%    failed      0.00%
3555  NP_418423.1      98.73%    failed      0.02%
3556  NP_418425.1      97.16%    failed      0.00%
3557  NP_418426.2      98.21%    failed      0.00%
3558  NP_418427.1      98.43%    failed      0.03%
3559  NP_418428.1      99.28%    failed      0.01%
3560  NP_418429.1      98.15%    failed      0.01%
3561  NP_418430.2      98.87%    failed      0.01%
3562  NP_418431.1      96.27%    failed      0.00%
3563  NP_418432.1      96.46%    failed      0.00%
3564  NP_418433.1      96.56%    failed      0.00%
3565  NP_418434.1      95.75%    failed      0.00%
3566  NP_418435.1      98.98%    failed      0.31%
3567  NP_418436.1      98.82%    failed      0.29%
3568  NP_418437.1      97.52%    failed      0.01%
3569  NP_418438.1      95.72%    failed      0.00%
3570  NP_418439.1      96.52%    failed      0.00%
3571  NP_418440.1      95.36%    failed      0.00%
3572  NP_418441.1      94.16%    failed      0.00%
3573  NP_418442.2      97.80%    failed      0.00%
3574  NP_418443.1      90.15%    failed      0.00%
3575  NP_418444.1      95.64%    failed      0.00%
3576  NP_418445.1      98.16%    failed      0.00%
3577  NP_418446.1      97.67%    failed      0.00%
3578  NP_418447.1      99.28%    failed      0.08%
3579  NP_418448.1      96.40%    failed      0.00%
3580  NP_418449.1      95.59%    failed      0.00%
3581  NP_418450.1      99.36%    failed      0.00%
3582  NP_418451.4      98.30%    failed      0.03%
3583  NP_418452.1      98.03%    failed      0.00%
3584  NP_418453.1      94.40%    failed      0.00%
3585  NP_418454.1      98.91%    failed      0.00%
3586  NP_418455.1      96.06%    failed      0.00%
3587  NP_418456.1      97.62%    failed      0.00%
3588  NP_418457.1      95.87%    failed      0.00%
3589  NP_418458.1      96.82%    failed      0.00%
3590  NP_418459.1      97.02%    failed      0.00%
3591  NP_418460.1      96.42%    failed      0.00%
3592  NP_418461.1      97.54%    failed      0.00%
3593  NP_418463.4      98.68%    failed      0.00%
3594  NP_418464.1      97.67%    failed      0.00%
3595  NP_418465.4      93.52%    failed      0.00%
3596  NP_418466.1      99.02%    failed      0.00%
3597  NP_418467.1      98.38%    failed      0.00%
3598  NP_418468.3      96.32%    failed      0.00%
3599  NP_418469.1      99.45%    failed      0.09%
3600  NP_418470.4      98.63%    failed      0.12%
3601  NP_418471.1      99.33%    failed      0.08%
3602  NP_418472.1      98.11%    failed      0.00%
3603  NP_418473.3      97.23%    failed      0.38%
3604  NP_418474.4      99.36%    failed      0.00%
3605  NP_418475.1      97.37%    failed      0.00%
3606  NP_418476.1      96.22%    failed      0.00%
3607  NP_418477.1      97.12%    failed      0.00%
3608  NP_418478.1      96.81%    failed      0.00%
3609  NP_418479.1      98.10%    failed      0.15%
3610  NP_418480.1      98.89%    failed      3.31%
3611  NP_418481.1      99.05%    failed      0.57%
3612  NP_418482.1      92.45%    failed      0.00%
3613  NP_418483.1      98.57%    failed      0.00%
3614  NP_418484.4      99.25%    failed      1.26%
3615  NP_418485.1      95.76%    failed      0.00%
3616  NP_418486.1      99.14%    failed      1.52%
3617  NP_418487.1      98.76%    failed      0.01%
3618  NP_418488.1      96.40%    failed      0.00%
3619  NP_418489.1      95.59%    failed      0.00%
3620  NP_418490.1      96.55%    failed      0.00%
3621  NP_418491.1      95.59%    failed      0.00%
3622  NP_418492.1      99.17%    failed      0.57%
3623  NP_418493.1      94.77%    failed      0.00%
3624  NP_418494.1      96.16%    failed      0.00%
3625  NP_418495.2      98.49%    failed      2.96%
3626  NP_418496.1      98.21%    failed      0.26%
3627  NP_418497.1      97.45%    failed      0.00%
3628  NP_418498.1      95.57%    failed      0.00%
3629  NP_418499.1      98.98%    failed      0.03%
3630  NP_418500.1      98.41%    failed      0.00%
3631  NP_418501.1      96.49%    failed      0.00%
3632  NP_418502.1      98.16%    failed      0.00%
3633  NP_418503.1      94.27%    failed      0.00%
3634  NP_418504.1      96.08%    failed      0.00%
3635  NP_418505.2      94.52%    failed      0.00%
3636  NP_418506.1      97.25%    failed      0.00%
3637  NP_418507.2      94.69%    failed      0.00%
3638  NP_418508.1      97.52%    failed      0.00%
3639  NP_418509.1      98.15%    failed      0.67%
3640  NP_418510.1      97.38%    failed      0.00%
3641  NP_418511.1      95.91%    failed      0.00%
3642  NP_418512.1      97.50%    failed      0.00%
3643  NP_418513.4      97.62%    failed      0.00%
3644  NP_418514.1      98.80%    failed      0.03%
3645  NP_418516.1      97.98%    failed      0.01%
3646  NP_418517.1      98.84%    failed      0.76%
3647  NP_418518.1      98.51%    failed      0.00%
3648  NP_418519.1      96.97%    failed      0.00%
3649  NP_418520.1      98.19%    failed      0.00%
3650  NP_418522.1      97.74%    failed      0.23%
3651  NP_418523.1      97.16%    failed      0.00%
3652  NP_418524.1      98.44%    failed      0.00%
3653  NP_418525.1      98.80%    failed      0.00%
3654  NP_418526.1      98.07%    failed      0.00%
3655  NP_418529.1      97.29%    failed      0.00%
3656  NP_418530.1      97.90%    failed      0.00%
3657  NP_418531.1      98.82%    passed     17.50%
3658  NP_418532.1      99.11%    failed      1.13%
3659  NP_418533.1      94.04%    failed      0.00%
3660  NP_418534.4      97.66%    failed      0.00%
3661  NP_418535.1      95.99%    failed      0.00%
3662  NP_418536.1      97.09%    failed      0.00%
3663  NP_418537.1      98.22%    failed      0.00%
3664  NP_418538.2      95.61%    failed      0.00%
3665  NP_418539.1      96.43%    failed      0.00%
3666  NP_418540.1      97.97%    failed      0.01%
3667  NP_418541.2      93.94%    failed      0.00%
3668  NP_418542.1      97.58%    failed      1.96%
3669  NP_418543.1      96.38%    failed      0.01%
3670  NP_418544.2      96.20%    failed      0.00%
3671  NP_418545.1      98.32%    failed      0.00%
3672  NP_418546.1      95.60%    failed      0.00%
3673  NP_418547.1      96.42%    failed      0.00%
3674  NP_418548.1      98.08%    failed      1.18%
3675  NP_418549.1      95.64%    failed      0.00%
3676  NP_418550.1      99.39%    passed     73.10%
3677  NP_418551.1      99.28%    failed      1.35%
3678  NP_418552.1      99.21%    failed      1.03%
3679  NP_418553.1      95.95%    failed      0.00%
3680  NP_418554.1      96.11%    failed      0.00%
3681  NP_418555.1      94.26%    failed      0.00%
3682  NP_418556.1      96.44%    failed      0.00%
3683  NP_418557.1      95.89%    failed      0.00%
3684  NP_418558.2      98.47%    failed      0.00%
3685  NP_418559.1      95.46%    failed      0.00%
3686  NP_418560.1      99.10%    failed      0.01%
3687  NP_418561.1      96.52%    failed      0.00%
3688  NP_418562.4      96.16%    failed      0.00%
3689  NP_418564.2      98.73%    failed      0.00%
3690  NP_418565.1      96.64%    failed      0.00%
3691  NP_418566.1      99.22%    failed      0.00%
3692  NP_418567.1      95.60%    failed      0.00%
3693  NP_418568.2      99.06%    failed      0.00%
3694  NP_418569.1      97.68%    failed      0.00%
3695  NP_418570.1      97.25%    failed      0.00%
3696  NP_418571.1      98.49%    failed      0.08%
3697  NP_418572.4      99.16%    failed      0.00%
3698  NP_418573.1      98.58%    failed      2.11%
3699  NP_418574.1      96.97%    failed      0.00%
3700  NP_418575.1      99.04%    failed      0.00%
3701  NP_418576.1      98.95%    failed      0.03%
3702  NP_418577.1      98.04%    passed     37.58%
3703  NP_418578.1      95.17%    failed      0.00%
3704  NP_418579.2      97.39%    failed      0.00%
3705  NP_418580.2      95.99%    failed      0.00%
3706  NP_418581.1      99.17%    passed     15.33%
3707  NP_418582.1      99.17%    failed      1.02%
3708  NP_418583.1      91.11%    failed      0.00%
3709  NP_418584.1      97.42%    failed      0.00%
3710  NP_418585.4      97.19%    failed      0.00%
3711  NP_418586.4      98.55%    failed      1.67%
3712  NP_418587.1      96.96%    failed      0.00%
3713  NP_418588.1      95.87%    failed      0.00%
3714  NP_418589.1      98.77%    failed      0.24%
3715  NP_418590.1      96.43%    failed      0.00%
3716  NP_418591.1      95.06%    failed      0.00%
3717  NP_418592.1      97.46%    failed      0.00%
3718  NP_418593.1      99.18%    failed      1.48%
3719  NP_418594.1      96.58%    failed      0.00%
3720  NP_418595.1      96.64%    failed      0.00%
3721  NP_418596.1      97.32%    failed      0.00%
3722  NP_418597.1      99.48%    failed      0.97%
3723  NP_418598.1      96.53%    failed      0.00%
3724  NP_418599.1      98.87%    failed      1.05%
3725  NP_418600.4      93.47%    failed      0.00%
3726  NP_418601.1      98.05%    failed      0.00%
3727  NP_418602.1      98.93%    failed      0.01%
3728  NP_418603.1      98.14%    failed      0.00%
3729  NP_418604.1      98.24%    failed      0.02%
3730  NP_418605.1      98.94%    failed      0.00%
3731  NP_418606.1      98.30%    failed      0.00%
3732  NP_418607.1      96.89%    failed      0.00%
3733  NP_418608.6      95.66%    failed      0.00%
3734  NP_418609.4      99.27%    failed      2.32%
3735  NP_418610.4      99.12%    failed      1.50%
3736  NP_418611.1      98.00%    failed      0.00%
3737  NP_418612.1      97.99%    failed      0.01%
3738  NP_418613.2      97.16%    failed      2.78%
3739  NP_418614.4      96.27%    failed      0.00%
3740  NP_418615.1      99.19%    passed     18.24%
3741  NP_418616.1      98.76%    failed      0.17%
3742  NP_418617.1      98.27%    failed      0.00%
3743  NP_418618.1      97.72%    failed      0.02%
3744  NP_418619.1      98.17%    failed      1.17%
3745  NP_418620.1      99.27%    failed      1.59%
3746  NP_418621.5      98.95%    failed      0.20%
3747  NP_418622.1      99.17%    passed     18.64%
3748  NP_418623.1      99.40%    failed      0.60%
3749  NP_418624.1      98.80%    failed      0.00%
3750  NP_418625.1      97.88%    failed      0.17%
3751  NP_418627.4      98.30%    failed      0.00%
3752  NP_418628.4      98.35%    failed      0.00%
3753  NP_418629.1      96.23%    failed      0.00%
3754  NP_418630.1      98.23%    failed      0.01%
3755  NP_418631.2      97.42%    failed      0.00%
3756  NP_418632.1      97.70%    failed      0.00%
3757  NP_418633.4      98.99%    failed      0.02%
3758  NP_418634.1      94.81%    failed      0.00%
3759  NP_418635.1      98.03%    failed      0.35%
3760  NP_418637.1      98.52%    failed      0.12%
3761  NP_418638.2      99.45%    passed      9.62%
3762  NP_418639.1      96.41%    failed      0.00%
3763  NP_418640.1      98.30%    failed      0.71%
3764  NP_418641.1      95.37%    failed      0.00%
3765  NP_418642.1      89.89%    failed      0.00%
3766  NP_418643.1      99.09%    passed      8.59%
3767  NP_418645.2      99.33%    passed     35.98%
3768  NP_418646.1      99.07%    failed      0.00%
3769  NP_418647.1      98.59%    failed      0.03%
3770  NP_418648.1      97.45%    failed      0.00%
3771  NP_418651.3      97.26%    failed      0.00%
3772  NP_418652.2      97.34%    failed      0.00%
3773  NP_418653.1      97.33%    failed      0.00%
3774  NP_418654.1      96.33%    failed      0.00%
3775  NP_418655.1      98.53%    failed      0.00%
3776  NP_418656.1      96.39%    failed      0.00%
3777  NP_418658.1      98.76%    passed     12.73%
3778  NP_418659.1      94.28%    failed      0.00%
3779  NP_418660.1      95.58%    failed      0.12%
3780  NP_418661.1      96.20%    failed      0.00%
3781  NP_418662.1      97.47%    failed      0.00%
3782  NP_418663.1      92.79%    failed      0.00%
3783  NP_418664.2      98.97%    failed      0.00%
3784  NP_418665.1      98.77%    passed      6.13%
3785  NP_418666.1      97.50%    failed      0.00%
3786  NP_418667.1      99.65%    passed      8.28%
3787  NP_418669.1      98.95%    passed      8.02%
3788  NP_418670.1      98.10%    failed      0.00%
3789  NP_418672.4      98.42%    failed      0.03%
3790  NP_418673.4      98.80%    passed      6.32%
3791  NP_418674.2      95.15%    failed      0.00%
3792  NP_418675.1      97.32%    failed      0.00%
3793  NP_418676.1      98.89%    failed      0.00%
3794  NP_418679.1      92.37%    failed      0.00%
3795  NP_418680.1      98.82%    failed      0.31%
3796  NP_418681.1      95.96%    failed      0.00%
3797  NP_418682.1      97.06%    failed      0.00%
3798  NP_418683.4      97.11%    failed      0.00%
3799  NP_418684.1      95.99%    failed      0.00%
3800  NP_418685.1      97.33%    failed      0.00%
3801  NP_418686.1      96.48%    failed      0.00%
3802  NP_418687.1      97.96%    failed      0.00%
3803  NP_418688.1      97.25%    failed      0.00%
3804  NP_418689.1      98.50%    failed      0.72%
3805  NP_418690.4      97.28%    failed      0.00%
3806  NP_418692.2      99.03%    failed      0.02%
3807  NP_418693.1      97.58%    failed      0.00%
3808  NP_418697.1      99.12%    failed      0.00%
3809  NP_418698.1      96.45%    failed      0.00%
3810  NP_418699.4      96.75%    failed      0.00%
3811  NP_418700.2      97.01%    failed      0.00%
3812  NP_418704.1      96.93%    failed      0.00%
3813  NP_418707.1      97.95%    failed      0.00%
3814  NP_418708.1      97.45%    failed      0.00%
3815  NP_418709.1      97.33%    failed      0.00%
3816  NP_418710.4      97.59%    failed      0.00%
3817  NP_418711.1      93.79%    failed      0.00%
3818  NP_418712.1      97.46%    failed      0.00%
3819  NP_418713.1      98.61%    failed      0.00%
3820  NP_418714.1      99.27%    passed      9.05%
3821  NP_418715.2      97.37%    failed      0.00%
3822  NP_418716.1      96.40%    failed      0.00%
3823  NP_418717.1      94.74%    failed      0.00%
3824  NP_418718.4      97.58%    failed      0.00%
3825  NP_418719.1      97.90%    failed      0.00%
3826  NP_418720.1      97.91%    failed      1.05%
3827  NP_418721.1      98.31%    failed      0.01%
3828  NP_418722.1      98.85%    failed      0.43%
3829  NP_418723.1      97.85%    failed      0.01%
3830  NP_418724.1      96.49%    failed      0.00%
3831  NP_418725.4      97.01%    failed      0.00%
3832  NP_418726.1      98.01%    failed      0.00%
3833  NP_418727.1      98.55%    failed      0.33%
3834  NP_418729.1      97.38%    failed      0.48%
3835  NP_418730.4      97.05%    failed      0.00%
3836  NP_418731.2      98.09%    failed      0.45%
3837  NP_418732.1      98.39%    failed      0.09%
3838  NP_418733.1      98.41%    failed      0.00%
3839  NP_418734.1      98.54%    failed      0.00%
3840  NP_418735.2      98.56%    failed      1.21%
3841  NP_418736.3      98.07%    failed      0.00%
3842  NP_418737.1      92.95%    failed      0.00%
3843  NP_418738.1      98.59%    failed      0.00%
3844  NP_418739.1      98.66%    failed      0.00%
3845  NP_418740.1      97.59%    failed      0.00%
3846  NP_418741.1      96.41%    failed      0.00%
3847  NP_418742.1      96.84%    failed      0.00%
3848  NP_418743.1      96.10%    failed      0.00%
3849  NP_418744.1      97.94%    failed      0.00%
3850  NP_418745.3      97.78%    failed      0.02%
3851  NP_418746.4      98.96%    failed      0.08%
3852  NP_418747.1      97.57%    failed      0.00%
3853  NP_418748.1      96.87%    failed      0.00%
3854  NP_418749.1      98.77%    failed      0.00%
3855  NP_418750.2      98.18%    failed      0.00%
3856  NP_418751.4      98.52%    failed      0.11%
3857  NP_418752.1      96.85%    failed      0.00%
3858  NP_418753.3      97.70%    failed      0.00%
3859  NP_418754.2      97.95%    failed      0.00%
3860  NP_418755.4      96.93%    failed      0.00%
3861  NP_418756.1      96.58%    failed      0.00%
3862  NP_418757.1      96.71%    failed      0.00%
3863  NP_418760.1      96.23%    failed      0.00%
3864  NP_418761.1      99.57%    failed      0.65%
3865  NP_418765.1      97.21%    failed      0.00%
3866  NP_418766.4      96.32%    failed      0.00%
3867  NP_418767.4      99.09%    failed      1.60%
3868  NP_418768.1      96.28%    failed      0.00%
3869  NP_418769.1      95.75%    failed      0.00%
3870  NP_418770.2      90.61%    failed      0.00%
3871  NP_418771.1      97.56%    failed      0.00%
3872  NP_418772.4      97.45%    failed      0.00%
3873  NP_418773.1      99.46%    passed     18.26%
3874  NP_418774.2      94.25%    failed      0.00%
3875  NP_418775.1      95.58%    failed      0.00%
3876  NP_418776.1      96.36%    failed      0.00%
3877  NP_418778.4      97.27%    failed      0.00%
3878  NP_418779.2      93.87%    failed      0.00%
3879  NP_418780.2      98.68%    failed      0.00%
3880  NP_418781.1      98.03%    failed      0.05%
3881  NP_418782.1      98.56%    failed      0.00%
3882  NP_418783.2      98.74%    failed      0.00%
3883  NP_418784.4      97.94%    failed      0.00%
3884  NP_418785.1      98.07%    failed      0.00%
3885  NP_418786.4      98.19%    failed      0.00%
3886  NP_418787.1      97.90%    failed      0.02%
3887  NP_418788.1      97.25%    failed      0.00%
3888  NP_418789.1      98.90%    failed      0.01%
3889  NP_418790.1      98.81%    failed      0.11%
3890  NP_418791.1      98.19%    failed      1.40%
3891  NP_418792.1      95.75%    failed      0.00%
3892  NP_418793.1      98.39%    failed      0.00%
3893  NP_418794.1      97.13%    failed      0.00%
3894  NP_418796.1      97.70%    failed      0.01%
3895  NP_418797.1      95.86%    failed      0.00%
3896  NP_418798.1      97.92%    failed      0.00%
3897  NP_418799.1      96.47%    failed      0.00%
3898  NP_418800.1      96.73%    failed      0.00%
3899  NP_418801.1      98.08%    failed      0.00%
3900  NP_418802.1      96.44%    failed      0.00%
3901  NP_418803.1      97.29%    failed      0.00%
3902  NP_418804.1      98.28%    failed      0.00%
3903  NP_418805.1      97.42%    failed      0.00%
3904  NP_418806.1      96.31%    failed      0.00%
3905  NP_418807.4      96.71%    failed      0.07%
3906  NP_418808.1      95.54%    failed      0.00%
3907  NP_418809.4      94.82%    failed      0.00%
3908  NP_418810.1      99.13%    failed      0.01%
3909  NP_418811.2      98.64%    failed      0.00%
3910  NP_418812.1      98.27%    failed      0.00%
3911  NP_418813.1      97.68%    failed      0.02%
3912  NP_418814.1      98.74%    failed      0.19%
3913  NP_418815.1      98.16%    failed      0.00%
3914  NP_418816.1      96.19%    failed      0.00%
3915  NP_418817.1      96.39%    failed      0.00%
3916  NP_418818.1      98.09%    failed      0.00%
3917  NP_418819.1      99.63%    failed      0.88%
3918  NP_418820.1      98.17%    failed      0.00%
3919  YP_001165307.1   98.72%    failed      0.00%
3920  YP_001165308.1   99.74%    passed     68.74%
3921  YP_001165309.1   99.49%    failed      1.10%
3922  YP_001165313.1   99.76%    failed      0.14%
3923  YP_001165314.1   99.54%    failed      0.00%
3924  YP_001165315.1   99.51%    failed      0.69%
3925  YP_001165316.1   99.54%    failed      0.00%
3926  YP_001165317.1   99.54%    passed      9.65%
3927  YP_001165318.1   99.75%    passed      9.80%
3928  YP_001165319.1   99.75%    passed     36.99%
3929  YP_001165320.1   99.78%    failed      4.55%
3930  YP_001165321.1   99.77%    failed      2.45%
3931  YP_001165325.1   99.85%    passed     58.73%
3932  YP_001165328.2   99.78%    failed      0.00%
3933  YP_001165331.1   99.77%    failed      0.00%
3934  YP_001165332.1   99.26%    passed      7.06%
3935  YP_001165333.1   99.46%    failed      0.36%
3936  YP_001165334.1   99.27%    failed      0.05%
3937  YP_001491546.1   99.78%    passed     27.70%
3938  YP_001491548.1   99.67%    failed      0.67%
3939  YP_002791237.1   99.65%    passed     65.91%
3940  YP_002791238.1   99.74%    passed     15.11%
3941  YP_002791239.1   99.73%    passed     19.21%
3942  YP_002791240.1   99.83%    failed      2.26%
3943  YP_002791241.1   99.33%    failed      0.00%
3944  YP_002791242.1   99.74%    failed      0.09%
3945  YP_002791243.1   99.81%    passed      5.53%
3946  YP_002791244.1   99.83%    passed      7.57%
3947  YP_002791245.1   99.78%    passed     19.30%
3948  YP_002791246.1   99.84%    passed     75.52%
3949  YP_002791247.1   99.85%    passed     13.53%
3950  YP_002791248.1   99.86%    passed     10.23%
3951  YP_002791249.1   99.78%    failed      0.13%
3952  YP_002791250.1   99.82%    passed      6.94%
3953  YP_002791251.1   99.79%    failed      0.48%
3954  YP_002791252.1   99.63%    failed      1.84%
3955  YP_002791253.1   99.79%    passed      6.20%
3956  YP_002791254.1   99.67%    failed      0.70%
3957  YP_002791255.1   99.85%    failed      1.16%
3958  YP_002791256.1   99.85%    failed      2.26%
3959  YP_002791257.1   99.85%    failed      0.98%
3960  YP_002791258.1   99.79%    passed     61.99%
3961  YP_002791259.1   99.87%    passed      9.89%
3962  YP_002791260.1   99.71%    passed     11.47%
3963  YP_002791261.1   99.86%    passed     74.40%
3964  YP_003933616.1   99.86%    failed      0.81%
3965  YP_004831120.1   99.77%    passed      8.77%
3966  YP_008592385.1   99.83%    passed     72.27%
3967  YP_009029994.1   96.64%    failed      0.00%
3968  YP_009029995.1   99.66%    passed      9.18%
3969  YP_009518733.1   98.71%    failed      0.00%
3970  YP_009518734.1   98.27%    failed      0.02%
3971  YP_009518735.1   99.58%    failed      0.62%
3972  YP_009518736.1   99.89%    passed     60.12%
3973  YP_009518737.1   99.89%    passed     23.98%
3974  YP_009518738.1   99.83%    passed     52.63%
3975  YP_009518739.1   98.66%    failed      3.04%
3976  YP_009518740.1   99.27%    passed      6.49%
3977  YP_009518741.1   96.94%    failed      0.00%
3978  YP_009518742.1   99.07%    passed      5.07%
3979  YP_009518743.1   99.66%    passed     19.95%
3980  YP_009518744.1   98.05%    failed      0.00%
3981  YP_009518745.1   99.41%    passed     15.59%
3982  YP_009518746.1   98.91%    failed      1.11%
3983  YP_009518747.1   99.81%    failed      0.00%
3984  YP_009518748.2   99.15%    failed      0.00%
3985  YP_009518749.1   99.69%    failed      3.83%
3986  YP_009518750.1   99.78%    passed     42.00%
3987  YP_009518751.1   96.54%    failed      0.00%
3988  YP_009518752.1   99.44%    passed     15.37%
3989  YP_009518753.1   99.01%    failed      3.10%
3990  YP_009518754.1   99.61%    failed      0.02%
3991  YP_009518755.1   98.50%    failed      0.11%
3992  YP_009518756.1   99.51%    failed      4.56%
3993  YP_009518757.1   99.77%    failed      2.97%
3994  YP_009518758.1   99.33%    passed     30.47%
3995  YP_009518759.1   99.72%    passed     29.59%
3996  YP_009518760.1   99.83%    passed     43.54%
3997  YP_009518761.1   99.50%    passed     63.21%
3998  YP_009518762.2   99.94%    passed     88.82%
3999  YP_009518763.1   99.17%    failed      0.56%
4000  YP_009518764.1   96.35%    failed      0.00%
4001  YP_009518765.1   98.74%    passed      9.00%
4002  YP_009518766.1   99.89%    passed     14.96%
4003  YP_009518767.1   99.71%    passed      9.63%
4004  YP_009518768.1   99.46%    passed      5.88%
4005  YP_009518769.1   99.27%    failed      0.00%
4006  YP_009518770.2   97.38%    failed      0.03%
4007  YP_009518771.1   99.75%    passed     15.13%
4008  YP_009518772.1   99.57%    failed      3.18%
4009  YP_009518773.1   99.52%    failed      3.50%
4010  YP_009518774.1   99.83%    passed     51.68%
4011  YP_009518775.1   99.54%    failed      0.00%
4012  YP_009518776.1   98.51%    failed      0.00%
4013  YP_009518777.1   99.04%    failed      1.04%
4014  YP_009518778.1   97.25%    failed      0.00%
4015  YP_009518779.1   99.70%    failed      0.03%
4016  YP_009518780.1   99.51%    failed      0.18%
4017  YP_009518781.1   97.45%    failed      0.00%
4018  YP_009518782.1   99.23%    failed      0.13%
4019  YP_009518783.1   99.90%    passed     55.41%
4020  YP_009518784.1   99.68%    passed     65.37%
4021  YP_009518785.1   96.93%    failed      0.00%
4022  YP_009518786.1   96.57%    failed      0.00%
4023  YP_009518787.1   99.70%    failed      0.03%
4024  YP_009518788.1   98.48%    failed      0.00%
4025  YP_009518789.1   99.83%    passed     94.13%
4026  YP_009518790.1   99.50%    passed     28.79%
4027  YP_009518791.1   99.77%    passed     14.34%
4028  YP_009518792.1   99.61%    failed      0.01%
4029  YP_009518793.1   99.23%    failed      0.48%
4030  YP_009518794.1   99.71%    passed     70.28%
4031  YP_009518795.2   99.58%    failed      0.11%
4032  YP_009518796.1   99.53%    passed     11.46%
4033  YP_009518797.1   99.49%    passed     17.84%
4034  YP_009518798.1   99.05%    passed     23.10%
4035  YP_009518799.1   97.80%    failed      0.00%
4036  YP_009518800.1   95.07%    failed      0.00%
4037  YP_009518801.1   99.57%    passed     51.63%
4038  YP_009518802.1   99.62%    passed     56.04%
4039  YP_009518803.1   99.27%    passed     24.06%
4040  YP_009518804.1   99.02%    passed     61.54%
4041  YP_009518805.1   99.63%    passed     95.52%
4042  YP_009518806.1   99.59%    failed      0.18%
4043  YP_009518807.1   99.17%    failed      0.50%
4044  YP_009518808.1   97.89%    failed      0.00%
4045  YP_009518809.1   98.72%    failed      0.00%
4046  YP_009518810.1   99.61%    passed     52.55%
4047  YP_009518811.1   97.88%    failed      0.00%
4048  YP_009518812.1   99.82%    passed     47.45%
4049  YP_009518813.1   99.78%    failed      0.43%
4050  YP_009518814.1   99.33%    passed      9.79%
4051  YP_009518815.1   96.87%    failed      0.03%
4052  YP_009518816.1   99.62%    passed     68.60%
4053  YP_009518818.1   99.55%    passed     22.25%
4054  YP_009518819.1   99.25%    failed      0.01%
4055  YP_009518820.1   99.59%    passed     32.42%
4056  YP_009518821.1   99.11%    failed      0.00%
4057  YP_009518822.1   98.17%    failed      0.00%
4058  YP_009518824.1   98.71%    failed      1.22%
4059  YP_009518825.1   97.05%    failed      0.00%
4060  YP_009518826.1   99.79%    passed     87.57%
4061  YP_009518827.1   99.74%    failed      0.07%
4062  YP_009518828.1   98.71%    failed      0.31%
4063  YP_009518830.1   99.74%    passed     18.02%
4064  YP_009518831.1   99.62%    failed      2.27%
4065  YP_009518832.1   99.78%    passed     21.34%
4066  YP_009518833.1   99.32%    passed     57.24%
4067  YP_009518834.1   95.95%    failed      0.00%
4068  YP_010051172.1   93.59%    failed      0.00%
4069  YP_010051173.1   99.88%    passed     48.79%
4070  YP_010051174.1   99.75%    passed     22.99%
4071  YP_010051175.1   99.86%    passed     34.69%
4072  YP_010051176.1   99.73%    failed      1.08%
4073  YP_010051177.1   99.92%    passed     48.12%
4074  YP_010051178.1   99.85%    passed     25.03%
4075  YP_010051179.1   99.81%    failed      4.27%
4076  YP_010051180.1   98.06%    failed      0.05%
4077  YP_010051181.1   99.86%    passed     51.53%
4078  YP_010051182.1   99.66%    passed     22.82%
4079  YP_010051183.1   99.88%    failed      1.00%
4080  YP_010051184.1   99.82%    passed     46.99%
4081  YP_010051185.1   99.73%    failed      2.40%
4082  YP_010051186.1   99.55%    passed     13.57%
4083  YP_010051187.1   99.74%    passed     10.45%
4084  YP_010051188.1   99.89%    passed     91.47%
4085  YP_010051189.1   99.91%    passed     85.19%
4086  YP_010051190.1   99.61%    failed      4.94%
4087  YP_010051191.1   99.93%    passed     43.70%
4088  YP_010051192.1   99.90%    passed     62.00%
4089  YP_010051193.1   99.84%    passed     11.94%
4090  YP_010051194.1   94.31%    failed      0.00%
4091  YP_010051195.1   99.62%    failed      4.23%
4092  YP_010051196.1   99.78%    failed      0.52%
4093  YP_010051197.1   97.70%    failed      0.00%
4094  YP_010051198.1   99.85%    passed     32.50%
4095  YP_010051199.1   97.34%    failed      0.00%
4096  YP_010051200.1   99.78%    passed     76.37%
4097  YP_010051201.1   99.90%    passed     27.45%
4098  YP_010051202.1   99.93%    passed     92.71%
4099  YP_010051203.1   99.70%    failed      4.24%
4100  YP_010051204.1   99.81%    passed     50.53%
4101  YP_010051205.1   99.86%    passed     27.39%
4102  YP_010051206.1   99.82%    passed     28.42%
4103  YP_010051207.1   99.94%    passed     88.68%
4104  YP_010051208.1   99.36%    failed      0.20%
4105  YP_010051209.1   99.81%    passed     56.89%
4106  YP_010051210.1   99.71%    passed     10.43%
4107  YP_010051211.1   99.85%    passed     12.75%
4108  YP_010051212.1   99.81%    passed     78.35%
4109  YP_010051213.1   99.86%    passed     23.34%
4110  YP_010051214.1   99.87%    passed      9.20%
4111  YP_010051215.1   99.82%    passed     35.28%
4112  YP_010051216.1   99.74%    passed     39.88%
4113  YP_010051217.1   97.61%    failed      0.16%
4114  YP_010283908.1   99.92%    passed     76.47%
4115  YP_010283909.1   99.85%    passed     89.36%
4116  YP_010283910.1   99.49%    failed      2.24%
4117  YP_010283911.1   94.75%    failed      0.00%
4118  YP_010283912.1   99.87%    passed     50.27%
4119  YP_010283913.1   99.77%    passed     79.48%
4120  YP_010283914.1   99.67%    failed      1.15%
4121  YP_010283915.1   94.12%    failed      0.00%
4122  YP_010283916.1   94.17%    failed      0.00%
4123  YP_010283917.1   99.86%    passed     23.22%
4124  YP_010283918.1   99.86%    passed     74.10%
4125  YP_010283919.1   99.86%    passed     20.25%
4126  YP_010283920.1   99.91%    passed     58.90%
4127  YP_010283921.1   99.86%    passed     19.25%
4128  YP_013606033.1   99.52%    passed     13.98%
4129  YP_013606034.1   99.88%    passed     25.23%
4130  YP_025292.1      99.60%    failed      2.01%
4131  YP_025293.1      96.85%    failed      0.00%
4132  YP_025294.2      95.39%    failed      0.00%
4133  YP_025295.1      99.60%    failed      1.71%
4134  YP_025297.1      99.72%    passed      9.07%
4135  YP_025298.1      99.72%    passed     11.48%
4136  YP_025299.1      99.72%    passed      9.07%
4137  YP_025300.1      97.29%    failed      0.00%
4138  YP_025301.1      99.61%    passed      8.83%
4139  YP_025302.1      96.12%    failed      0.00%
4140  YP_025303.1      99.67%    passed     38.72%
4141  YP_025304.1      98.76%    failed      0.00%
4142  YP_025305.1      97.61%    failed      0.00%
4143  YP_025306.1      96.76%    failed      0.00%
4144  YP_025307.1      96.33%    failed      0.00%
4145  YP_025308.1      93.96%    failed      0.00%
4146  YP_025309.2      98.01%    failed      0.00%
4147  YP_025310.1      98.22%    failed      0.12%
4148  YP_026160.1      99.47%    failed      0.03%
4149  YP_026161.1      98.14%    failed      0.00%
4150  YP_026162.2      97.37%    failed      0.00%
4151  YP_026163.2      99.03%    failed      0.02%
4152  YP_026164.1      91.66%    failed      0.00%
4153  YP_026168.2      97.66%    failed      0.00%
4154  YP_026169.1      96.76%    failed      0.00%
4155  YP_026170.1      89.60%    failed      0.00%
4156  YP_026171.3      96.56%    failed      0.00%
4157  YP_026172.1      95.56%    failed      0.00%
4158  YP_026173.1      97.70%    failed      0.00%
4159  YP_026174.2      99.37%    failed      0.00%
4160  YP_026180.1      98.50%    failed      0.00%
4161  YP_026181.1      97.44%    failed      0.00%
4162  YP_026182.1      96.11%    failed      0.00%
4163  YP_026183.1      96.11%    failed      0.00%
4164  YP_026185.1      96.82%    failed      0.00%
4165  YP_026186.1      96.35%    failed      0.00%
4166  YP_026187.1      96.59%    failed      0.00%
4167  YP_026188.1      94.68%    failed      0.00%
4168  YP_026189.1      87.80%    failed      0.00%
4169  YP_026190.1      96.73%    failed      0.00%
4170  YP_026191.1      97.19%    failed      0.00%
4171  YP_026192.1      97.15%    failed      0.00%
4172  YP_026195.1      97.53%    failed      0.00%
4173  YP_026196.1      94.07%    failed      0.00%
4174  YP_026197.1      98.72%    passed     25.48%
4175  YP_026199.1      91.73%    failed      0.00%
4176  YP_026200.1      96.17%    failed      0.00%
4177  YP_026201.1      97.42%    failed      0.00%
4178  YP_026202.1      96.50%    failed      0.00%
4179  YP_026203.3      96.44%    failed      0.00%
4180  YP_026204.1      96.36%    failed      0.00%
4181  YP_026205.1      93.87%    failed      0.00%
4182  YP_026207.1      93.75%    failed      0.00%
4183  YP_026208.1      89.84%    failed      0.00%
4184  YP_026209.1      96.85%    failed      0.00%
4185  YP_026210.1      98.56%    failed      1.57%
4186  YP_026211.1      97.00%    failed      0.00%
4187  YP_026212.2      97.85%    failed      0.00%
4188  YP_026213.1      97.78%    failed      0.00%
4189  YP_026214.1      97.58%    failed      0.00%
4190  YP_026215.2      98.61%    failed      0.00%
4191  YP_026216.2      98.73%    failed      0.23%
4192  YP_026217.1      96.48%    failed      0.00%
4193  YP_026218.1      93.60%    failed      0.00%
4194  YP_026219.1      97.29%    failed      0.00%
4195  YP_026220.1      97.78%    failed      0.00%
4196  YP_026221.1      96.42%    failed      0.00%
4197  YP_026222.1      97.34%    failed      0.00%
4198  YP_026223.1      97.05%    failed      0.00%
4199  YP_026224.1      88.67%    failed      0.00%
4200  YP_026225.1      92.69%    failed      0.00%
4201  YP_026226.4      90.71%    failed      0.00%
4202  YP_026227.1      99.72%    passed     46.57%
4203  YP_026228.1      98.24%    failed      0.00%
4204  YP_026229.1      99.60%    passed      5.63%
4205  YP_026230.1      97.80%    failed      0.00%
4206  YP_026231.1      96.65%    failed      0.00%
4207  YP_026232.1      96.59%    failed      0.00%
4208  YP_026233.1      96.93%    failed      0.00%
4209  YP_026237.1      96.93%    failed      0.00%
4210  YP_026238.1      98.35%    failed      0.00%
4211  YP_026239.1      98.16%    failed      0.00%
4212  YP_026240.1      98.25%    failed      0.19%
4213  YP_026241.1      93.55%    failed      0.00%
4214  YP_026242.1      98.07%    failed      0.06%
4215  YP_026243.1      96.12%    failed      0.00%
4216  YP_026244.1      95.01%    failed      0.00%
4217  YP_026245.1      98.15%    failed      0.31%
4218  YP_026246.1      97.76%    failed      0.00%
4219  YP_026247.1      97.52%    failed      0.02%
4220  YP_026248.1      95.05%    failed      0.00%
4221  YP_026251.1      94.60%    failed      0.00%
4222  YP_026252.1      96.03%    failed      0.00%
4223  YP_026253.1      96.98%    failed      0.00%
4224  YP_026254.1      96.63%    failed      0.00%
4225  YP_026255.1      97.15%    failed      0.02%
4226  YP_026256.2      98.20%    failed      0.00%
4227  YP_026257.1      97.12%    failed      0.00%
4228  YP_026258.1      96.30%    failed      0.00%
4229  YP_026259.1      96.70%    failed      0.14%
4230  YP_026260.1      97.49%    failed      0.00%
4231  YP_026261.1      97.96%    failed      0.02%
4232  YP_026262.1      97.62%    failed      0.00%
4233  YP_026263.3      95.11%    failed      0.00%
4234  YP_026264.1      98.35%    failed      0.00%
4235  YP_026265.1      98.35%    failed      0.00%
4236  YP_026266.1      97.27%    failed      0.00%
4237  YP_026267.1      97.86%    failed      0.08%
4238  YP_026268.1      97.82%    failed      0.00%
4239  YP_026269.1      97.99%    failed      0.11%
4240  YP_026270.1      98.63%    failed      0.00%
4241  YP_026271.1      97.91%    failed      0.00%
4242  YP_026272.1      96.89%    failed      0.00%
4243  YP_026273.1      96.12%    failed      0.00%
4244  YP_026274.1      95.13%    failed      0.00%
4245  YP_026275.1      96.25%    failed      0.00%
4246  YP_026276.1      96.64%    failed      0.00%
4247  YP_026277.1      98.67%    failed      0.00%
4248  YP_026278.1      93.31%    failed      0.00%
4249  YP_026279.1      99.47%    failed      0.00%
4250  YP_026280.1      97.94%    failed      0.58%
4251  YP_026281.1      99.12%    failed      0.00%
4252  YP_026282.1      97.98%    failed      0.00%
4253  YP_026283.1      99.67%    passed     20.55%
4254  YP_026284.1      99.61%    failed      4.18%
4255  YP_026285.1      97.50%    failed      0.00%
4256  YP_026286.1      95.99%    failed      0.00%
4257  YP_026287.1      98.66%    failed      0.82%
4258  YP_026288.1      96.81%    failed      0.00%
4259  YP_026290.1      97.56%    failed      0.00%
4260  YP_026291.2      97.92%    failed      0.00%
4261  YP_588435.1      99.41%    passed     55.83%
4262  YP_588437.1      99.63%    failed      0.75%
4263  YP_588439.1      99.63%    passed     23.85%
4264  YP_588440.1      99.52%    failed      0.27%
4265  YP_588441.1      99.42%    failed      0.14%
4266  YP_588442.1      99.48%    passed     51.33%
4267  YP_588443.1      99.77%    failed      0.90%
4268  YP_588444.1      99.70%    passed     50.33%
4269  YP_588445.1      99.27%    passed      8.13%
4270  YP_588446.1      99.54%    failed      0.18%
4271  YP_588447.1      99.42%    failed      0.00%
4272  YP_588449.3      99.63%    passed     11.70%
4273  YP_588450.2      99.56%    failed      1.75%
4274  YP_588451.1      99.55%    failed      1.02%
4275  YP_588452.1      99.51%    failed      0.05%
4276  YP_588453.1      99.29%    failed      0.00%
4277  YP_588454.1      99.38%    failed      0.99%
4278  YP_588455.2      99.72%    passed     16.71%
4279  YP_588456.1      99.37%    failed      0.35%
4280  YP_588458.1      99.33%    passed     25.62%
4281  YP_588459.1      99.16%    failed      0.07%
4282  YP_588460.1      99.72%    failed      0.05%
4283  YP_588461.1      99.33%    failed      1.37%
4284  YP_588462.1      99.11%    failed      0.00%
4285  YP_588463.1      99.47%    passed     60.98%
4286  YP_588464.1      99.42%    failed      0.07%
4287  YP_588465.1      99.47%    failed      0.00%
4288  YP_588466.1      99.47%    failed      4.83%
4289  YP_588467.1      99.42%    passed      7.03%
4290  YP_588468.1      99.47%    passed      8.00%
4291  YP_588469.1      99.21%    passed     44.91%
4292  YP_588470.1      99.45%    passed      8.08%
4293  YP_588471.1      99.22%    passed     40.84%
4294  YP_588472.1      99.32%    failed      0.22%
4295  YP_588473.1      99.46%    failed      0.59%
4296  YP_588474.1      99.54%    failed      0.04%
4297  YP_588476.1      99.26%    failed      0.34%
4298  YP_588477.1      99.32%    failed      2.67%
4299  YP_588478.1      99.37%    failed      0.00%
4300  YP_588479.2      99.57%    failed      0.00%
4301  WP_001181005.1   99.17%    failed      0.61%
4302  WP_005539416.1   99.27%    failed      2.10%
4303  WP_005539760.1   99.65%    failed      0.02%
4304  WP_005542826.1   99.37%    failed      3.60%
4305  WP_005543325.1   99.00%    failed      0.00%
4306  WP_005544066.1   98.49%    failed      0.02%
4307  WP_005544465.1   99.39%    failed      0.00%
4308  WP_005544470.1   99.55%    failed      2.86%
4309  WP_005548786.1   99.01%    failed      0.09%
4310  WP_005596065.1   99.48%    failed      0.00%
4311  WP_005596075.1   99.06%    failed      0.00%
4312  WP_005598105.1   99.40%    failed      2.57%
4313  WP_005613503.1   99.55%    failed      0.30%
4314  WP_005625828.1   99.44%    passed     31.39%
4315  WP_005625868.1   99.70%    failed      0.36%
4316  WP_005625871.1   98.67%    failed      0.00%
4317  WP_005625873.1   99.06%    failed      0.00%
4318  WP_005625877.1   98.96%    failed      0.07%
4319  WP_005625879.1   99.19%    failed      0.02%
4320  WP_005625881.1   98.56%    failed      0.28%
4321  WP_005625886.1   99.32%    failed      0.03%
4322  WP_005625888.1   99.49%    failed      0.21%
4323  WP_005625897.1   99.12%    failed      0.00%
4324  WP_005626527.1   98.39%    failed      0.48%
4325  WP_005626581.1   98.75%    failed      0.00%
4326  WP_005627389.1   99.07%    failed      4.75%
4327  WP_005627617.1   99.42%    passed     33.59%
4328  WP_005627620.1   99.00%    failed      1.82%
4329  WP_005627632.1   99.43%    failed      0.00%
4330  WP_005628151.1   97.58%    failed      0.22%
4331  WP_005628170.1   99.14%    failed      0.00%
4332  WP_005628746.1   98.98%    failed      1.60%
4333  WP_005628783.1   98.29%    failed      0.00%
4334  WP_005628871.1   98.81%    failed      0.00%
4335  WP_005628952.1   99.30%    passed      7.03%
4336  WP_005629111.1   98.27%    failed      0.20%
4337  WP_005629246.1   98.75%    failed      0.00%
4338  WP_005629251.1   97.90%    failed      0.00%
4339  WP_005629464.1   99.12%    failed      0.13%
4340  WP_005629669.1   98.35%    failed      0.00%
4341  WP_005629736.1   99.19%    failed      0.88%
4342  WP_005630043.1   97.69%    failed      0.00%
4343  WP_005630123.1   97.54%    failed      0.07%
4344  WP_005630160.1   98.59%    failed      0.08%
4345  WP_005630220.1   98.84%    failed      0.04%
4346  WP_005630575.1   98.64%    failed      0.07%
4347  WP_005630808.1   98.96%    failed      0.00%
4348  WP_005630840.1   98.86%    failed      0.00%
4349  WP_005630954.1   99.28%    failed      0.00%
4350  WP_005631184.1   99.45%    passed     12.28%
4351  WP_005631186.1   99.16%    passed     17.81%
4352  WP_005631431.1   98.79%    failed      0.14%
4353  WP_005631673.1   99.45%    failed      0.01%
4354  WP_005631770.1   98.16%    failed      1.68%
4355  WP_005631924.1   99.03%    failed      0.03%
4356  WP_005632089.1   99.38%    failed      0.08%
4357  WP_005632504.1   97.79%    failed      0.00%
4358  WP_005632750.1   98.25%    failed      0.11%
4359  WP_005632753.1   98.33%    failed      0.00%
4360  WP_005632756.1   99.21%    failed      0.01%
4361  WP_005632773.1   98.51%    failed      0.00%
4362  WP_005632782.1   99.49%    failed      3.67%
4363  WP_005632797.1   97.53%    failed      0.01%
4364  WP_005632808.1   98.09%    failed      0.00%
4365  WP_005633867.1   98.92%    failed      0.12%
4366  WP_005634417.1   99.41%    failed      0.02%
4367  WP_005634891.1   99.62%    passed     45.39%
4368  WP_005635481.1   99.18%    passed     25.15%
4369  WP_005637214.1   98.23%    failed      0.00%
4370  WP_005639269.1   97.94%    passed      6.30%
4371  WP_005642378.1   98.72%    failed      0.00%
4372  WP_005642563.1   98.58%    failed      0.00%
4373  WP_005643896.1   99.22%    failed      3.07%
4374  WP_005645090.1   98.40%    failed      0.00%
4375  WP_005645552.1   98.07%    failed      0.00%
4376  WP_005645731.1   96.93%    failed      0.00%
4377  WP_005646416.1   97.28%    failed      0.00%
4378  WP_005647046.1   98.42%    failed      0.00%
4379  WP_005647229.1   98.69%    failed      0.00%
4380  WP_005647241.1   98.92%    failed      0.00%
4381  WP_005647267.1   97.54%    failed      0.00%
4382  WP_005647270.1   98.19%    failed      0.00%
4383  WP_005647284.1   97.47%    failed      0.00%
4384  WP_005647404.1   98.16%    failed      0.01%
4385  WP_005647567.1   98.07%    failed      0.00%
4386  WP_005647570.1   96.91%    failed      0.00%
4387  WP_005647600.1   99.14%    failed      0.02%
4388  WP_005647620.1   97.54%    failed      0.00%
4389  WP_005647674.1   99.21%    passed      5.89%
4390  WP_005647733.1   98.19%    passed      5.41%
4391  WP_005647833.1   97.90%    failed      0.00%
4392  WP_005647840.1   98.72%    failed      0.00%
4393  WP_005647842.1   96.59%    failed      0.00%
4394  WP_005647844.1   97.37%    failed      0.00%
4395  WP_005647864.1   98.27%    failed      0.00%
4396  WP_005647883.1   98.31%    failed      0.00%
4397  WP_005647910.1   99.31%    passed     12.77%
4398  WP_005647913.1   99.04%    failed      0.02%
4399  WP_005647965.1   98.71%    failed      0.01%
4400  WP_005647973.1   96.11%    failed      0.00%
4401  WP_005647974.1   99.32%    failed      0.64%
4402  WP_005647993.1   99.07%    failed      0.00%
4403  WP_005647998.1   98.20%    failed      0.75%
4404  WP_005648000.1   98.25%    failed      0.00%
4405  WP_005648011.1   99.38%    failed      0.81%
4406  WP_005648026.1   98.80%    failed      0.51%
4407  WP_005648113.1   97.73%    failed      4.37%
4408  WP_005648125.1   98.72%    passed      7.75%
4409  WP_005648226.1   97.99%    failed      0.00%
4410  WP_005648303.1   99.11%    failed      0.20%
4411  WP_005648336.1   98.91%    failed      0.00%
4412  WP_005648338.1   99.08%    failed      0.00%
4413  WP_005648344.1   99.21%    failed      3.39%
4414  WP_005648352.1   98.04%    failed      0.00%
4415  WP_005648375.1   98.87%    failed      0.00%
4416  WP_005648400.1   98.97%    failed      0.01%
4417  WP_005648410.1   98.84%    failed      0.00%
4418  WP_005648425.1   98.91%    failed      0.00%
4419  WP_005648477.1   99.28%    passed      9.38%
4420  WP_005648534.1   99.75%    failed      0.64%
4421  WP_005648561.1   98.46%    failed      0.00%
4422  WP_005648572.1   98.84%    failed      0.21%
4423  WP_005648623.1   97.59%    failed      0.00%
4424  WP_005648665.1   98.33%    failed      0.00%
4425  WP_005648666.1   96.70%    failed      0.00%
4426  WP_005648709.1   98.60%    failed      0.00%
4427  WP_005648714.1   98.42%    failed      0.00%
4428  WP_005648735.1   99.07%    failed      0.01%
4429  WP_005648746.1   98.56%    failed      0.00%
4430  WP_005648813.1   99.45%    failed      0.06%
4431  WP_005648822.1   99.22%    failed      2.01%
4432  WP_005648824.1   98.62%    failed      0.04%
4433  WP_005648856.1   98.80%    failed      0.00%
4434  WP_005648966.1   96.63%    failed      0.00%
4435  WP_005648994.1   98.88%    failed      2.09%
4436  WP_005649034.1   98.03%    failed      0.00%
4437  WP_005649040.1   98.62%    failed      0.00%
4438  WP_005649046.1   99.37%    failed      2.21%
4439  WP_005649106.1   98.82%    failed      1.94%
4440  WP_005649108.1   98.28%    failed      0.00%
4441  WP_005649190.1   98.88%    failed      0.01%
4442  WP_005649191.1   98.17%    failed      0.00%
4443  WP_005649214.1   99.18%    failed      0.43%
4444  WP_005649350.1   99.49%    passed     15.51%
4445  WP_005649361.1   98.56%    failed      0.00%
4446  WP_005649383.1   98.00%    failed      0.00%
4447  WP_005649391.1   98.23%    failed      0.06%
4448  WP_005649396.1   98.86%    failed      0.00%
4449  WP_005649402.1   96.33%    failed      0.00%
4450  WP_005649427.1   98.60%    failed      0.00%
4451  WP_005649437.1   97.42%    failed      0.00%
4452  WP_005649445.1   98.53%    failed      0.00%
4453  WP_005649467.1   98.16%    failed      0.00%
4454  WP_005649475.1   96.65%    failed      0.00%
4455  WP_005649491.1   99.31%    failed      1.97%
4456  WP_005649496.1   98.45%    failed      0.41%
4457  WP_005649511.1   98.80%    failed      0.00%
4458  WP_005649513.1   97.70%    failed      0.00%
4459  WP_005649523.1   96.11%    failed      0.00%
4460  WP_005649540.1   98.80%    failed      0.06%
4461  WP_005649559.1   97.58%    failed      0.00%
4462  WP_005649577.1   99.24%    failed      0.81%
4463  WP_005649665.1   97.99%    failed      0.00%
4464  WP_005649699.1   96.97%    failed      0.00%
4465  WP_005649826.1   98.23%    failed      0.00%
4466  WP_005649848.1   98.76%    failed      1.80%
4467  WP_005649850.1   94.77%    failed      0.00%
4468  WP_005649852.1   97.02%    failed      0.00%
4469  WP_005649857.1   99.26%    failed      0.73%
4470  WP_005649877.1   96.19%    failed      0.00%
4471  WP_005649880.1   95.20%    failed      0.00%
4472  WP_005649892.1   97.83%    failed      0.18%
4473  WP_005649928.1   97.90%    failed      0.00%
4474  WP_005649949.1   97.67%    failed      0.00%
4475  WP_005649956.1   99.08%    failed      1.00%
4476  WP_005649965.1   99.32%    failed      0.25%
4477  WP_005649967.1   95.38%    failed      0.00%
4478  WP_005649974.1   98.23%    failed      0.00%
4479  WP_005650033.1   98.45%    failed      0.00%
4480  WP_005650087.1   96.98%    failed      0.00%
4481  WP_005650128.1   99.22%    failed      0.00%
4482  WP_005650156.1   98.56%    failed      0.00%
4483  WP_005650217.1   99.14%    passed      6.14%
4484  WP_005650218.1   95.54%    failed      0.00%
4485  WP_005650345.1   98.84%    failed      0.53%
4486  WP_005650353.1   99.34%    passed      9.30%
4487  WP_005650386.1   98.58%    failed      0.03%
4488  WP_005650404.1   99.21%    failed      0.22%
4489  WP_005650445.1   99.29%    passed      5.98%
4490  WP_005650450.1   98.86%    failed      0.01%
4491  WP_005650452.1   98.30%    failed      0.07%
4492  WP_005650453.1   98.80%    failed      1.85%
4493  WP_005650455.1   94.98%    failed      0.00%
4494  WP_005650535.1   99.05%    passed      6.38%
4495  WP_005650594.1   98.70%    failed      0.03%
4496  WP_005650601.1   97.74%    failed      0.00%
4497  WP_005650606.1   98.15%    failed      0.00%
4498  WP_005650678.1   98.80%    passed      6.16%
4499  WP_005650692.1   98.72%    failed      1.18%
4500  WP_005650701.1   97.11%    failed      0.00%
4501  WP_005650775.1   98.76%    passed     16.88%
4502  WP_005650782.1   96.15%    failed      0.00%
4503  WP_005650820.1   99.42%    failed      0.00%
4504  WP_005650837.1   99.21%    failed      0.00%
4505  WP_005650892.1   99.01%    failed      0.00%
4506  WP_005651072.1   97.32%    failed      0.04%
4507  WP_005651258.1   98.43%    failed      0.00%
4508  WP_005651366.1   99.20%    failed      0.00%
4509  WP_005651413.1   98.03%    failed      0.39%
4510  WP_005651417.1   98.11%    failed      0.00%
4511  WP_005651442.1   99.45%    passed     14.81%
4512  WP_005651560.1   98.94%    failed      0.91%
4513  WP_005651580.1   99.30%    failed      0.00%
4514  WP_005651583.1   99.21%    failed      0.51%
4515  WP_005651632.1   98.63%    failed      0.00%
4516  WP_005651674.1   98.69%    failed      0.00%
4517  WP_005651675.1   97.47%    failed      0.00%
4518  WP_005651693.1   99.09%    failed      0.00%
4519  WP_005651701.1   97.90%    failed      0.00%
4520  WP_005651712.1   95.92%    failed      0.00%
4521  WP_005651773.1   96.48%    failed      0.00%
4522  WP_005651790.1   98.35%    failed      0.05%
4523  WP_005651791.1   97.69%    failed      0.03%
4524  WP_005651797.1   97.41%    failed      0.01%
4525  WP_005651799.1   97.50%    failed      0.00%
4526  WP_005651812.1   97.42%    failed      0.00%
4527  WP_005651852.1   98.57%    failed      0.00%
4528  WP_005651858.1   99.45%    failed      0.00%
4529  WP_005652027.1   98.39%    failed      3.48%
4530  WP_005652031.1   98.37%    failed      0.00%
4531  WP_005652035.1   99.33%    failed      0.00%
4532  WP_005652096.1   98.60%    failed      0.35%
4533  WP_005652140.1   98.07%    failed      0.08%
4534  WP_005652235.1   98.77%    failed      0.00%
4535  WP_005652269.1   98.33%    failed      0.00%
4536  WP_005652322.1   97.20%    failed      0.00%
4537  WP_005652350.1   98.27%    failed      0.00%
4538  WP_005652354.1   98.72%    passed     18.60%
4539  WP_005652369.1   98.39%    failed      0.00%
4540  WP_005652371.1   97.81%    failed      0.00%
4541  WP_005652382.1   96.46%    failed      0.00%
4542  WP_005652432.1   95.94%    failed      0.00%
4543  WP_005652434.1   97.30%    failed      0.00%
4544  WP_005652627.1   97.43%    failed      0.08%
4545  WP_005652640.1   96.15%    failed      0.00%
4546  WP_005652728.1   99.42%    passed     15.26%
4547  WP_005652747.1   97.66%    failed      0.04%
4548  WP_005652758.1   98.75%    failed      0.48%
4549  WP_005652786.1   98.68%    failed      3.26%
4550  WP_005652821.1   99.29%    failed      0.07%
4551  WP_005652847.1   99.23%    failed      1.30%
4552  WP_005652947.1   98.33%    failed      0.00%
4553  WP_005652999.1   99.54%    failed      4.12%
4554  WP_005653154.1   98.92%    failed      0.09%
4555  WP_005653280.1   99.61%    failed      0.00%
4556  WP_005653382.1   98.40%    failed      0.00%
4557  WP_005653397.1   99.14%    failed      3.16%
4558  WP_005653606.1   98.65%    failed      0.00%
4559  WP_005653635.1   99.08%    failed      0.00%
4560  WP_005653671.1   97.63%    failed      0.00%
4561  WP_005653793.1   96.70%    failed      0.00%
4562  WP_005653794.1   98.04%    failed      0.00%
4563  WP_005653814.1   93.82%    failed      0.00%
4564  WP_005653834.1   97.91%    failed      0.05%
4565  WP_005653863.1   98.60%    failed      0.28%
4566  WP_005653865.1   99.34%    failed      1.06%
4567  WP_005654045.1   99.10%    failed      0.07%
4568  WP_005654053.1   98.11%    failed      0.00%
4569  WP_005654127.1   98.97%    failed      1.73%
4570  WP_005654151.1   98.23%    failed      0.00%
4571  WP_005654167.1   99.35%    failed      1.14%
4572  WP_005654219.1   97.66%    failed      0.00%
4573  WP_005654296.1   97.48%    failed      0.00%
4574  WP_005654301.1   96.05%    failed      0.00%
4575  WP_005654344.1   99.44%    failed      3.27%
4576  WP_005654374.1   98.06%    failed      0.00%
4577  WP_005654382.1   98.31%    failed      0.00%
4578  WP_005654445.1   98.29%    failed      0.39%
4579  WP_005654471.1   98.24%    passed     12.94%
4580  WP_005654480.1   97.74%    failed      0.00%
4581  WP_005654516.1   98.09%    failed      0.00%
4582  WP_005654693.1   97.35%    failed      0.00%
4583  WP_005654696.1   98.95%    failed      0.00%
4584  WP_005654778.1   96.85%    failed      0.00%
4585  WP_005654786.1   97.86%    failed      0.00%
4586  WP_005654861.1   98.99%    failed      0.03%
4587  WP_005654959.1   97.16%    failed      0.00%
4588  WP_005655029.1   95.96%    failed      0.00%
4589  WP_005655034.1   98.83%    failed      0.00%
4590  WP_005655267.1   98.19%    failed      0.00%
4591  WP_005655473.1   99.19%    failed      3.10%
4592  WP_005655513.1   96.47%    failed      0.00%
4593  WP_005655521.1   97.80%    failed      0.23%
4594  WP_005655572.1   97.58%    failed      0.00%
4595  WP_005655593.1   98.58%    failed      0.00%
4596  WP_005655641.1   98.51%    failed      0.00%
4597  WP_005655643.1   98.76%    failed      2.88%
4598  WP_005655733.1   98.03%    failed      0.00%
4599  WP_005655841.1   99.20%    failed      0.05%
4600  WP_005655860.1   98.08%    failed      0.30%
4601  WP_005655956.1   96.40%    failed      0.00%
4602  WP_005655985.1   97.33%    failed      0.00%
4603  WP_005656008.1   98.35%    passed      8.15%
4604  WP_005656158.1   99.61%    passed     12.47%
4605  WP_005656206.1   99.05%    failed      0.10%
4606  WP_005656225.1   97.84%    failed      0.00%
4607  WP_005656255.1   99.45%    passed      8.07%
4608  WP_005656358.1   97.65%    failed      0.00%
4609  WP_005656371.1   99.49%    failed      0.60%
4610  WP_005656373.1   99.09%    failed      1.73%
4611  WP_005656529.1   97.57%    failed      0.00%
4612  WP_005656697.1   98.38%    failed      0.06%
4613  WP_005656744.1   97.47%    failed      0.00%
4614  WP_005657282.1   97.33%    failed      0.00%
4615  WP_005657352.1   98.55%    failed      0.00%
4616  WP_005657488.1   98.79%    failed      0.12%
4617  WP_005657657.1   98.45%    failed      0.00%
4618  WP_005657798.1   97.93%    failed      0.00%
4619  WP_005657800.1   98.70%    failed      0.00%
4620  WP_005657804.1   97.18%    failed      0.00%
4621  WP_005657841.1   97.58%    failed      0.00%
4622  WP_005658208.1   98.11%    failed      0.00%
4623  WP_005658306.1   99.12%    failed      0.00%
4624  WP_005658446.1   99.51%    passed     19.74%
4625  WP_005658466.1   98.32%    failed      0.00%
4626  WP_005658680.1   98.97%    failed      0.00%
4627  WP_005658683.1   98.48%    failed      0.11%
4628  WP_005659127.1   98.66%    failed      0.03%
4629  WP_005659678.1   98.53%    failed      1.34%
4630  WP_005659757.1   99.00%    failed      0.00%
4631  WP_005659892.1   98.80%    failed      0.07%
4632  WP_005660149.1   97.51%    failed      0.00%
4633  WP_005660595.1   98.76%    failed      0.16%
4634  WP_005660680.1   96.48%    failed      0.00%
4635  WP_005660876.1   97.63%    failed      0.00%
4636  WP_005661154.1   97.04%    failed      0.00%
4637  WP_005661211.1   99.26%    failed      0.32%
4638  WP_005661219.1   97.89%    failed      0.00%
4639  WP_005661259.1   99.21%    failed      4.12%
4640  WP_005661387.1   98.03%    failed      0.00%
4641  WP_005661551.1   98.00%    failed      0.01%
4642  WP_005661561.1   97.95%    failed      0.00%
4643  WP_005661954.1   96.70%    failed      0.00%
4644  WP_005662331.1   97.94%    failed      0.00%
4645  WP_005662421.1   98.06%    failed      0.00%
4646  WP_005662665.1   98.27%    failed      0.00%
4647  WP_005662813.1   97.94%    failed      0.00%
4648  WP_005662887.1   99.26%    failed      0.31%
4649  WP_005663077.1   97.33%    failed      0.00%
4650  WP_005663264.1   97.86%    failed      0.10%
4651  WP_005663293.1   95.99%    failed      0.00%
4652  WP_005663309.1   98.92%    failed      0.01%
4653  WP_005663315.1   98.09%    failed      0.08%
4654  WP_005663323.1   98.76%    failed      0.00%
4655  WP_005663537.1   99.15%    failed      0.00%
4656  WP_005663812.1   98.87%    failed      4.70%
4657  WP_005663910.1   99.39%    passed     39.30%
4658  WP_005664106.1   99.07%    failed      0.10%
4659  WP_005664214.1   97.42%    failed      0.00%
4660  WP_005664327.1   96.40%    failed      0.00%
4661  WP_005664344.1   97.95%    failed      0.00%
4662  WP_005664434.1   97.79%    failed      0.24%
4663  WP_005664572.1   98.72%    failed      0.00%
4664  WP_005665007.1   98.56%    failed      0.00%
4665  WP_005665016.1   94.24%    failed      0.00%
4666  WP_005665148.1   99.17%    failed      0.00%
4667  WP_005665886.1   94.62%    failed      0.00%
4668  WP_005665936.1   97.61%    failed      0.00%
4669  WP_005665973.1   97.58%    failed      0.00%
4670  WP_005666039.1   97.96%    failed      0.00%
4671  WP_005666065.1   96.34%    failed      0.00%
4672  WP_005666147.1   98.03%    failed      0.00%
4673  WP_005666204.1   96.85%    failed      0.00%
4674  WP_005666423.1   89.22%    failed      0.00%
4675  WP_005666442.1   97.19%    failed      0.00%
4676  WP_005666536.1   97.85%    failed      0.00%
4677  WP_005666620.1   97.74%    failed      0.00%
4678  WP_005666622.1   97.82%    failed      0.00%
4679  WP_005666700.1   96.69%    failed      0.00%
4680  WP_005666735.1   99.09%    failed      0.00%
4681  WP_005666869.1   98.25%    failed      0.94%
4682  WP_005666933.1   98.97%    failed      1.61%
4683  WP_005667179.1   96.66%    failed      0.00%
4684  WP_005667227.1   98.15%    failed      0.00%
4685  WP_005667389.1   98.66%    failed      0.00%
4686  WP_005667393.1   97.41%    failed      0.01%
4687  WP_005667400.1   98.34%    failed      0.27%
4688  WP_005667563.1   97.50%    failed      0.00%
4689  WP_005667564.1   96.84%    failed      0.00%
4690  WP_005667625.1   95.57%    failed      0.00%
4691  WP_005668011.1   95.25%    failed      0.00%
4692  WP_005668014.1   97.70%    failed      0.00%
4693  WP_005668021.1   97.31%    failed      0.04%
4694  WP_005668023.1   99.24%    failed      0.00%
4695  WP_005668096.1   97.22%    failed      0.00%
4696  WP_005668108.1   99.17%    failed      0.86%
4697  WP_005668148.1   97.83%    failed      2.61%
4698  WP_005668173.1   96.15%    failed      0.01%
4699  WP_005669329.1   96.57%    failed      0.00%
4700  WP_005669389.1   98.70%    failed      0.00%
4701  WP_005669745.1   98.15%    failed      1.82%
4702  WP_005670174.1   98.84%    failed      0.00%
4703  WP_005670186.1   95.61%    failed      0.00%
4704  WP_005670537.1   97.84%    failed      0.00%
4705  WP_005671149.1   96.74%    failed      0.00%
4706  WP_005671546.1   95.40%    failed      0.00%
4707  WP_005672105.1   97.66%    failed      0.00%
4708  WP_005672404.1   99.44%    failed      1.07%
4709  WP_005672747.1   99.15%    passed      5.84%
4710  WP_005686318.1   95.07%    failed      0.00%
4711  WP_005686372.1   99.32%    passed     31.94%
4712  WP_005686388.1   98.77%    failed      0.07%
4713  WP_005686427.1   98.79%    failed      2.85%
4714  WP_005686506.1   98.31%    failed      0.28%
4715  WP_005686665.1   97.40%    failed      0.00%
4716  WP_005686672.1   98.81%    failed      0.00%
4717  WP_005686697.1   98.29%    failed      0.01%
4718  WP_005686915.1   98.59%    failed      0.34%
4719  WP_005687041.1   99.19%    passed     12.08%
4720  WP_005687043.1   99.23%    failed      0.01%
4721  WP_005687358.1   98.46%    failed      0.03%
4722  WP_005687477.1   97.18%    failed      0.00%
4723  WP_005687499.1   98.00%    failed      0.00%
4724  WP_005687916.1   98.73%    failed      0.01%
4725  WP_005688499.1   98.83%    failed      0.73%
4726  WP_005688500.1   99.44%    failed      0.00%
4727  WP_005688501.1   98.57%    failed      0.09%
4728  WP_005688502.1   99.60%    passed      5.42%
4729  WP_005688622.1   98.51%    failed      0.84%
4730  WP_005688698.1   95.88%    failed      0.00%
4731  WP_005688980.1   98.92%    failed      0.93%
4732  WP_005689023.1   98.07%    failed      0.40%
4733  WP_005689200.1   98.18%    failed      0.00%
4734  WP_005689698.1   97.94%    failed      0.00%
4735  WP_005689987.1   97.88%    failed      0.00%
4736  WP_005690872.1   98.47%    failed      0.01%
4737  WP_005691143.1   97.37%    failed      0.00%
4738  WP_005691176.1   98.79%    failed      0.10%
4739  WP_005691222.1   99.24%    passed     11.55%
4740  WP_005691264.1   98.79%    failed      0.02%
4741  WP_005691265.1   99.24%    failed      0.00%
4742  WP_005691510.1   97.46%    failed      0.00%
4743  WP_005691542.1   98.92%    failed      0.18%
4744  WP_005691699.1   96.03%    failed      0.00%
4745  WP_005691796.1   97.29%    failed      0.00%
4746  WP_005692076.1   98.25%    failed      0.00%
4747  WP_005692348.1   99.67%    passed      9.91%
4748  WP_005692390.1   97.63%    failed      0.00%
4749  WP_005692755.1   92.59%    failed      0.00%
4750  WP_005693026.1   96.35%    failed      0.00%
4751  WP_005693127.1   98.51%    failed      0.00%
4752  WP_005693128.1   98.83%    failed      0.00%
4753  WP_005693130.1   96.67%    failed      0.00%
4754  WP_005693132.1   95.03%    failed      0.00%
4755  WP_005693134.1   95.41%    failed      0.00%
4756  WP_005693139.1   98.10%    failed      0.00%
4757  WP_005693140.1   95.92%    failed      0.00%
4758  WP_005693141.1   97.87%    failed      0.00%
4759  WP_005693142.1   95.09%    failed      0.00%
4760  WP_005693144.1   90.70%    failed      0.00%
4761  WP_005693146.1   99.12%    failed      0.70%
4762  WP_005693147.1   98.81%    failed      0.02%
4763  WP_005693148.1   96.44%    failed      0.00%
4764  WP_005693149.1   93.50%    failed      0.00%
4765  WP_005693150.1   98.68%    failed      0.01%
4766  WP_005693152.1   96.93%    failed      0.00%
4767  WP_005693153.1   97.57%    failed      0.00%
4768  WP_005693155.1   96.71%    failed      0.00%
4769  WP_005693156.1   98.18%    failed      1.05%
4770  WP_005693157.1   96.97%    failed      0.48%
4771  WP_005693158.1   97.13%    failed      0.00%
4772  WP_005693159.1   98.19%    passed     16.60%
4773  WP_005693161.1   98.45%    failed      0.04%
4774  WP_005693163.1   96.41%    failed      0.00%
4775  WP_005693164.1   98.21%    failed      0.00%
4776  WP_005693165.1   98.26%    failed      0.00%
4777  WP_005693167.1   98.11%    failed      0.00%
4778  WP_005693169.1   99.53%    passed     21.56%
4779  WP_005693170.1   98.35%    failed      0.00%
4780  WP_005693174.1   97.85%    failed      0.00%
4781  WP_005693175.1   96.81%    failed      0.00%
4782  WP_005693176.1   97.65%    failed      0.00%
4783  WP_005693177.1   96.33%    failed      0.00%
4784  WP_005693178.1   97.63%    failed      0.00%
4785  WP_005693180.1   96.55%    failed      0.00%
4786  WP_005693181.1   98.54%    failed      0.00%
4787  WP_005693182.1   97.27%    failed      0.02%
4788  WP_005693184.1   97.20%    failed      0.00%
4789  WP_005693189.1   98.18%    failed      0.00%
4790  WP_005693190.1   98.90%    failed      0.08%
4791  WP_005693192.1   99.42%    failed      0.80%
4792  WP_005693193.1   95.30%    failed      0.00%
4793  WP_005693194.1   98.46%    failed      0.61%
4794  WP_005693195.1   99.29%    failed      0.18%
4795  WP_005693196.1   98.35%    failed      0.00%
4796  WP_005693197.1   97.09%    failed      0.00%
4797  WP_005693198.1   97.94%    failed      0.00%
4798  WP_005693201.1   97.97%    failed      0.01%
4799  WP_005693202.1   99.08%    failed      0.00%
4800  WP_005693204.1   92.53%    failed      0.00%
4801  WP_005693206.1   98.50%    failed      0.02%
4802  WP_005693208.1   98.11%    failed      0.00%
4803  WP_005693211.1   95.05%    failed      0.00%
4804  WP_005693212.1   96.21%    failed      0.00%
4805  WP_005693214.1   98.34%    failed      0.00%
4806  WP_005693216.1   96.76%    failed      0.00%
4807  WP_005693221.1   97.54%    failed      0.00%
4808  WP_005693225.1   97.29%    failed      0.70%
4809  WP_005693230.1   96.87%    failed      0.00%
4810  WP_005693231.1   97.54%    failed      0.00%
4811  WP_005693233.1   97.36%    failed      0.00%
4812  WP_005693234.1   95.35%    failed      0.00%
4813  WP_005693236.1   98.92%    failed      0.00%
4814  WP_005693238.1   95.73%    failed      0.00%
4815  WP_005693239.1   96.56%    failed      0.00%
4816  WP_005693240.1   96.62%    failed      0.00%
4817  WP_005693244.1   98.50%    failed      0.00%
4818  WP_005693246.1   96.81%    failed      0.00%
4819  WP_005693249.1   95.91%    failed      0.00%
4820  WP_005693250.1   96.87%    failed      0.00%
4821  WP_005693251.1   97.05%    failed      0.00%
4822  WP_005693252.1   98.43%    passed      5.99%
4823  WP_005693253.1   97.88%    failed      0.00%
4824  WP_005693254.1   97.85%    failed      0.00%
4825  WP_005693256.1   98.61%    failed      0.48%
4826  WP_005693258.1   99.17%    failed      0.01%
4827  WP_005693259.1   92.77%    failed      0.00%
4828  WP_005693261.1   97.73%    failed      0.00%
4829  WP_005693262.1   97.26%    failed      0.00%
4830  WP_005693263.1   98.42%    failed      0.00%
4831  WP_005693264.1   93.62%    failed      0.00%
4832  WP_005693265.1   96.44%    failed      0.00%
4833  WP_005693266.1   97.69%    failed      0.00%
4834  WP_005693268.1   93.09%    failed      0.00%
4835  WP_005693269.1   97.24%    failed      0.00%
4836  WP_005693270.1   94.48%    failed      0.00%
4837  WP_005693271.1   99.03%    failed      1.49%
4838  WP_005693272.1   99.31%    failed      3.61%
4839  WP_005693274.1   95.92%    failed      0.00%
4840  WP_005693280.1   96.78%    failed      0.00%
4841  WP_005693281.1   96.92%    failed      0.00%
4842  WP_005693282.1   98.59%    failed      0.04%
4843  WP_005693283.1   94.90%    failed      0.00%
4844  WP_005693284.1   97.86%    failed      0.00%
4845  WP_005693285.1   98.64%    failed      3.64%
4846  WP_005693287.1   98.09%    failed      0.00%
4847  WP_005693290.1   91.00%    failed      0.00%
4848  WP_005693291.1   97.01%    failed      0.00%
4849  WP_005693293.1   97.82%    failed      0.00%
4850  WP_005693296.1   95.90%    failed      0.00%
4851  WP_005693298.1   96.36%    failed      0.00%
4852  WP_005693302.1   96.79%    failed      0.00%
4853  WP_005693305.1   96.85%    failed      0.00%
4854  WP_005693307.1   97.18%    failed      0.00%
4855  WP_005693313.1   98.49%    failed      0.66%
4856  WP_005693314.1   97.71%    failed      0.46%
4857  WP_005693317.1   98.76%    failed      0.00%
4858  WP_005693319.1   97.68%    failed      0.00%
4859  WP_005693323.1   98.45%    failed      0.87%
4860  WP_005693325.1   97.01%    failed      0.00%
4861  WP_005693326.1   95.87%    failed      0.00%
4862  WP_005693328.1   97.13%    failed      0.00%
4863  WP_005693329.1   96.24%    failed      0.00%
4864  WP_005693330.1   98.39%    passed      7.97%
4865  WP_005693332.1   86.40%    failed      0.00%
4866  WP_005693333.1   97.12%    failed      0.00%
4867  WP_005693335.1   97.06%    failed      0.00%
4868  WP_005693336.1   96.36%    failed      0.00%
4869  WP_005693337.1   92.68%    failed      0.00%
4870  WP_005693338.1   94.98%    failed      0.00%
4871  WP_005693342.1   95.66%    failed      0.00%
4872  WP_005693343.1   96.37%    failed      0.00%
4873  WP_005693345.1   95.83%    failed      0.00%
4874  WP_005693348.1   96.68%    failed      0.00%
4875  WP_005693349.1   97.93%    failed      0.01%
4876  WP_005693350.1   97.47%    failed      0.01%
4877  WP_005693351.1   96.08%    failed      0.00%
4878  WP_005693356.1   97.33%    failed      0.00%
4879  WP_005693357.1   95.68%    failed      0.00%
4880  WP_005693359.1   98.19%    failed      0.00%
4881  WP_005693360.1   97.70%    failed      0.00%
4882  WP_005693365.1   97.33%    failed      0.25%
4883  WP_005693372.1   96.79%    failed      0.00%
4884  WP_005693380.1   98.37%    failed      0.00%
4885  WP_005693381.1   97.76%    failed      0.00%
4886  WP_005693382.1   93.53%    failed      0.00%
4887  WP_005693388.1   98.42%    failed      0.00%
4888  WP_005693391.1   98.10%    failed      0.00%
4889  WP_005693393.1   97.42%    failed      0.00%
4890  WP_005693396.1   99.00%    failed      0.00%
4891  WP_005693397.1   98.80%    failed      0.00%
4892  WP_005693400.1   95.62%    failed      0.00%
4893  WP_005693404.1   98.09%    failed      0.00%
4894  WP_005693405.1   96.60%    failed      0.00%
4895  WP_005693407.1   99.16%    failed      0.07%
4896  WP_005693408.1   98.28%    failed      0.00%
4897  WP_005693409.1   98.66%    failed      0.00%
4898  WP_005693411.1   97.90%    failed      0.00%
4899  WP_005693412.1   97.88%    failed      0.00%
4900  WP_005693413.1   98.27%    failed      0.02%
4901  WP_005693414.1   98.30%    failed      0.00%
4902  WP_005693415.1   98.03%    failed      0.00%
4903  WP_005693416.1   99.46%    passed     14.49%
4904  WP_005693417.1   98.61%    failed      0.03%
4905  WP_005693418.1   94.80%    failed      0.00%
4906  WP_005693419.1   97.55%    failed      0.00%
4907  WP_005693425.1   97.37%    failed      0.00%
4908  WP_005693426.1   97.82%    failed      0.00%
4909  WP_005693427.1   97.46%    failed      0.00%
4910  WP_005693428.1   96.73%    failed      0.00%
4911  WP_005693429.1   97.22%    failed      0.00%
4912  WP_005693435.1   95.96%    failed      0.00%
4913  WP_005693436.1   97.33%    failed      0.00%
4914  WP_005693438.1   98.66%    failed      0.28%
4915  WP_005693439.1   98.21%    failed      0.00%
4916  WP_005693444.1   97.46%    failed      0.00%
4917  WP_005693446.1   95.10%    failed      0.00%
4918  WP_005693448.1   96.08%    failed      0.00%
4919  WP_005693450.1   96.49%    failed      0.00%
4920  WP_005693451.1   97.18%    failed      0.00%
4921  WP_005693453.1   96.19%    failed      0.00%
4922  WP_005693454.1   97.54%    failed      0.00%
4923  WP_005693455.1   97.96%    failed      0.03%
4924  WP_005693456.1   96.59%    failed      0.00%
4925  WP_005693457.1   96.62%    failed      0.00%
4926  WP_005693459.1   97.55%    failed      0.00%
4927  WP_005693461.1   98.68%    failed      0.01%
4928  WP_005693464.1   98.62%    failed      0.00%
4929  WP_005693467.1   96.38%    failed      0.00%
4930  WP_005693468.1   98.56%    failed      0.01%
4931  WP_005693469.1   96.47%    failed      0.00%
4932  WP_005693470.1   98.76%    passed     31.73%
4933  WP_005693471.1   95.38%    failed      0.00%
4934  WP_005693472.1   95.30%    failed      0.00%
4935  WP_005693473.1   97.45%    failed      0.00%
4936  WP_005693475.1   97.41%    failed      0.03%
4937  WP_005693476.1   98.89%    failed      1.19%
4938  WP_005693484.1   95.27%    failed      0.00%
4939  WP_005693485.1   99.08%    failed      1.92%
4940  WP_005693486.1   97.97%    failed      0.00%
4941  WP_005693487.1   97.29%    failed      0.00%
4942  WP_005693488.1   97.18%    failed      0.00%
4943  WP_005693490.1   97.74%    failed      0.00%
4944  WP_005693492.1   98.08%    failed      0.02%
4945  WP_005693493.1   99.29%    passed     11.47%
4946  WP_005693495.1   99.28%    passed      7.12%
4947  WP_005693497.1   98.75%    failed      0.00%
4948  WP_005693500.1   98.64%    failed      0.00%
4949  WP_005693501.1   99.57%    failed      2.32%
4950  WP_005693504.1   99.41%    failed      0.96%
4951  WP_005693505.1   99.54%    passed     20.05%
4952  WP_005693506.1   98.51%    failed      0.10%
4953  WP_005693508.1   98.52%    failed      0.00%
4954  WP_005693510.1   98.65%    failed      0.23%
4955  WP_005693512.1   99.31%    failed      4.56%
4956  WP_005693513.1   99.33%    failed      0.73%
4957  WP_005693516.1   99.40%    failed      2.26%
4958  WP_005693520.1   95.92%    failed      0.00%
4959  WP_005693523.1   98.83%    failed      0.03%
4960  WP_005693524.1   97.15%    failed      0.00%
4961  WP_005693526.1   97.53%    failed      0.00%
4962  WP_005693530.1   98.53%    passed      5.11%
4963  WP_005693531.1   99.49%    failed      1.27%
4964  WP_005693532.1   96.09%    failed      0.00%
4965  WP_005693533.1   99.05%    failed      3.10%
4966  WP_005693534.1   98.98%    failed      0.00%
4967  WP_005693539.1   98.54%    failed      0.10%
4968  WP_005693540.1   98.92%    failed      0.00%
4969  WP_005693541.1   97.15%    failed      0.00%
4970  WP_005693543.1   95.00%    failed      0.00%
4971  WP_005693545.1   99.69%    passed     16.31%
4972  WP_005693547.1   98.03%    failed      0.00%
4973  WP_005693548.1   96.18%    failed      0.00%
4974  WP_005693550.1   97.50%    failed      1.79%
4975  WP_005693553.1   94.93%    failed      0.00%
4976  WP_005693555.1   94.00%    failed      0.00%
4977  WP_005693557.1   96.76%    failed      0.00%
4978  WP_005693559.1   97.58%    failed      0.00%
4979  WP_005693560.1   96.74%    failed      0.00%
4980  WP_005693563.1   98.13%    failed      0.00%
4981  WP_005693564.1   97.87%    failed      0.23%
4982  WP_005693566.1   95.06%    failed      0.00%
4983  WP_005693567.1   98.52%    failed      0.05%
4984  WP_005693568.1   98.52%    failed      0.00%
4985  WP_005693569.1   98.38%    failed      0.04%
4986  WP_005693575.1   98.18%    failed      0.00%
4987  WP_005693577.1   97.91%    failed      0.00%
4988  WP_005693578.1   98.27%    passed     23.25%
4989  WP_005693580.1   96.95%    failed      0.00%
4990  WP_005693582.1   96.55%    failed      0.00%
4991  WP_005693583.1   97.47%    failed      0.00%
4992  WP_005693586.1   97.72%    failed      0.00%
4993  WP_005693587.1   97.66%    failed      0.00%
4994  WP_005693592.1   98.89%    failed      0.13%
4995  WP_005693598.1   97.11%    failed      0.00%
4996  WP_005693601.1   97.41%    failed      0.00%
4997  WP_005693602.1   95.37%    failed      0.00%
4998  WP_005693604.1   97.77%    failed      0.00%
4999  WP_005693605.1   96.53%    failed      0.00%
5000  WP_005693608.1   98.35%    failed      0.00%
5001  WP_005693612.1   96.32%    failed      0.00%
5002  WP_005693614.1   98.09%    failed      0.02%
5003  WP_005693619.1   96.66%    failed      0.00%
5004  WP_005693623.1   96.28%    failed      0.00%
5005  WP_005693624.1   98.36%    failed      0.02%
5006  WP_005693625.1   93.02%    failed      0.00%
5007  WP_005693627.1   98.68%    failed      0.01%
5008  WP_005693629.1   97.09%    failed      0.00%
5009  WP_005693630.1   96.82%    failed      0.00%
5010  WP_005693633.1   98.35%    failed      0.00%
5011  WP_005693634.1   98.71%    failed      0.05%
5012  WP_005693636.1   98.09%    failed      0.00%
5013  WP_005693637.1   99.07%    passed      6.64%
5014  WP_005693640.1   98.47%    failed      0.00%
5015  WP_005693641.1   99.03%    failed      0.27%
5016  WP_005693644.1   92.94%    failed      0.00%
5017  WP_005693645.1   96.23%    failed      0.00%
5018  WP_005693646.1   95.46%    failed      0.00%
5019  WP_005693647.1   97.42%    failed      0.00%
5020  WP_005693648.1   97.63%    failed      0.00%
5021  WP_005693649.1   97.20%    failed      0.00%
5022  WP_005693652.1   97.29%    failed      0.00%
5023  WP_005693653.1   97.84%    passed      6.98%
5024  WP_005693654.1   97.33%    failed      0.00%
5025  WP_005693659.1   88.64%    failed      0.00%
5026  WP_005693662.1   97.93%    failed      0.00%
5027  WP_005693665.1   98.08%    failed      0.06%
5028  WP_005693667.1   97.33%    failed      0.00%
5029  WP_005693668.1   97.54%    failed      0.00%
5030  WP_005693669.1   97.66%    failed      0.00%
5031  WP_005693671.1   96.04%    failed      0.00%
5032  WP_005693672.1   98.88%    failed      0.09%
5033  WP_005693676.1   96.54%    failed      0.00%
5034  WP_005693682.1   98.66%    passed      8.47%
5035  WP_005693683.1   98.74%    failed      0.00%
5036  WP_005693684.1   99.00%    failed      0.92%
5037  WP_005693686.1   97.68%    failed      0.00%
5038  WP_005693687.1   96.79%    failed      0.00%
5039  WP_005693688.1   97.93%    failed      0.00%
5040  WP_005693689.1   98.40%    failed      0.35%
5041  WP_005693690.1   97.09%    failed      0.00%
5042  WP_005693694.1   97.70%    failed      0.00%
5043  WP_005693695.1   97.75%    failed      0.00%
5044  WP_005693698.1   96.71%    failed      0.00%
5045  WP_005693699.1   98.24%    failed      0.00%
5046  WP_005693701.1   96.93%    failed      0.00%
5047  WP_005693703.1   93.55%    failed      0.00%
5048  WP_005693704.1   97.66%    failed      0.00%
5049  WP_005693705.1   97.89%    failed      0.00%
5050  WP_005693707.1   97.21%    failed      0.00%
5051  WP_005693712.1   99.27%    passed     22.64%
5052  WP_005693713.1   95.99%    failed      0.00%
5053  WP_005693714.1   97.49%    failed      0.00%
5054  WP_005693715.1   95.54%    failed      0.00%
5055  WP_005693717.1   99.10%    failed      0.00%
5056  WP_005693718.1   94.77%    failed      0.00%
5057  WP_005693720.1   97.74%    failed      0.00%
5058  WP_005693721.1   93.06%    failed      0.00%
5059  WP_005693722.1   97.87%    failed      0.00%
5060  WP_005693724.1   98.65%    failed      0.00%
5061  WP_005693726.1   98.61%    failed      0.00%
5062  WP_005693727.1   98.90%    failed      4.16%
5063  WP_005693728.1   96.43%    failed      0.00%
5064  WP_005693730.1   98.41%    failed      0.58%
5065  WP_005693731.1   97.88%    failed      0.40%
5066  WP_005693732.1   98.43%    failed      0.00%
5067  WP_005693737.1   98.58%    failed      0.00%
5068  WP_005693739.1   96.35%    failed      0.00%
5069  WP_005693740.1   97.18%    failed      0.00%
5070  WP_005693742.1   96.48%    failed      0.00%
5071  WP_005693744.1   99.21%    failed      0.86%
5072  WP_005693745.1   96.31%    failed      0.01%
5073  WP_005693747.1   98.19%    failed      0.02%
5074  WP_005693748.1   97.84%    failed      0.00%
5075  WP_005693754.1   97.42%    failed      0.00%
5076  WP_005693756.1   99.27%    passed     16.02%
5077  WP_005693758.1   97.45%    failed      0.00%
5078  WP_005693761.1   97.90%    failed      0.00%
5079  WP_005693763.1   97.47%    failed      0.00%
5080  WP_005693764.1   96.55%    failed      0.00%
5081  WP_005693765.1   98.21%    failed      0.00%
5082  WP_005693768.1   96.32%    failed      0.00%
5083  WP_005693769.1   99.24%    failed      1.27%
5084  WP_005693770.1   97.80%    failed      0.02%
5085  WP_005693773.1   96.48%    failed      0.00%
5086  WP_005693774.1   96.76%    failed      0.00%
5087  WP_005693775.1   98.44%    failed      0.01%
5088  WP_005693776.1   97.09%    failed      0.00%
5089  WP_005693780.1   95.49%    failed      0.00%
5090  WP_005693781.1   98.53%    passed     15.04%
5091  WP_005693782.1   98.11%    failed      0.00%
5092  WP_005693783.1   94.86%    failed      0.00%
5093  WP_005693784.1   98.91%    failed      0.04%
5094  WP_005693785.1   97.01%    failed      0.00%
5095  WP_005693786.1   96.57%    failed      0.00%
5096  WP_005693788.1   99.14%    failed      0.21%
5097  WP_005693789.1   98.60%    failed      0.00%
5098  WP_005693791.1   98.17%    failed      4.43%
5099  WP_005693792.1   95.03%    failed      0.00%
5100  WP_005693794.1   98.36%    failed      0.00%
5101  WP_005693795.1   96.60%    failed      0.00%
5102  WP_005693796.1   97.05%    failed      0.00%
5103  WP_005693797.1   97.57%    failed      0.00%
5104  WP_005693799.1   98.56%    failed      0.00%
5105  WP_005693802.1   97.66%    failed      0.00%
5106  WP_005693803.1   97.48%    failed      0.00%
5107  WP_005693804.1   98.03%    failed      0.00%
5108  WP_005693805.1   98.07%    failed      0.00%
5109  WP_005693808.1   98.32%    failed      0.06%
5110  WP_005693809.1   96.56%    failed      0.00%
5111  WP_005693810.1   99.09%    failed      0.26%
5112  WP_005693811.1   97.62%    failed      0.00%
5113  WP_005693814.1   96.29%    failed      0.00%
5114  WP_005693817.1   99.08%    failed      2.84%
5115  WP_005693818.1   96.97%    failed      0.00%
5116  WP_005693820.1   97.14%    failed      0.00%
5117  WP_005693822.1   98.47%    failed      0.00%
5118  WP_005693825.1   97.99%    failed      0.00%
5119  WP_005693826.1   99.15%    failed      0.05%
5120  WP_005693827.1   97.05%    failed      0.00%
5121  WP_005693828.1   96.64%    failed      0.00%
5122  WP_005693829.1   98.10%    failed      0.01%
5123  WP_005693830.1   93.46%    failed      0.00%
5124  WP_005693831.1   96.59%    failed      0.00%
5125  WP_005693834.1   97.34%    failed      0.00%
5126  WP_005693835.1   99.14%    failed      3.81%
5127  WP_005693839.1   97.90%    failed      0.02%
5128  WP_005693840.1   98.85%    failed      0.12%
5129  WP_005693842.1   98.64%    failed      0.36%
5130  WP_005693844.1   96.32%    failed      0.00%
5131  WP_005693845.1   97.69%    failed      0.00%
5132  WP_005693846.1   97.70%    failed      0.38%
5133  WP_005693847.1   94.32%    failed      0.00%
5134  WP_005693848.1   98.83%    failed      0.27%
5135  WP_005693849.1   99.08%    failed      0.04%
5136  WP_005693852.1   95.52%    failed      0.00%
5137  WP_005693853.1   92.12%    failed      0.00%
5138  WP_005693854.1   97.50%    failed      0.00%
5139  WP_005693855.1   94.95%    failed      0.00%
5140  WP_005693856.1   96.53%    failed      0.00%
5141  WP_005693857.1   98.73%    failed      0.30%
5142  WP_005693858.1   98.72%    failed      0.08%
5143  WP_005693861.1   93.67%    failed      0.00%
5144  WP_005693863.1   97.33%    failed      0.00%
5145  WP_005693864.1   97.96%    failed      0.00%
5146  WP_005693865.1   95.11%    failed      0.00%
5147  WP_005693866.1   98.10%    failed      0.00%
5148  WP_005693870.1   97.37%    failed      0.00%
5149  WP_005693872.1   97.48%    failed      0.00%
5150  WP_005693874.1   98.30%    failed      0.00%
5151  WP_005693879.1   98.20%    failed      0.01%
5152  WP_005693880.1   95.58%    failed      0.00%
5153  WP_005693881.1   96.85%    failed      0.00%
5154  WP_005693883.1   97.66%    failed      0.00%
5155  WP_005693884.1   96.27%    failed      0.00%
5156  WP_005693885.1   98.24%    passed     11.38%
5157  WP_005693886.1   97.20%    failed      0.00%
5158  WP_005693887.1   98.18%    failed      0.00%
5159  WP_005693888.1   97.35%    failed      0.00%
5160  WP_005693890.1   97.58%    failed      0.00%
5161  WP_005693893.1   97.50%    failed      0.01%
5162  WP_005693898.1   98.33%    failed      0.00%
5163  WP_005693900.1   99.29%    failed      0.10%
5164  WP_005693901.1   94.35%    failed      0.00%
5165  WP_005693902.1   94.44%    failed      0.00%
5166  WP_005693904.1   96.94%    failed      0.00%
5167  WP_005693910.1   99.48%    passed     13.92%
5168  WP_005693912.1   98.57%    failed      0.00%
5169  WP_005693915.1   98.43%    failed      0.00%
5170  WP_005693917.1   98.05%    failed      0.00%
5171  WP_005693918.1   96.76%    failed      0.00%
5172  WP_005693920.1   98.06%    failed      2.73%
5173  WP_005693923.1   99.33%    failed      0.05%
5174  WP_005693928.1   97.46%    failed      0.00%
5175  WP_005693930.1   97.85%    failed      0.00%
5176  WP_005693932.1   96.81%    failed      0.00%
5177  WP_005693935.1   97.98%    failed      0.00%
5178  WP_005693936.1   97.24%    failed      0.00%
5179  WP_005693938.1   98.30%    failed      0.05%
5180  WP_005693940.1   97.77%    failed      0.00%
5181  WP_005693942.1   97.56%    failed      0.00%
5182  WP_005693943.1   99.25%    passed     19.35%
5183  WP_005693944.1   98.47%    failed      0.31%
5184  WP_005693946.1   99.21%    failed      0.02%
5185  WP_005693948.1   98.39%    passed      5.26%
5186  WP_005693950.1   99.27%    failed      2.80%
5187  WP_005693951.1   99.25%    failed      2.62%
5188  WP_005693952.1   98.63%    failed      0.92%
5189  WP_005693954.1   96.50%    failed      0.00%
5190  WP_005693956.1   99.05%    failed      0.00%
5191  WP_005693957.1   97.06%    failed      0.00%
5192  WP_005693961.1   99.20%    failed      0.11%
5193  WP_005693962.1   97.28%    failed      0.00%
5194  WP_005693963.1   97.80%    failed      0.00%
5195  WP_005693964.1   98.84%    failed      4.43%
5196  WP_005693965.1   99.55%    failed      4.44%
5197  WP_005693970.1   92.34%    failed      0.00%
5198  WP_005693971.1   99.28%    passed      8.29%
5199  WP_005693973.1   97.33%    failed      0.00%
5200  WP_005693974.1   98.45%    failed      0.54%
5201  WP_005693976.1   95.84%    failed      0.00%
5202  WP_005693978.1   98.68%    failed      0.00%
5203  WP_005693980.1   97.66%    failed      0.00%
5204  WP_005693981.1   97.58%    failed      0.00%
5205  WP_005693982.1   87.88%    failed      0.00%
5206  WP_005693983.1   98.05%    failed      0.00%
5207  WP_005693987.1   97.49%    failed      0.01%
5208  WP_005693989.1   99.12%    passed     20.12%
5209  WP_005693992.1   92.57%    failed      0.00%
5210  WP_005693993.1   94.84%    failed      0.00%
5211  WP_005693994.1   98.44%    failed      0.00%
5212  WP_005693995.1   93.03%    failed      0.00%
5213  WP_005693997.1   96.19%    failed      0.00%
5214  WP_005693998.1   95.89%    failed      0.00%
5215  WP_005693999.1   93.41%    failed      0.00%
5216  WP_005694002.1   94.71%    failed      0.00%
5217  WP_005694003.1   94.14%    failed      0.00%
5218  WP_005694009.1   97.42%    failed      0.18%
5219  WP_005694011.1   96.69%    failed      0.00%
5220  WP_005694014.1   97.70%    failed      0.00%
5221  WP_005694021.1   96.64%    failed      0.00%
5222  WP_005694022.1   96.76%    failed      0.00%
5223  WP_005694025.1   98.02%    failed      0.02%
5224  WP_005694029.1   98.71%    passed     14.38%
5225  WP_005694030.1   95.58%    failed      0.00%
5226  WP_005694031.1   97.69%    failed      0.00%
5227  WP_005694032.1   97.51%    failed      0.15%
5228  WP_005694033.1   97.74%    failed      0.00%
5229  WP_005694036.1   97.26%    failed      0.00%
5230  WP_005694037.1   95.45%    failed      0.00%
5231  WP_005694039.1   92.74%    failed      0.00%
5232  WP_005694040.1   95.46%    failed      0.00%
5233  WP_005694042.1   94.20%    failed      0.00%
5234  WP_005694044.1   98.07%    failed      0.00%
5235  WP_005694045.1   98.43%    failed      0.00%
5236  WP_005694048.1   98.27%    failed      0.00%
5237  WP_005694049.1   98.76%    failed      3.00%
5238  WP_005694050.1   98.82%    failed      0.00%
5239  WP_005694052.1   98.65%    failed      0.05%
5240  WP_005694053.1   92.43%    failed      0.00%
5241  WP_005694057.1   97.09%    failed      0.00%
5242  WP_005694058.1   95.05%    failed      0.00%
5243  WP_005694060.1   96.13%    failed      0.00%
5244  WP_005694061.1   95.08%    failed      0.00%
5245  WP_005694062.1   97.48%    failed      0.00%
5246  WP_005694065.1   96.50%    failed      0.00%
5247  WP_005694067.1   96.79%    failed      0.00%
5248  WP_005694070.1   95.80%    failed      0.00%
5249  WP_005694071.1   96.08%    failed      0.00%
5250  WP_005694080.1   98.59%    passed      5.66%
5251  WP_005694081.1   96.91%    failed      0.00%
5252  WP_005694085.1   95.87%    failed      0.00%
5253  WP_005694086.1   98.07%    failed      0.00%
5254  WP_005694088.1   97.09%    failed      0.00%
5255  WP_005694093.1   97.45%    passed      6.32%
5256  WP_005694094.1   97.70%    failed      1.14%
5257  WP_005694095.1   97.13%    failed      0.00%
5258  WP_005694098.1   96.37%    failed      0.00%
5259  WP_005694099.1   97.94%    failed      0.00%
5260  WP_005694100.1   98.51%    failed      0.00%
5261  WP_005694101.1   96.97%    failed      0.00%
5262  WP_005694102.1   97.79%    failed      2.70%
5263  WP_005694104.1   97.56%    failed      0.00%
5264  WP_005694105.1   97.72%    failed      0.00%
5265  WP_005694108.1   98.03%    failed      0.01%
5266  WP_005694109.1   98.72%    failed      3.75%
5267  WP_005694110.1   97.90%    failed      0.00%
5268  WP_005694111.1   97.40%    failed      0.00%
5269  WP_005694112.1   98.04%    failed      0.41%
5270  WP_005694115.1   96.41%    failed      0.00%
5271  WP_005694116.1   98.40%    failed      0.00%
5272  WP_005694117.1   96.34%    failed      0.00%
5273  WP_005694122.1   98.09%    failed      0.00%
5274  WP_005694124.1   97.90%    failed      0.00%
5275  WP_005694125.1   95.87%    failed      0.00%
5276  WP_005694127.1   97.12%    failed      0.00%
5277  WP_005694128.1   96.90%    failed      0.00%
5278  WP_005694129.1   97.82%    failed      0.22%
5279  WP_005694133.1   97.25%    failed      0.00%
5280  WP_005694135.1   94.95%    failed      0.00%
5281  WP_005694141.1   98.11%    failed      0.00%
5282  WP_005694142.1   95.41%    failed      0.00%
5283  WP_005694143.1   99.20%    failed      0.89%
5284  WP_005694144.1   99.13%    failed      0.39%
5285  WP_005694147.1   97.58%    failed      0.00%
5286  WP_005694148.1   98.34%    failed      0.84%
5287  WP_005694149.1   98.56%    failed      1.34%
5288  WP_005694154.1   96.03%    failed      0.00%
5289  WP_005694158.1   98.20%    failed      0.01%
5290  WP_005694166.1   98.73%    failed      0.26%
5291  WP_005694168.1   98.07%    failed      0.01%
5292  WP_005694169.1   99.41%    failed      0.10%
5293  WP_005694170.1   98.07%    failed      0.00%
5294  WP_005694171.1   98.23%    failed      0.00%
5295  WP_005694173.1   98.99%    passed     16.79%
5296  WP_005694177.1   97.13%    failed      0.00%
5297  WP_005694178.1   98.34%    failed      0.02%
5298  WP_005694179.1   96.33%    failed      0.00%
5299  WP_005694180.1   97.18%    failed      0.00%
5300  WP_005694182.1   97.96%    failed      0.00%
5301  WP_005694183.1   97.95%    failed      0.00%
5302  WP_005694185.1   97.64%    failed      0.00%
5303  WP_005694186.1   97.94%    failed      0.00%
5304  WP_005694187.1   97.17%    failed      0.00%
5305  WP_005694190.1   96.78%    failed      0.00%
5306  WP_005694191.1   98.02%    failed      0.00%
5307  WP_005694192.1   93.93%    failed      0.00%
5308  WP_005694193.1   97.13%    failed      0.00%
5309  WP_005694194.1   96.06%    failed      0.00%
5310  WP_005694195.1   94.58%    failed      0.00%
5311  WP_005694197.1   96.38%    failed      0.00%
5312  WP_005694198.1   97.22%    failed      0.00%
5313  WP_005694199.1   98.54%    failed      0.01%
5314  WP_005694200.1   97.15%    failed      0.00%
5315  WP_005694204.1   93.07%    failed      0.00%
5316  WP_005694208.1   97.85%    failed      0.00%
5317  WP_005694212.1   93.73%    failed      0.00%
5318  WP_005694213.1   96.44%    failed      0.00%
5319  WP_005694214.1   96.81%    failed      0.00%
5320  WP_005694216.1   97.52%    failed      0.00%
5321  WP_005694217.1   98.29%    failed      0.01%
5322  WP_005694220.1   94.71%    failed      0.00%
5323  WP_005694221.1   95.77%    failed      0.00%
5324  WP_005694223.1   97.52%    failed      0.00%
5325  WP_005694229.1   92.67%    failed      0.00%
5326  WP_005694230.1   98.16%    failed      0.00%
5327  WP_005694231.1   98.11%    failed      0.00%
5328  WP_005694232.1   95.38%    failed      0.00%
5329  WP_005694235.1   97.50%    failed      0.00%
5330  WP_005694236.1   97.62%    failed      0.00%
5331  WP_005694238.1   95.95%    failed      0.00%
5332  WP_005694239.1   98.69%    failed      0.00%
5333  WP_005694240.1   98.82%    failed      0.01%
5334  WP_005694241.1   96.78%    failed      0.00%
5335  WP_005694242.1   94.29%    failed      0.00%
5336  WP_005694243.1   97.48%    failed      0.00%
5337  WP_005694244.1   97.13%    failed      0.00%
5338  WP_005694247.1   97.65%    failed      0.00%
5339  WP_005694249.1   96.88%    failed      0.00%
5340  WP_005694252.1   97.25%    failed      0.00%
5341  WP_005694258.1   97.35%    failed      0.00%
5342  WP_005694260.1   98.44%    failed      0.19%
5343  WP_005694261.1   98.05%    failed      0.00%
5344  WP_005694262.1   98.08%    failed      0.00%
5345  WP_005694263.1   98.23%    failed      0.00%
5346  WP_005694264.1   98.18%    failed      0.00%
5347  WP_005694270.1   98.45%    failed      2.72%
5348  WP_005694271.1   97.37%    failed      0.00%
5349  WP_005694272.1   98.49%    failed      0.00%
5350  WP_005694273.1   97.09%    failed      0.00%
5351  WP_005694274.1   97.06%    failed      0.00%
5352  WP_005694279.1   91.76%    failed      0.00%
5353  WP_005694284.1   99.25%    passed      5.18%
5354  WP_005694286.1   96.82%    failed      0.00%
5355  WP_005694288.1   98.15%    failed      0.00%
5356  WP_005694289.1   96.68%    failed      0.00%
5357  WP_005694291.1   94.48%    failed      0.00%
5358  WP_005694293.1   92.89%    failed      0.00%
5359  WP_005694297.1   94.90%    failed      0.00%
5360  WP_005694299.1   96.65%    failed      0.00%
5361  WP_005694300.1   98.23%    failed      0.00%
5362  WP_005694301.1   97.86%    failed      0.00%
5363  WP_005694302.1   96.81%    failed      0.00%
5364  WP_005694303.1   98.14%    failed      0.15%
5365  WP_005694305.1   98.35%    failed      0.35%
5366  WP_005694306.1   93.93%    failed      0.00%
5367  WP_005694308.1   94.55%    failed      0.00%
5368  WP_005694309.1   97.42%    failed      0.00%
5369  WP_005694310.1   98.35%    failed      0.05%
5370  WP_005694311.1   99.19%    failed      0.03%
5371  WP_005694314.1   90.80%    failed      0.00%
5372  WP_005694316.1   96.26%    failed      0.00%
5373  WP_005694317.1   97.62%    failed      0.00%
5374  WP_005694320.1   97.13%    failed      0.00%
5375  WP_005694321.1   92.94%    failed      0.00%
5376  WP_005694325.1   97.29%    failed      0.00%
5377  WP_005694327.1   97.70%    failed      0.00%
5378  WP_005694328.1   97.76%    failed      0.00%
5379  WP_005694331.1   99.25%    failed      0.77%
5380  WP_005694334.1   99.08%    failed      2.27%
5381  WP_005694335.1   98.03%    failed      2.78%
5382  WP_005694336.1   94.14%    failed      0.00%
5383  WP_005694337.1   97.21%    failed      0.00%
5384  WP_005694338.1   99.05%    failed      0.07%
5385  WP_005694339.1   94.04%    failed      0.00%
5386  WP_005694340.1   96.48%    failed      0.00%
5387  WP_005694341.1   98.92%    failed      1.26%
5388  WP_005694343.1   96.54%    failed      0.00%
5389  WP_005694344.1   96.39%    failed      0.00%
5390  WP_005694345.1   98.16%    failed      0.58%
5391  WP_005694346.1   98.07%    failed      0.61%
5392  WP_005694347.1   95.28%    failed      0.00%
5393  WP_005694349.1   98.73%    passed     11.70%
5394  WP_005694350.1   98.47%    failed      0.01%
5395  WP_005694351.1   98.36%    failed      0.00%
5396  WP_005694352.1   97.31%    failed      0.00%
5397  WP_005694353.1   99.24%    failed      0.00%
5398  WP_005694355.1   97.62%    failed      0.00%
5399  WP_005694357.1   96.89%    failed      0.00%
5400  WP_005694358.1   97.82%    failed      0.00%
5401  WP_005694359.1   97.58%    failed      0.00%
5402  WP_005694360.1   98.51%    passed     18.47%
5403  WP_005694361.1   98.03%    failed      0.00%
5404  WP_005694362.1   95.81%    failed      0.00%
5405  WP_005694364.1   97.60%    failed      0.00%
5406  WP_005694366.1   98.52%    passed      9.00%
5407  WP_005694367.1   98.80%    failed      0.00%
5408  WP_005694368.1   96.28%    failed      0.00%
5409  WP_005694369.1   96.74%    failed      0.00%
5410  WP_005694370.1   98.15%    failed      0.00%
5411  WP_005694374.1   95.47%    failed      0.00%
5412  WP_005694377.1   99.26%    failed      0.17%
5413  WP_005694380.1   97.73%    failed      0.00%
5414  WP_005694381.1   95.38%    failed      0.00%
5415  WP_005694382.1   99.04%    passed      6.93%
5416  WP_005694384.1   98.44%    failed      0.00%
5417  WP_005694386.1   93.93%    failed      0.00%
5418  WP_005694387.1   96.72%    failed      0.00%
5419  WP_005694389.1   98.30%    failed      0.00%
5420  WP_005694391.1   97.99%    failed      0.00%
5421  WP_005694392.1   96.07%    failed      0.00%
5422  WP_005694394.1   92.93%    failed      0.00%
5423  WP_005694395.1   98.80%    failed      4.33%
5424  WP_005694398.1   97.29%    failed      0.63%
5425  WP_005694400.1   98.21%    failed      0.49%
5426  WP_005694402.1   97.17%    failed      0.00%
5427  WP_005694403.1   98.46%    failed      0.00%
5428  WP_005694411.1   97.29%    failed      0.00%
5429  WP_005694412.1   96.36%    failed      0.00%
5430  WP_005694414.1   96.82%    failed      0.05%
5431  WP_005694415.1   98.51%    failed      0.00%
5432  WP_005694416.1   96.48%    failed      0.00%
5433  WP_005694419.1   97.22%    failed      0.00%
5434  WP_005694421.1   96.86%    failed      0.00%
5435  WP_005694422.1   96.82%    failed      0.00%
5436  WP_005694423.1   95.95%    failed      0.00%
5437  WP_005694426.1   97.12%    failed      0.00%
5438  WP_005694427.1   96.94%    failed      0.00%
5439  WP_005694428.1   97.65%    failed      0.00%
5440  WP_005694432.1   95.05%    failed      0.00%
5441  WP_005694435.1   98.11%    failed      0.22%
5442  WP_005694436.1   98.06%    failed      0.00%
5443  WP_005694437.1   97.50%    failed      0.00%
5444  WP_005694443.1   98.32%    failed      0.00%
5445  WP_005694444.1   98.73%    failed      0.00%
5446  WP_005694445.1   96.15%    failed      0.00%
5447  WP_005694450.1   94.86%    failed      0.00%
5448  WP_005694451.1   90.28%    failed      0.00%
5449  WP_005694454.1   97.37%    failed      0.48%
5450  WP_005694455.1   99.16%    failed      0.01%
5451  WP_005694456.1   93.62%    failed      0.00%
5452  WP_005694457.1   97.36%    failed      0.00%
5453  WP_005694461.1   97.83%    failed      0.00%
5454  WP_005694464.1   98.69%    failed      0.00%
5455  WP_005694465.1   97.37%    failed      0.00%
5456  WP_005694466.1   98.74%    failed      0.00%
5457  WP_005694468.1   94.81%    failed      0.00%
5458  WP_005694470.1   98.15%    failed      0.00%
5459  WP_005694471.1   98.88%    failed      0.00%
5460  WP_005694476.1   98.99%    failed      0.19%
5461  WP_005694477.1   97.90%    failed      0.38%
5462  WP_005694481.1   99.04%    failed      0.02%
5463  WP_005694483.1   94.88%    failed      0.00%
5464  WP_005694485.1   98.57%    failed      0.00%
5465  WP_005694486.1   98.53%    failed      0.90%
5466  WP_005694487.1   97.82%    failed      0.00%
5467  WP_005694489.1   98.51%    passed     19.56%
5468  WP_005694490.1   97.96%    failed      0.18%
5469  WP_005694491.1   96.57%    failed      0.00%
5470  WP_005694492.1   98.75%    failed      0.01%
5471  WP_005694496.1   98.46%    failed      0.06%
5472  WP_005694497.1   97.02%    failed      0.00%
5473  WP_005694498.1   97.49%    failed      0.00%
5474  WP_005694502.1   96.34%    failed      0.00%
5475  WP_005694504.1   98.35%    failed      0.00%
5476  WP_005694505.1   97.32%    failed      0.00%
5477  WP_005694510.1   98.97%    failed      0.02%
5478  WP_005694515.1   97.85%    failed      0.50%
5479  WP_005694517.1   98.09%    failed      0.01%
5480  WP_005694518.1   97.70%    failed      0.02%
5481  WP_005694519.1   94.53%    failed      0.00%
5482  WP_005694521.1   98.23%    passed      5.19%
5483  WP_005694526.1   91.53%    failed      0.00%
5484  WP_005694527.1   96.32%    failed      0.00%
5485  WP_005694530.1   98.97%    failed      0.06%
5486  WP_005694533.1   97.76%    failed      0.10%
5487  WP_005694537.1   96.56%    failed      0.00%
5488  WP_005694539.1   93.23%    failed      0.00%
5489  WP_005694541.1   97.31%    failed      0.00%
5490  WP_005694542.1   97.86%    failed      0.00%
5491  WP_005694543.1   97.82%    failed      0.00%
5492  WP_005694544.1   96.56%    failed      0.00%
5493  WP_005694545.1   98.27%    failed      0.05%
5494  WP_005694547.1   96.23%    failed      0.00%
5495  WP_005694548.1   97.81%    failed      0.00%
5496  WP_005694551.1   98.52%    failed      0.00%
5497  WP_005694554.1   94.95%    failed      0.00%
5498  WP_005694555.1   94.73%    failed      0.00%
5499  WP_005694556.1   96.60%    failed      0.00%
5500  WP_005694560.1   96.70%    failed      0.00%
5501  WP_005694562.1   96.51%    failed      0.00%
5502  WP_005694565.1   99.49%    failed      0.69%
5503  WP_005694568.1   95.91%    failed      0.00%
5504  WP_005694569.1   97.51%    failed      0.00%
5505  WP_005694570.1   97.82%    failed      0.01%
5506  WP_005694572.1   98.78%    failed      0.01%
5507  WP_005694580.1   97.41%    failed      0.00%
5508  WP_005694581.1   89.58%    failed      0.00%
5509  WP_005694583.1   98.47%    failed      0.00%
5510  WP_005694586.1   97.28%    failed      0.00%
5511  WP_005694588.1   98.00%    failed      0.01%
5512  WP_005694589.1   98.46%    failed      0.00%
5513  WP_005694590.1   96.75%    failed      0.00%
5514  WP_005694593.1   96.30%    failed      0.00%
5515  WP_005694594.1   95.03%    failed      0.00%
5516  WP_005694595.1   99.18%    passed     19.20%
5517  WP_005694602.1   96.11%    failed      0.00%
5518  WP_005694604.1   99.16%    passed     94.25%
5519  WP_005694606.1   97.66%    failed      0.00%
5520  WP_005694608.1   96.58%    failed      0.00%
5521  WP_005694609.1   96.53%    failed      0.00%
5522  WP_005694610.1   95.48%    failed      0.00%
5523  WP_005694611.1   97.56%    failed      0.00%
5524  WP_005694613.1   97.08%    failed      0.00%
5525  WP_005694618.1   98.84%    failed      0.13%
5526  WP_005694621.1   98.83%    failed      0.40%
5527  WP_005694623.1   97.33%    failed      0.00%
5528  WP_005694624.1   97.25%    failed      0.00%
5529  WP_005694625.1   95.34%    failed      0.00%
5530  WP_005694630.1   96.09%    failed      0.00%
5531  WP_005694634.1   97.99%    failed      0.04%
5532  WP_005694635.1   98.45%    failed      0.55%
5533  WP_005694639.1   98.64%    failed      0.00%
5534  WP_005694641.1   97.45%    failed      0.00%
5535  WP_005694643.1   96.38%    failed      0.00%
5536  WP_005694644.1   96.32%    failed      0.00%
5537  WP_005694645.1   99.32%    failed      2.91%
5538  WP_005694646.1   97.47%    failed      0.00%
5539  WP_005694653.1   97.79%    failed      0.02%
5540  WP_005694655.1   96.43%    failed      0.00%
5541  WP_005694658.1   99.00%    failed      1.97%
5542  WP_005694659.1   97.37%    failed      2.10%
5543  WP_010868917.1   98.83%    failed      0.62%
5544  WP_010868920.1   98.30%    passed      5.87%
5545  WP_010868921.1   97.16%    failed      0.00%
5546  WP_010868922.1   98.53%    failed      0.00%
5547  WP_010868923.1   99.13%    failed      0.02%
5548  WP_010868924.1   96.64%    failed      0.00%
5549  WP_010868926.1   97.25%    failed      0.00%
5550  WP_010868927.1   96.84%    failed      0.09%
5551  WP_010868928.1   95.29%    failed      0.00%
5552  WP_010868929.1   96.37%    failed      0.00%
5553  WP_010868937.1   94.04%    failed      0.00%
5554  WP_010868939.1   97.37%    failed      0.00%
5555  WP_010868940.1   94.93%    failed      0.00%
5556  WP_010868941.1   98.44%    failed      0.04%
5557  WP_010868942.1   97.96%    failed      0.01%
5558  WP_010868943.1   98.76%    failed      2.59%
5559  WP_010868944.1   97.69%    failed      0.00%
5560  WP_010868945.1   98.17%    failed      0.00%
5561  WP_010868949.1   98.60%    failed      0.00%
5562  WP_010868950.1   98.41%    failed      0.00%
5563  WP_010868951.1   99.31%    failed      0.28%
5564  WP_010868952.1   99.29%    failed      0.09%
5565  WP_010868953.1   98.83%    failed      0.25%
5566  WP_010868956.1   95.16%    failed      0.00%
5567  WP_010868957.1   97.71%    failed      0.00%
5568  WP_010868958.1   94.55%    failed      0.00%
5569  WP_010868960.1   98.43%    failed      1.15%
5570  WP_010868963.1   98.77%    failed      2.52%
5571  WP_010868964.1   94.32%    failed      0.00%
5572  WP_010868966.1   97.83%    failed      0.00%
5573  WP_010868967.1   97.61%    failed      0.00%
5574  WP_010868968.1   97.35%    failed      0.00%
5575  WP_010868969.1   97.21%    failed      0.00%
5576  WP_010868970.1   97.98%    failed      0.00%
5577  WP_010868971.1   95.44%    failed      0.00%
5578  WP_010868972.1   94.21%    failed      0.00%
5579  WP_010868975.1   98.92%    passed      9.47%
5580  WP_010868977.1   98.39%    passed     43.90%
5581  WP_010868979.1   96.76%    failed      0.00%
5582  WP_010868980.1   98.07%    failed      0.00%
5583  WP_010868983.1   98.31%    failed      0.00%
5584  WP_010868984.1   92.49%    failed      0.00%
5585  WP_010868985.1   95.87%    failed      0.00%
5586  WP_010868986.1   95.10%    failed      0.00%
5587  WP_010868987.1   96.53%    failed      0.00%
5588  WP_010868988.1   97.92%    failed      0.07%
5589  WP_010868989.1   97.37%    failed      0.00%
5590  WP_010868991.1   96.44%    failed      0.00%
5591  WP_010868993.1   97.57%    failed      0.00%
5592  WP_010868995.1   95.84%    failed      0.00%
5593  WP_010868996.1   97.22%    failed      0.00%
5594  WP_010868997.1   96.74%    failed      0.00%
5595  WP_010868999.1   95.24%    failed      0.00%
5596  WP_010869001.1   97.90%    failed      0.00%
5597  WP_010869002.1   95.60%    failed      0.00%
5598  WP_010869007.1   98.20%    failed      0.00%
5599  WP_010869008.1   93.53%    failed      0.00%
5600  WP_010869009.1   93.88%    failed      0.00%
5601  WP_010869010.1   99.04%    failed      0.01%
5602  WP_010869011.1   94.38%    failed      0.00%
5603  WP_010869014.1   98.25%    failed      3.88%
5604  WP_010869015.1   94.22%    failed      0.00%
5605  WP_010869016.1   98.72%    failed      0.00%
5606  WP_010869017.1   98.26%    failed      0.00%
5607  WP_010869019.1   96.30%    failed      0.00%
5608  WP_010869020.1   95.27%    failed      0.00%
5609  WP_010869021.1   97.25%    failed      0.00%
5610  WP_010869022.1   91.55%    failed      0.00%
5611  WP_010869023.1   99.23%    passed      7.30%
5612  WP_010869024.1   96.34%    failed      0.00%
5613  WP_010869025.1   98.69%    failed      0.00%
5614  WP_010869026.1   93.38%    failed      0.00%
5615  WP_010869027.1   97.06%    failed      0.00%
5616  WP_010869028.1   94.62%    failed      0.00%
5617  WP_010869030.1   99.18%    failed      0.08%
5618  WP_010869031.1   97.62%    failed      0.00%
5619  WP_010869032.1   99.17%    failed      0.00%
5620  WP_010869033.1   97.80%    failed      0.00%
5621  WP_010869035.1   95.36%    failed      0.00%
5622  WP_010869036.1   98.77%    failed      0.00%
5623  WP_010869037.1   93.09%    failed      0.00%
5624  WP_010869038.1   91.30%    failed      0.00%
5625  WP_010869039.1   96.53%    failed      0.00%
5626  WP_010869041.1   98.51%    failed      0.00%
5627  WP_010869042.1   99.37%    passed     62.06%
5628  WP_010869043.1   93.72%    failed      0.00%
5629  WP_010869046.1   95.88%    failed      0.00%
5630  WP_010869047.1   95.58%    failed      0.00%
5631  WP_010869048.1   98.34%    failed      0.00%
5632  WP_010869050.1   97.75%    failed      0.00%
5633  WP_010869051.1   97.77%    failed      0.00%
5634  WP_010869053.1   98.39%    failed      0.00%
5635  WP_010869054.1   99.17%    failed      0.00%
5636  WP_010869057.1   98.96%    failed      0.01%
5637  WP_010869058.1   97.37%    failed      0.00%
5638  WP_010869059.1   95.68%    failed      0.00%
5639  WP_010869060.1   92.98%    failed      0.00%
5640  WP_010869061.1   96.92%    failed      0.00%
5641  WP_010869062.1   97.34%    failed      0.00%
5642  WP_010869063.1   95.24%    failed      0.00%
5643  WP_010869064.1   95.19%    failed      0.00%
5644  WP_010869065.1   97.41%    failed      0.00%
5645  WP_010869067.1   97.29%    failed      0.00%
5646  WP_010869070.1   96.28%    failed      0.00%
5647  WP_010869072.1   93.13%    failed      0.00%
5648  WP_010869073.1   93.74%    failed      0.00%
5649  WP_010869074.1   98.31%    passed      7.52%
5650  WP_010869077.1   96.22%    failed      0.00%
5651  WP_010869079.1   96.80%    failed      0.00%
5652  WP_010869080.1   99.32%    failed      0.01%
5653  WP_010869081.1   99.18%    failed      0.00%
5654  WP_010869082.1   98.35%    failed      0.00%
5655  WP_010869085.1   98.91%    failed      0.00%
5656  WP_010869086.1   95.04%    failed      0.00%
5657  WP_010869087.1   96.85%    failed      0.11%
5658  WP_010869088.1   98.35%    failed      0.00%
5659  WP_010869089.1   98.88%    passed     64.20%
5660  WP_010869090.1   96.51%    failed      0.00%
5661  WP_010869091.1   98.18%    failed      0.00%
5662  WP_010869093.1   97.27%    failed      0.00%
5663  WP_010869094.1   98.23%    failed      0.00%
5664  WP_010869097.1   98.80%    passed      5.08%
5665  WP_010869098.1   98.97%    failed      0.01%
5666  WP_010869099.1   98.64%    failed      0.00%
5667  WP_010869100.1   97.62%    failed      0.00%
5668  WP_010869101.1   97.35%    failed      0.00%
5669  WP_010869102.1   97.93%    failed      0.02%
5670  WP_010869105.1   97.48%    failed      0.00%
5671  WP_010869106.1   99.12%    failed      0.01%
5672  WP_010869107.1   94.66%    failed      0.00%
5673  WP_010869108.1   96.11%    failed      0.00%
5674  WP_010869109.1   97.48%    failed      0.00%
5675  WP_010869110.1   98.55%    failed      0.00%
5676  WP_010869112.1   97.32%    failed      0.00%
5677  WP_010869113.1   97.56%    failed      0.00%
5678  WP_010869114.1   98.67%    failed      0.15%
5679  WP_010869115.1   97.04%    failed      0.00%
5680  WP_010869116.1   99.22%    failed      0.00%
5681  WP_010869120.1   98.44%    failed      0.00%
5682  WP_010869121.1   96.87%    failed      0.00%
5683  WP_010869124.1   98.27%    failed      0.00%
5684  WP_010869126.1   96.97%    failed      0.00%
5685  WP_010869127.1   95.82%    failed      0.00%
5686  WP_010869128.1   97.95%    failed      0.00%
5687  WP_010869130.1   96.89%    failed      0.00%
5688  WP_010869131.1   96.24%    failed      0.00%
5689  WP_010869132.1   97.00%    failed      0.00%
5690  WP_010869133.1   95.91%    failed      0.00%
5691  WP_010869134.1   95.69%    failed      0.00%
5692  WP_010869135.1   96.33%    failed      0.00%
5693  WP_010869136.1   97.11%    failed      0.00%
5694  WP_010869137.1   96.84%    failed      0.00%
5695  WP_010869138.1   97.71%    failed      0.00%
5696  WP_010869139.1   98.36%    failed      0.00%
5697  WP_010869142.1   97.17%    failed      0.00%
5698  WP_010869143.1   99.14%    passed     17.21%
5699  WP_010869144.1   96.92%    failed      0.00%
5700  WP_010869145.1   98.75%    failed      1.19%
5701  WP_010869150.1   97.62%    failed      0.00%
5702  WP_010869151.1   97.09%    failed      0.17%
5703  WP_010869153.1   95.97%    failed      0.00%
5704  WP_010869156.1   98.14%    failed      0.00%
5705  WP_010869157.1   95.60%    failed      0.00%
5706  WP_010869158.1   96.16%    failed      0.00%
5707  WP_010869159.1   95.45%    failed      0.00%
5708  WP_010869160.1   98.79%    passed     10.10%
5709  WP_010869167.1   98.19%    failed      0.00%
5710  WP_010869168.1   95.30%    failed      0.00%
5711  WP_010869171.1   97.03%    failed      0.00%
5712  WP_010869172.1   93.35%    failed      0.00%
5713  WP_010869173.1   95.38%    failed      0.00%
5714  WP_010869174.1   97.50%    failed      0.00%
5715  WP_010869175.1   96.81%    failed      0.00%
5716  WP_010869177.1   96.25%    failed      0.00%
5717  WP_010869179.1   98.71%    passed     32.07%
5718  WP_010869182.1   98.56%    failed      0.00%
5719  WP_010869183.1   94.90%    failed      0.00%
5720  WP_010869184.1   96.46%    failed      0.00%
5721  WP_010869186.1   98.02%    failed      0.00%
5722  WP_010869187.1   97.66%    failed      0.00%
5723  WP_010869188.1   95.95%    failed      0.00%
5724  WP_010869189.1   96.06%    failed      0.00%
5725  WP_010869192.1   96.18%    failed      0.00%
5726  WP_010869193.1   97.69%    failed      0.00%
5727  WP_010869195.1   96.44%    failed      0.00%
5728  WP_010869196.1   96.21%    failed      0.00%
5729  WP_010869197.1   96.60%    failed      0.00%
5730  WP_010869199.1   98.81%    passed      7.08%
5731  WP_010869200.1   97.53%    failed      0.01%
5732  WP_010869201.1   97.60%    failed      0.00%
5733  WP_010869202.1   99.01%    failed      1.90%
5734  WP_010869203.1   98.94%    failed      0.74%
5735  WP_010869204.1   96.28%    failed      0.00%
5736  WP_010869205.1   98.54%    failed      0.08%
5737  WP_010869207.1   98.61%    failed      0.03%
5738  WP_010869209.1   97.52%    failed      0.00%
5739  WP_010869210.1   98.73%    failed      0.00%
5740  WP_010869211.1   99.59%    passed      9.16%
5741  WP_010869213.1   99.16%    failed      0.00%
5742  WP_010869214.1   97.63%    failed      0.00%
5743  WP_010869215.1   98.96%    failed      0.00%
5744  WP_010869216.1   97.17%    failed      0.00%
5745  WP_010869218.1   98.55%    failed      0.00%
5746  WP_010869219.1   96.36%    failed      0.00%
5747  WP_010869221.1   94.49%    failed      0.00%
5748  WP_010869222.1   97.70%    failed      0.00%
5749  WP_010869223.1   99.16%    passed     20.10%
5750  WP_010869224.1   98.52%    failed      0.00%
5751  WP_010869227.1   99.18%    failed      2.76%
5752  WP_010869228.1   98.48%    failed      0.00%
5753  WP_010869229.1   95.83%    failed      0.00%
5754  WP_010869230.1   96.68%    failed      0.00%
5755  WP_010869233.1   94.93%    failed      0.00%
5756  WP_010869234.1   96.35%    failed      0.00%
5757  WP_010869240.1   96.68%    failed      0.00%
5758  WP_010869241.1   98.88%    failed      2.13%
5759  WP_010869243.1   96.66%    failed      0.00%
5760  WP_010869247.1   96.16%    failed      0.00%
5761  WP_010869249.1   95.59%    failed      0.00%
5762  WP_010869250.1   98.76%    failed      0.00%
5763  WP_010869253.1   96.42%    failed      0.00%
5764  WP_010869255.1   96.63%    failed      0.00%
5765  WP_010869256.1   98.37%    failed      0.00%
5766  WP_010869257.1   97.49%    failed      0.00%
5767  WP_010869258.1   96.79%    failed      0.00%
5768  WP_010869259.1   98.09%    failed      2.07%
5769  WP_010869260.1   98.35%    failed      0.00%
5770  WP_010869261.1   98.68%    passed      8.08%
5771  WP_010869263.1   96.53%    failed      0.00%
5772  WP_010869264.1   97.30%    failed      0.00%
5773  WP_010869267.1   92.49%    failed      0.00%
5774  WP_010869271.1   93.43%    failed      0.00%
5775  WP_010869274.1   97.57%    failed      0.00%
5776  WP_010869275.1   97.01%    failed      0.00%
5777  WP_010869278.1   98.67%    failed      0.00%
5778  WP_010869281.1   99.06%    passed      5.06%
5779  WP_010869282.1   98.03%    failed      0.00%
5780  WP_010869284.1   98.04%    failed      0.00%
5781  WP_010869285.1   97.84%    failed      0.03%
5782  WP_011962024.1   97.01%    failed      0.00%
5783  WP_011962151.1   98.32%    failed      0.00%
5784  WP_012054840.1   97.37%    failed      0.00%
5785  WP_012055087.1   98.31%    failed      0.01%
5786  WP_012055221.1   96.73%    failed      0.00%
5787  WP_013527849.1   98.92%    failed      0.50%
5788  WP_015702000.1   97.98%    failed      0.00%
5789  WP_020910106.1   97.07%    failed      0.00%
5790  WP_021018385.1   99.02%    failed      0.00%
5791  WP_032803489.1   97.11%    failed      0.00%
5792  WP_032828325.1   89.59%    failed      0.00%
5793  WP_032828327.1   96.79%    failed      0.00%
5794  WP_032828329.1   98.63%    failed      2.23%
5795  WP_032828331.1   98.88%    failed      0.19%
5796  WP_032828332.1   96.67%    failed      0.00%
5797  WP_032828333.1   91.76%    failed      0.00%
5798  WP_032828334.1   99.24%    failed      0.15%
5799  WP_032828335.1   97.53%    failed      0.00%
5800  WP_032828336.1   97.36%    failed      0.00%
5801  WP_032828337.1   98.50%    failed      0.00%
5802  WP_032828343.1   96.04%    failed      0.00%
5803  WP_032828348.1   99.34%    failed      3.20%
5804  WP_032828356.1   97.74%    failed      0.01%
5805  WP_032828363.1   96.24%    failed      0.00%
5806  WP_032828365.1   95.94%    failed      0.00%
5807  WP_032828366.1   97.21%    failed      0.00%
5808  WP_032828367.1   98.35%    failed      0.08%
5809  WP_032828368.1   99.13%    failed      0.31%
5810  WP_032828369.1   98.88%    failed      1.03%
5811  WP_032828375.1   97.48%    failed      0.00%
5812  WP_032828376.1   97.17%    failed      0.00%
5813  WP_032828379.1   97.50%    failed      0.00%
5814  WP_032828380.1   98.17%    failed      0.52%
5815  WP_032828382.1   98.14%    failed      0.07%
5816  WP_032828384.1   96.52%    failed      0.00%
5817  WP_032828385.1   97.89%    failed      0.00%
5818  WP_032828386.1   96.20%    failed      0.00%
5819  WP_032828387.1   98.56%    failed      1.08%
5820  WP_032828392.1   98.31%    failed      0.04%
5821  WP_032828395.1   96.63%    failed      0.00%
5822  WP_032828396.1   94.97%    failed      0.00%
5823  WP_032828401.1   97.74%    failed      0.00%
5824  WP_032828405.1   95.19%    failed      0.00%
5825  WP_032828409.1   94.41%    failed      0.00%
5826  WP_032828410.1   96.18%    failed      0.00%
5827  WP_032828415.1   96.60%    failed      0.00%
5828  WP_032828419.1   97.58%    failed      0.00%
5829  WP_032828421.1   96.15%    failed      0.00%
5830  WP_032828422.1   97.68%    passed     13.85%
5831  WP_032828424.1   96.21%    failed      0.00%
5832  WP_032828439.1   94.85%    failed      0.00%
5833  WP_032828440.1   96.52%    failed      0.00%
5834  WP_032828442.1   96.93%    failed      0.00%
5835  WP_032828450.1   94.44%    failed      0.00%
5836  WP_032828451.1   97.50%    failed      0.00%
5837  WP_032828455.1   96.99%    failed      0.00%
5838  WP_032828456.1   97.94%    failed      0.01%
5839  WP_032828458.1   95.26%    failed      0.00%
5840  WP_032828459.1   98.03%    failed      0.03%
5841  WP_032828466.1   98.20%    failed      0.04%
5842  WP_032828468.1   97.00%    failed      0.00%
5843  WP_032828469.1   97.95%    failed      0.00%
5844  WP_032828472.1   98.89%    failed      0.00%
5845  WP_032828476.1   98.18%    failed      0.00%
5846  WP_032828482.1   98.35%    failed      0.00%
5847  WP_032828485.1   99.00%    failed      0.00%
5848  WP_050396688.1   96.93%    failed      0.00%
5849  WP_050396694.1   99.04%    passed      5.50%
5850  WP_050396695.1   97.61%    failed      0.00%
5851  WP_050396697.1   96.69%    failed      0.00%
5852  WP_075913459.1   99.64%    passed     39.34%
5853  WP_080003770.1   96.15%    failed      0.02%
5854  WP_080003771.1   99.50%    passed     59.07%
5855  WP_080003777.1   99.29%    failed      0.03%
5856  WP_080003778.1   97.23%    failed      0.00%
5857  WP_080003783.1   99.57%    failed      0.82%
5858  WP_080613215.1   98.20%    failed      0.00%
5859  WP_100066292.1   99.38%    passed     10.94%
5860  WP_100066293.1   99.37%    failed      0.01%
5861  WP_100066294.1   96.93%    failed      0.00%
5862  WP_100066296.1   96.45%    failed      0.00%
5863  WP_105163169.1   97.38%    failed      0.00%
5864  WP_105163174.1   97.33%    failed      0.00%
5865  WP_146104763.1   91.76%    failed      0.00%
5866  WP_146104764.1   98.41%    failed      0.00%
5867  WP_162837812.1   97.72%    failed      0.00%
5868  WP_164927854.1   95.94%    failed      0.00%
5869  WP_164927855.1   97.62%    failed      0.00%
5870  WP_164927856.1   99.65%    passed     93.70%
5871  WP_164927857.1   96.95%    failed      0.00%
5872  WP_164927858.1   97.94%    failed      0.17%
5873  WP_164927859.1   91.99%    failed      0.00%
5874  WP_164927860.1   95.79%    failed      0.00%
5875  WP_164927861.1   97.77%    failed      0.07%
5876  WP_164927862.1   89.53%    failed      0.00%
5877  WP_164927863.1   97.33%    failed      0.00%
5878  WP_164927865.1   98.57%    failed      0.71%
5879  WP_164927866.1   96.52%    failed      0.01%
5880  WP_164927867.1   93.59%    failed      0.00%
5881  WP_164927868.1   98.65%    failed      0.02%
5882  WP_164927869.1   99.29%    failed      0.06%
5883  WP_164927870.1   97.90%    failed      0.00%
5884  WP_164927871.1   97.86%    failed      0.01%
5885  WP_164927873.1   97.90%    failed      0.00%
5886  WP_164927874.1   97.93%    failed      0.00%
5887  WP_164927875.1   99.48%    passed     34.45%
5888  WP_164927876.1   94.17%    failed      0.00%
5889  WP_164927877.1   95.54%    failed      0.00%
5890  WP_165442159.1   98.75%    failed      0.00%
5891  WP_165442160.1   91.12%    failed      0.00%
5892  WP_165442161.1   99.64%    passed     18.14%
5893  WP_165442162.1   99.61%    failed      0.00%
5894  WP_165442163.1   95.74%    failed      0.00%
5895  WP_165442164.1   97.80%    failed      1.83%
5896  WP_165442165.1   98.49%    failed      0.38%
5897  WP_165442166.1   97.15%    failed      0.00%
WARNING: 5897 sequences contain more than 50% gaps/ambiguity
****  TOTAL            97.51%  5427 sequences failed composition chi2 test (p-value<5%; df=19)
NOTE: NP_415114.1 is identical to NP_414557.1 but kept for subsequent analysis
NOTE: NP_416407.1 is identical to NP_414562.1 but kept for subsequent analysis
NOTE: NP_416408.1 is identical to NP_414563.1 but kept for subsequent analysis
NOTE: NP_415084.2 is identical to NP_414793.2 but kept for subsequent analysis
NOTE: NP_414808.1 is identical to NP_414798.1 but kept for subsequent analysis
NOTE: NP_414809.1 is identical to NP_414799.1 but kept for subsequent analysis
NOTE: NP_414907.2 is identical to NP_414832.2 but kept for subsequent analysis
NOTE: NP_414906.1 is identical to NP_414833.1 but kept for subsequent analysis
NOTE: NP_415921.2 is identical to NP_414894.2 but kept for subsequent analysis
NOTE: NP_415920.1 is identical to NP_414895.1 but kept for subsequent analysis
NOTE: NP_418704.1 is identical to NP_415922.1 but kept for subsequent analysis
NOTE: YP_009518787.1 is identical to YP_009518779.1 but kept for subsequent analysis
NOTE: YP_025299.1 is identical to YP_025297.1 but kept for subsequent analysis
NOTE: 28 identical sequences (see below) will be ignored for subsequent analysis
NOTE: NP_416895.2 (identical to NP_414557.1) is ignored but added at the end
NOTE: NP_417902.1 (identical to NP_414562.1) is ignored but added at the end
NOTE: YP_009518739.1 (identical to NP_414562.1) is ignored but added at the end
NOTE: NP_417901.1 (identical to NP_414563.1) is ignored but added at the end
NOTE: YP_009518740.1 (identical to NP_414563.1) is ignored but added at the end
NOTE: NP_415189.2 (identical to NP_414793.2) is ignored but added at the end
NOTE: NP_415847.2 (identical to NP_414793.2) is ignored but added at the end
NOTE: NP_416535.2 (identical to NP_414793.2) is ignored but added at the end
NOTE: NP_416696.2 (identical to NP_414793.2) is ignored but added at the end
NOTE: NP_417456.2 (identical to NP_414793.2) is ignored but added at the end
NOTE: NP_417685.2 (identical to NP_414793.2) is ignored but added at the end
NOTE: NP_417962.2 (identical to NP_414793.2) is ignored but added at the end
NOTE: YP_009518770.2 (identical to NP_414793.2) is ignored but added at the end
NOTE: YP_588445.1 (identical to NP_414799.1) is ignored but added at the end
NOTE: NP_415072.2 (identical to NP_414832.2) is ignored but added at the end
NOTE: NP_415546.2 (identical to NP_414832.2) is ignored but added at the end
NOTE: NP_416592.2 (identical to NP_414832.2) is ignored but added at the end
NOTE: NP_415073.1 (identical to NP_414833.1) is ignored but added at the end
NOTE: NP_415545.1 (identical to NP_414833.1) is ignored but added at the end
NOTE: NP_416593.1 (identical to NP_414833.1) is ignored but added at the end
NOTE: NP_417338.3 (identical to NP_414894.2) is ignored but added at the end
NOTE: NP_417516.3 (identical to NP_414894.2) is ignored but added at the end
NOTE: NP_418692.2 (identical to NP_414894.2) is ignored but added at the end
NOTE: YP_026163.2 (identical to NP_414894.2) is ignored but added at the end
NOTE: NP_416500.1 (identical to NP_414895.1) is ignored but added at the end
NOTE: NP_417337.1 (identical to NP_414895.1) is ignored but added at the end
NOTE: NP_417517.1 (identical to NP_414895.1) is ignored but added at the end
NOTE: NP_418693.1 (identical to NP_414895.1) is ignored but added at the end
Alignment was printed to /home/ingridlohana/bioinformatica/resultados_pipeline/arvore_iqtree.uniqueseq.phy

For your convenience alignment with unique sequences printed to /home/ingridlohana/bioinformatica/resultados_pipeline/arvore_iqtree.uniqueseq.phy

CHECKPOINT: Initial tree restored
Generating 1000 samples for ultrafast bootstrap (seed: 407006)...

NOTE: 2046 MB RAM (1 GB) is required!
WARNING: Memory required per CPU-core (1.99864 GB) is higher than your computer RAM per CPU-core (0 GB), thus multiple runs may exceed RAM!
Estimate model parameters (epsilon = 0.100)
1. Initial log-likelihood: -7427487.106
Optimal log-likelihood: -4370637.822
Parameters optimization took 1 rounds (3008.772 sec)
Computing ML distances based on estimated model parameters... 8218.617 sec
WARNING: Some pairwise ML distances are too long (saturated)
Computing BIONJ tree...
2033.838 seconds
